@timestamp,agent.hostname,event.category,event.created,event.ingested,event.original,event.outcome,host.hostname,host.id,host.ip,host.mac,host.name,host.os.codename,host.os.family,host.os.kernel,host.os.name,host.os.platform,host.os.type,host.os.version,http.request.method,http.request.referrer,http.response.body.bytes,http.response.status_code,http.version,service.type,source.address,source.as.organization.name,source.geo.city_name,source.geo.continent_name,source.geo.country_iso_code,source.geo.country_name,source.geo.location,source.geo.region_iso_code,source.geo.region_name,traefik.access.user_agent.name,traefik.access.user_agent.original,traefik.access.user_agent.os_name,url.extension,url.original,url.path,url.query,user_agent.device.name,user_agent.version
"Oct 24, 2022 @ 23:26:57.000",dvwa_web,web,"Oct 24, 2022 @ 23:26:58.909","Oct 24, 2022 @ 23:26:59.912","127.0.0.1 - - [24/Oct/2022:23:26:57 +0800] ""GET /server-status?auto= HTTP/1.1"" 200 608 ""-"" ""Elastic-Metricbeat/8.4.3 (linux; amd64; c2f2aba479653563dbaabefe0f86f5579708ec94; 2022-09-27 15:34:12 +0000 UTC)""",success,dvwa_web,bc7bc6b9453f4089b9bfee6b38b5fc6f,"123.123.123.123, 10.10.10.10","02:42:0a:0a:0a:0a, 02:42:7b:7b:7b:7b",dvwa_web,bullseye,debian,5.15.0-52-generic,Debian GNU/Linux,debian,linux,11 (bullseye),GET,-,608,200,1.1,apache,127.0.0.1,-,-,-,-,-,-,-,-,Other,Elastic-Metricbeat/8.4.3 (linux; amd64; c2f2aba479653563dbaabefe0f86f5579708ec94; 2022-09-27 15:34:12 +0000 UTC),Linux,-,/server-status?auto=,/server-status,auto=,Other,-
"Oct 24, 2022 @ 23:26:57.000",dvwa_web,web,"Oct 24, 2022 @ 23:26:58.909","Oct 24, 2022 @ 23:26:59.912","123.123.123.2 - - [24/Oct/2022:23:26:57 +0800] ""GET /login.php HTTP/1.1"" 200 1183 ""-"" ""Mozilla/5.0 (X11; Ubuntu; Linux x86_64; rv:105.0) Gecko/20100101 Firefox/105.0""",success,dvwa_web,bc7bc6b9453f4089b9bfee6b38b5fc6f,"123.123.123.123, 10.10.10.10","02:42:0a:0a:0a:0a, 02:42:7b:7b:7b:7b",dvwa_web,bullseye,debian,5.15.0-52-generic,Debian GNU/Linux,debian,linux,11 (bullseye),GET,-,"1,183",200,1.1,apache,123.123.123.2,China Unicom Beijing Province Network,Beijing,Asia,CN,China,POINT (116.3861 39.9143),CN-BJ,Beijing,Firefox,Mozilla/5.0 (X11; Ubuntu; Linux x86_64; rv:105.0) Gecko/20100101 Firefox/105.0,Ubuntu,php,/login.php,/login.php,-,Other,105.0.
"Oct 24, 2022 @ 23:26:57.000",dvwa_web,web,"Oct 24, 2022 @ 23:26:58.909","Oct 24, 2022 @ 23:26:59.912","123.123.123.2 - - [24/Oct/2022:23:26:57 +0800] ""POST /login.php HTTP/1.1"" 302 363 ""-"" ""Mozilla/5.0 (X11; Ubuntu; Linux x86_64; rv:105.0) Gecko/20100101 Firefox/105.0""",success,dvwa_web,bc7bc6b9453f4089b9bfee6b38b5fc6f,"123.123.123.123, 10.10.10.10","02:42:0a:0a:0a:0a, 02:42:7b:7b:7b:7b",dvwa_web,bullseye,debian,5.15.0-52-generic,Debian GNU/Linux,debian,linux,11 (bullseye),POST,-,363,302,1.1,apache,123.123.123.2,China Unicom Beijing Province Network,Beijing,Asia,CN,China,POINT (116.3861 39.9143),CN-BJ,Beijing,Firefox,Mozilla/5.0 (X11; Ubuntu; Linux x86_64; rv:105.0) Gecko/20100101 Firefox/105.0,Ubuntu,php,/login.php,/login.php,-,Other,105.0.
"Oct 24, 2022 @ 23:26:57.000",dvwa_web,web,"Oct 24, 2022 @ 23:26:58.909","Oct 24, 2022 @ 23:26:59.913","123.123.123.2 - - [24/Oct/2022:23:26:57 +0800] ""GET /index.php HTTP/1.1"" 200 2908 ""-"" ""Mozilla/5.0 (X11; Ubuntu; Linux x86_64; rv:105.0) Gecko/20100101 Firefox/105.0""",success,dvwa_web,bc7bc6b9453f4089b9bfee6b38b5fc6f,"123.123.123.123, 10.10.10.10","02:42:0a:0a:0a:0a, 02:42:7b:7b:7b:7b",dvwa_web,bullseye,debian,5.15.0-52-generic,Debian GNU/Linux,debian,linux,11 (bullseye),GET,-,"2,908",200,1.1,apache,123.123.123.2,China Unicom Beijing Province Network,Beijing,Asia,CN,China,POINT (116.3861 39.9143),CN-BJ,Beijing,Firefox,Mozilla/5.0 (X11; Ubuntu; Linux x86_64; rv:105.0) Gecko/20100101 Firefox/105.0,Ubuntu,php,/index.php,/index.php,-,Other,105.0.
"Oct 24, 2022 @ 23:26:57.000",dvwa_web,web,"Oct 24, 2022 @ 23:26:58.909","Oct 24, 2022 @ 23:26:59.913","123.123.123.2 - - [24/Oct/2022:23:26:57 +0800] ""GET /about.php HTTP/1.1"" 200 2335 ""-"" ""Mozilla/5.0 (X11; Ubuntu; Linux x86_64; rv:105.0) Gecko/20100101 Firefox/105.0""",success,dvwa_web,bc7bc6b9453f4089b9bfee6b38b5fc6f,"123.123.123.123, 10.10.10.10","02:42:0a:0a:0a:0a, 02:42:7b:7b:7b:7b",dvwa_web,bullseye,debian,5.15.0-52-generic,Debian GNU/Linux,debian,linux,11 (bullseye),GET,-,"2,335",200,1.1,apache,123.123.123.2,China Unicom Beijing Province Network,Beijing,Asia,CN,China,POINT (116.3861 39.9143),CN-BJ,Beijing,Firefox,Mozilla/5.0 (X11; Ubuntu; Linux x86_64; rv:105.0) Gecko/20100101 Firefox/105.0,Ubuntu,php,/about.php,/about.php,-,Other,105.0.
"Oct 24, 2022 @ 23:26:57.000",dvwa_web,web,"Oct 24, 2022 @ 23:26:58.909","Oct 24, 2022 @ 23:26:59.913","123.123.123.2 - - [24/Oct/2022:23:26:57 +0800] ""GET /vulnerabilities/sqli/ HTTP/1.1"" 200 1691 ""-"" ""Mozilla/5.0 (X11; Ubuntu; Linux x86_64; rv:105.0) Gecko/20100101 Firefox/105.0""",success,dvwa_web,bc7bc6b9453f4089b9bfee6b38b5fc6f,"123.123.123.123, 10.10.10.10","02:42:0a:0a:0a:0a, 02:42:7b:7b:7b:7b",dvwa_web,bullseye,debian,5.15.0-52-generic,Debian GNU/Linux,debian,linux,11 (bullseye),GET,-,"1,691",200,1.1,apache,123.123.123.2,China Unicom Beijing Province Network,Beijing,Asia,CN,China,POINT (116.3861 39.9143),CN-BJ,Beijing,Firefox,Mozilla/5.0 (X11; Ubuntu; Linux x86_64; rv:105.0) Gecko/20100101 Firefox/105.0,Ubuntu,-,/vulnerabilities/sqli/,/vulnerabilities/sqli/,-,Other,105.0.
"Oct 24, 2022 @ 23:26:57.000",dvwa_web,web,"Oct 24, 2022 @ 23:26:58.909","Oct 24, 2022 @ 23:26:59.913","123.123.123.2 - - [24/Oct/2022:23:26:57 +0800] ""GET /vulnerabilities/sqli_blind/ HTTP/1.1"" 200 1698 ""-"" ""Mozilla/5.0 (X11; Ubuntu; Linux x86_64; rv:105.0) Gecko/20100101 Firefox/105.0""",success,dvwa_web,bc7bc6b9453f4089b9bfee6b38b5fc6f,"123.123.123.123, 10.10.10.10","02:42:0a:0a:0a:0a, 02:42:7b:7b:7b:7b",dvwa_web,bullseye,debian,5.15.0-52-generic,Debian GNU/Linux,debian,linux,11 (bullseye),GET,-,"1,698",200,1.1,apache,123.123.123.2,China Unicom Beijing Province Network,Beijing,Asia,CN,China,POINT (116.3861 39.9143),CN-BJ,Beijing,Firefox,Mozilla/5.0 (X11; Ubuntu; Linux x86_64; rv:105.0) Gecko/20100101 Firefox/105.0,Ubuntu,-,/vulnerabilities/sqli_blind/,/vulnerabilities/sqli_blind/,-,Other,105.0.
"Oct 24, 2022 @ 23:26:57.000",dvwa_web,web,"Oct 24, 2022 @ 23:26:58.909","Oct 24, 2022 @ 23:26:59.913","123.123.123.2 - - [24/Oct/2022:23:26:57 +0800] ""GET /logout.php HTTP/1.1"" 302 363 ""-"" ""Mozilla/5.0 (X11; Ubuntu; Linux x86_64; rv:105.0) Gecko/20100101 Firefox/105.0""",success,dvwa_web,bc7bc6b9453f4089b9bfee6b38b5fc6f,"123.123.123.123, 10.10.10.10","02:42:0a:0a:0a:0a, 02:42:7b:7b:7b:7b",dvwa_web,bullseye,debian,5.15.0-52-generic,Debian GNU/Linux,debian,linux,11 (bullseye),GET,-,363,302,1.1,apache,123.123.123.2,China Unicom Beijing Province Network,Beijing,Asia,CN,China,POINT (116.3861 39.9143),CN-BJ,Beijing,Firefox,Mozilla/5.0 (X11; Ubuntu; Linux x86_64; rv:105.0) Gecko/20100101 Firefox/105.0,Ubuntu,php,/logout.php,/logout.php,-,Other,105.0.
"Oct 24, 2022 @ 23:26:57.000",dvwa_web,web,"Oct 24, 2022 @ 23:26:58.909","Oct 24, 2022 @ 23:26:59.913","123.123.123.2 - - [24/Oct/2022:23:26:57 +0800] ""GET /login.php HTTP/1.1"" 200 1044 ""-"" ""Mozilla/5.0 (X11; Ubuntu; Linux x86_64; rv:105.0) Gecko/20100101 Firefox/105.0""",success,dvwa_web,bc7bc6b9453f4089b9bfee6b38b5fc6f,"123.123.123.123, 10.10.10.10","02:42:0a:0a:0a:0a, 02:42:7b:7b:7b:7b",dvwa_web,bullseye,debian,5.15.0-52-generic,Debian GNU/Linux,debian,linux,11 (bullseye),GET,-,"1,044",200,1.1,apache,123.123.123.2,China Unicom Beijing Province Network,Beijing,Asia,CN,China,POINT (116.3861 39.9143),CN-BJ,Beijing,Firefox,Mozilla/5.0 (X11; Ubuntu; Linux x86_64; rv:105.0) Gecko/20100101 Firefox/105.0,Ubuntu,php,/login.php,/login.php,-,Other,105.0.
"Oct 24, 2022 @ 23:26:54.000",dvwa_web,web,"Oct 24, 2022 @ 23:26:54.907","Oct 24, 2022 @ 23:26:55.709","123.123.123.4 - - [24/Oct/2022:23:26:54 +0800] ""GET /login.php HTTP/1.1"" 200 1181 ""-"" ""Mozilla/5.0 (X11; Ubuntu; Linux x86_64; rv:105.0) Gecko/20100101 Firefox/105.0""",success,dvwa_web,bc7bc6b9453f4089b9bfee6b38b5fc6f,"123.123.123.123, 10.10.10.10","02:42:0a:0a:0a:0a, 02:42:7b:7b:7b:7b",dvwa_web,bullseye,debian,5.15.0-52-generic,Debian GNU/Linux,debian,linux,11 (bullseye),GET,-,"1,181",200,1.1,apache,123.123.123.4,China Unicom Beijing Province Network,Beijing,Asia,CN,China,POINT (116.3861 39.9143),CN-BJ,Beijing,Firefox,Mozilla/5.0 (X11; Ubuntu; Linux x86_64; rv:105.0) Gecko/20100101 Firefox/105.0,Ubuntu,php,/login.php,/login.php,-,Other,105.0.
"Oct 24, 2022 @ 23:26:54.000",dvwa_web,web,"Oct 24, 2022 @ 23:26:54.907","Oct 24, 2022 @ 23:26:55.709","123.123.123.4 - - [24/Oct/2022:23:26:54 +0800] ""POST /login.php HTTP/1.1"" 302 363 ""-"" ""Mozilla/5.0 (X11; Ubuntu; Linux x86_64; rv:105.0) Gecko/20100101 Firefox/105.0""",success,dvwa_web,bc7bc6b9453f4089b9bfee6b38b5fc6f,"123.123.123.123, 10.10.10.10","02:42:0a:0a:0a:0a, 02:42:7b:7b:7b:7b",dvwa_web,bullseye,debian,5.15.0-52-generic,Debian GNU/Linux,debian,linux,11 (bullseye),POST,-,363,302,1.1,apache,123.123.123.4,China Unicom Beijing Province Network,Beijing,Asia,CN,China,POINT (116.3861 39.9143),CN-BJ,Beijing,Firefox,Mozilla/5.0 (X11; Ubuntu; Linux x86_64; rv:105.0) Gecko/20100101 Firefox/105.0,Ubuntu,php,/login.php,/login.php,-,Other,105.0.
"Oct 24, 2022 @ 23:26:54.000",dvwa_web,web,"Oct 24, 2022 @ 23:26:54.907","Oct 24, 2022 @ 23:26:55.709","123.123.123.4 - - [24/Oct/2022:23:26:54 +0800] ""GET /index.php HTTP/1.1"" 200 2908 ""-"" ""Mozilla/5.0 (X11; Ubuntu; Linux x86_64; rv:105.0) Gecko/20100101 Firefox/105.0""",success,dvwa_web,bc7bc6b9453f4089b9bfee6b38b5fc6f,"123.123.123.123, 10.10.10.10","02:42:0a:0a:0a:0a, 02:42:7b:7b:7b:7b",dvwa_web,bullseye,debian,5.15.0-52-generic,Debian GNU/Linux,debian,linux,11 (bullseye),GET,-,"2,908",200,1.1,apache,123.123.123.4,China Unicom Beijing Province Network,Beijing,Asia,CN,China,POINT (116.3861 39.9143),CN-BJ,Beijing,Firefox,Mozilla/5.0 (X11; Ubuntu; Linux x86_64; rv:105.0) Gecko/20100101 Firefox/105.0,Ubuntu,php,/index.php,/index.php,-,Other,105.0.
"Oct 24, 2022 @ 23:26:54.000",dvwa_web,web,"Oct 24, 2022 @ 23:26:55.908","Oct 24, 2022 @ 23:26:56.773","123.123.123.4 - - [24/Oct/2022:23:26:54 +0800] ""GET /setup.php HTTP/1.1"" 200 2284 ""-"" ""Mozilla/5.0 (X11; Ubuntu; Linux x86_64; rv:105.0) Gecko/20100101 Firefox/105.0""",success,dvwa_web,bc7bc6b9453f4089b9bfee6b38b5fc6f,"123.123.123.123, 10.10.10.10","02:42:0a:0a:0a:0a, 02:42:7b:7b:7b:7b",dvwa_web,bullseye,debian,5.15.0-52-generic,Debian GNU/Linux,debian,linux,11 (bullseye),GET,-,"2,284",200,1.1,apache,123.123.123.4,China Unicom Beijing Province Network,Beijing,Asia,CN,China,POINT (116.3861 39.9143),CN-BJ,Beijing,Firefox,Mozilla/5.0 (X11; Ubuntu; Linux x86_64; rv:105.0) Gecko/20100101 Firefox/105.0,Ubuntu,php,/setup.php,/setup.php,-,Other,105.0.
"Oct 24, 2022 @ 23:26:54.000",dvwa_web,web,"Oct 24, 2022 @ 23:26:55.908","Oct 24, 2022 @ 23:26:56.773","123.123.123.4 - - [24/Oct/2022:23:26:54 +0800] ""GET /vulnerabilities/javascript/ HTTP/1.1"" 200 3595 ""-"" ""Mozilla/5.0 (X11; Ubuntu; Linux x86_64; rv:105.0) Gecko/20100101 Firefox/105.0""",success,dvwa_web,bc7bc6b9453f4089b9bfee6b38b5fc6f,"123.123.123.123, 10.10.10.10","02:42:0a:0a:0a:0a, 02:42:7b:7b:7b:7b",dvwa_web,bullseye,debian,5.15.0-52-generic,Debian GNU/Linux,debian,linux,11 (bullseye),GET,-,"3,595",200,1.1,apache,123.123.123.4,China Unicom Beijing Province Network,Beijing,Asia,CN,China,POINT (116.3861 39.9143),CN-BJ,Beijing,Firefox,Mozilla/5.0 (X11; Ubuntu; Linux x86_64; rv:105.0) Gecko/20100101 Firefox/105.0,Ubuntu,-,/vulnerabilities/javascript/,/vulnerabilities/javascript/,-,Other,105.0.
"Oct 24, 2022 @ 23:26:54.000",dvwa_web,web,"Oct 24, 2022 @ 23:26:55.908","Oct 24, 2022 @ 23:26:56.773","123.123.123.4 - - [24/Oct/2022:23:26:54 +0800] ""GET /vulnerabilities/xss_s/ HTTP/1.1"" 200 1962 ""-"" ""Mozilla/5.0 (X11; Ubuntu; Linux x86_64; rv:105.0) Gecko/20100101 Firefox/105.0""",success,dvwa_web,bc7bc6b9453f4089b9bfee6b38b5fc6f,"123.123.123.123, 10.10.10.10","02:42:0a:0a:0a:0a, 02:42:7b:7b:7b:7b",dvwa_web,bullseye,debian,5.15.0-52-generic,Debian GNU/Linux,debian,linux,11 (bullseye),GET,-,"1,962",200,1.1,apache,123.123.123.4,China Unicom Beijing Province Network,Beijing,Asia,CN,China,POINT (116.3861 39.9143),CN-BJ,Beijing,Firefox,Mozilla/5.0 (X11; Ubuntu; Linux x86_64; rv:105.0) Gecko/20100101 Firefox/105.0,Ubuntu,-,/vulnerabilities/xss_s/,/vulnerabilities/xss_s/,-,Other,105.0.
"Oct 24, 2022 @ 23:26:54.000",dvwa_web,web,"Oct 24, 2022 @ 23:26:55.908","Oct 24, 2022 @ 23:26:56.773","123.123.123.4 - - [24/Oct/2022:23:26:54 +0800] ""GET /logout.php HTTP/1.1"" 302 363 ""-"" ""Mozilla/5.0 (X11; Ubuntu; Linux x86_64; rv:105.0) Gecko/20100101 Firefox/105.0""",success,dvwa_web,bc7bc6b9453f4089b9bfee6b38b5fc6f,"123.123.123.123, 10.10.10.10","02:42:0a:0a:0a:0a, 02:42:7b:7b:7b:7b",dvwa_web,bullseye,debian,5.15.0-52-generic,Debian GNU/Linux,debian,linux,11 (bullseye),GET,-,363,302,1.1,apache,123.123.123.4,China Unicom Beijing Province Network,Beijing,Asia,CN,China,POINT (116.3861 39.9143),CN-BJ,Beijing,Firefox,Mozilla/5.0 (X11; Ubuntu; Linux x86_64; rv:105.0) Gecko/20100101 Firefox/105.0,Ubuntu,php,/logout.php,/logout.php,-,Other,105.0.
"Oct 24, 2022 @ 23:26:54.000",dvwa_web,web,"Oct 24, 2022 @ 23:26:55.908","Oct 24, 2022 @ 23:26:56.773","123.123.123.4 - - [24/Oct/2022:23:26:54 +0800] ""GET /login.php HTTP/1.1"" 200 1044 ""-"" ""Mozilla/5.0 (X11; Ubuntu; Linux x86_64; rv:105.0) Gecko/20100101 Firefox/105.0""",success,dvwa_web,bc7bc6b9453f4089b9bfee6b38b5fc6f,"123.123.123.123, 10.10.10.10","02:42:0a:0a:0a:0a, 02:42:7b:7b:7b:7b",dvwa_web,bullseye,debian,5.15.0-52-generic,Debian GNU/Linux,debian,linux,11 (bullseye),GET,-,"1,044",200,1.1,apache,123.123.123.4,China Unicom Beijing Province Network,Beijing,Asia,CN,China,POINT (116.3861 39.9143),CN-BJ,Beijing,Firefox,Mozilla/5.0 (X11; Ubuntu; Linux x86_64; rv:105.0) Gecko/20100101 Firefox/105.0,Ubuntu,php,/login.php,/login.php,-,Other,105.0.
"Oct 24, 2022 @ 23:26:47.000",dvwa_web,web,"Oct 24, 2022 @ 23:26:54.907","Oct 24, 2022 @ 23:26:55.709","127.0.0.1 - - [24/Oct/2022:23:26:47 +0800] ""GET /server-status?auto= HTTP/1.1"" 200 608 ""-"" ""Elastic-Metricbeat/8.4.3 (linux; amd64; c2f2aba479653563dbaabefe0f86f5579708ec94; 2022-09-27 15:34:12 +0000 UTC)""",success,dvwa_web,bc7bc6b9453f4089b9bfee6b38b5fc6f,"123.123.123.123, 10.10.10.10","02:42:0a:0a:0a:0a, 02:42:7b:7b:7b:7b",dvwa_web,bullseye,debian,5.15.0-52-generic,Debian GNU/Linux,debian,linux,11 (bullseye),GET,-,608,200,1.1,apache,127.0.0.1,-,-,-,-,-,-,-,-,Other,Elastic-Metricbeat/8.4.3 (linux; amd64; c2f2aba479653563dbaabefe0f86f5579708ec94; 2022-09-27 15:34:12 +0000 UTC),Linux,-,/server-status?auto=,/server-status,auto=,Other,-
"Oct 24, 2022 @ 23:26:37.000",dvwa_web,web,"Oct 24, 2022 @ 23:26:39.902","Oct 24, 2022 @ 23:26:40.904","127.0.0.1 - - [24/Oct/2022:23:26:37 +0800] ""GET /server-status?auto= HTTP/1.1"" 200 605 ""-"" ""Elastic-Metricbeat/8.4.3 (linux; amd64; c2f2aba479653563dbaabefe0f86f5579708ec94; 2022-09-27 15:34:12 +0000 UTC)""",success,dvwa_web,bc7bc6b9453f4089b9bfee6b38b5fc6f,"123.123.123.123, 10.10.10.10","02:42:0a:0a:0a:0a, 02:42:7b:7b:7b:7b",dvwa_web,bullseye,debian,5.15.0-52-generic,Debian GNU/Linux,debian,linux,11 (bullseye),GET,-,605,200,1.1,apache,127.0.0.1,-,-,-,-,-,-,-,-,Other,Elastic-Metricbeat/8.4.3 (linux; amd64; c2f2aba479653563dbaabefe0f86f5579708ec94; 2022-09-27 15:34:12 +0000 UTC),Linux,-,/server-status?auto=,/server-status,auto=,Other,-
"Oct 24, 2022 @ 23:26:31.000",dvwa_web,web,"Oct 24, 2022 @ 23:26:32.900","Oct 24, 2022 @ 23:26:33.902","123.123.123.3 - - [24/Oct/2022:23:26:31 +0800] ""GET /login.php HTTP/1.1"" 200 1180 ""-"" ""Mozilla/5.0 (X11; Ubuntu; Linux x86_64; rv:105.0) Gecko/20100101 Firefox/105.0""",success,dvwa_web,bc7bc6b9453f4089b9bfee6b38b5fc6f,"123.123.123.123, 10.10.10.10","02:42:0a:0a:0a:0a, 02:42:7b:7b:7b:7b",dvwa_web,bullseye,debian,5.15.0-52-generic,Debian GNU/Linux,debian,linux,11 (bullseye),GET,-,"1,180",200,1.1,apache,123.123.123.3,China Unicom Beijing Province Network,Beijing,Asia,CN,China,POINT (116.3861 39.9143),CN-BJ,Beijing,Firefox,Mozilla/5.0 (X11; Ubuntu; Linux x86_64; rv:105.0) Gecko/20100101 Firefox/105.0,Ubuntu,php,/login.php,/login.php,-,Other,105.0.
"Oct 24, 2022 @ 23:26:31.000",dvwa_web,web,"Oct 24, 2022 @ 23:26:32.900","Oct 24, 2022 @ 23:26:33.902","123.123.123.3 - - [24/Oct/2022:23:26:31 +0800] ""POST /login.php HTTP/1.1"" 302 363 ""-"" ""Mozilla/5.0 (X11; Ubuntu; Linux x86_64; rv:105.0) Gecko/20100101 Firefox/105.0""",success,dvwa_web,bc7bc6b9453f4089b9bfee6b38b5fc6f,"123.123.123.123, 10.10.10.10","02:42:0a:0a:0a:0a, 02:42:7b:7b:7b:7b",dvwa_web,bullseye,debian,5.15.0-52-generic,Debian GNU/Linux,debian,linux,11 (bullseye),POST,-,363,302,1.1,apache,123.123.123.3,China Unicom Beijing Province Network,Beijing,Asia,CN,China,POINT (116.3861 39.9143),CN-BJ,Beijing,Firefox,Mozilla/5.0 (X11; Ubuntu; Linux x86_64; rv:105.0) Gecko/20100101 Firefox/105.0,Ubuntu,php,/login.php,/login.php,-,Other,105.0.
"Oct 24, 2022 @ 23:26:31.000",dvwa_web,web,"Oct 24, 2022 @ 23:26:32.900","Oct 24, 2022 @ 23:26:33.902","123.123.123.3 - - [24/Oct/2022:23:26:31 +0800] ""GET /index.php HTTP/1.1"" 200 2908 ""-"" ""Mozilla/5.0 (X11; Ubuntu; Linux x86_64; rv:105.0) Gecko/20100101 Firefox/105.0""",success,dvwa_web,bc7bc6b9453f4089b9bfee6b38b5fc6f,"123.123.123.123, 10.10.10.10","02:42:0a:0a:0a:0a, 02:42:7b:7b:7b:7b",dvwa_web,bullseye,debian,5.15.0-52-generic,Debian GNU/Linux,debian,linux,11 (bullseye),GET,-,"2,908",200,1.1,apache,123.123.123.3,China Unicom Beijing Province Network,Beijing,Asia,CN,China,POINT (116.3861 39.9143),CN-BJ,Beijing,Firefox,Mozilla/5.0 (X11; Ubuntu; Linux x86_64; rv:105.0) Gecko/20100101 Firefox/105.0,Ubuntu,php,/index.php,/index.php,-,Other,105.0.
"Oct 24, 2022 @ 23:26:31.000",dvwa_web,web,"Oct 24, 2022 @ 23:26:32.900","Oct 24, 2022 @ 23:26:33.902","123.123.123.3 - - [24/Oct/2022:23:26:31 +0800] ""GET /instructions.php HTTP/1.1"" 200 8717 ""-"" ""Mozilla/5.0 (X11; Ubuntu; Linux x86_64; rv:105.0) Gecko/20100101 Firefox/105.0""",success,dvwa_web,bc7bc6b9453f4089b9bfee6b38b5fc6f,"123.123.123.123, 10.10.10.10","02:42:0a:0a:0a:0a, 02:42:7b:7b:7b:7b",dvwa_web,bullseye,debian,5.15.0-52-generic,Debian GNU/Linux,debian,linux,11 (bullseye),GET,-,"8,717",200,1.1,apache,123.123.123.3,China Unicom Beijing Province Network,Beijing,Asia,CN,China,POINT (116.3861 39.9143),CN-BJ,Beijing,Firefox,Mozilla/5.0 (X11; Ubuntu; Linux x86_64; rv:105.0) Gecko/20100101 Firefox/105.0,Ubuntu,php,/instructions.php,/instructions.php,-,Other,105.0.
"Oct 24, 2022 @ 23:26:31.000",dvwa_web,web,"Oct 24, 2022 @ 23:26:32.900","Oct 24, 2022 @ 23:26:33.902","123.123.123.3 - - [24/Oct/2022:23:26:31 +0800] ""GET /phpinfo.php HTTP/1.1"" 200 23107 ""-"" ""Mozilla/5.0 (X11; Ubuntu; Linux x86_64; rv:105.0) Gecko/20100101 Firefox/105.0""",success,dvwa_web,bc7bc6b9453f4089b9bfee6b38b5fc6f,"123.123.123.123, 10.10.10.10","02:42:0a:0a:0a:0a, 02:42:7b:7b:7b:7b",dvwa_web,bullseye,debian,5.15.0-52-generic,Debian GNU/Linux,debian,linux,11 (bullseye),GET,-,"23,107",200,1.1,apache,123.123.123.3,China Unicom Beijing Province Network,Beijing,Asia,CN,China,POINT (116.3861 39.9143),CN-BJ,Beijing,Firefox,Mozilla/5.0 (X11; Ubuntu; Linux x86_64; rv:105.0) Gecko/20100101 Firefox/105.0,Ubuntu,php,/phpinfo.php,/phpinfo.php,-,Other,105.0.
"Oct 24, 2022 @ 23:26:31.000",dvwa_web,web,"Oct 24, 2022 @ 23:26:32.900","Oct 24, 2022 @ 23:26:33.903","123.123.123.3 - - [24/Oct/2022:23:26:31 +0800] ""GET /setup.php HTTP/1.1"" 200 2284 ""-"" ""Mozilla/5.0 (X11; Ubuntu; Linux x86_64; rv:105.0) Gecko/20100101 Firefox/105.0""",success,dvwa_web,bc7bc6b9453f4089b9bfee6b38b5fc6f,"123.123.123.123, 10.10.10.10","02:42:0a:0a:0a:0a, 02:42:7b:7b:7b:7b",dvwa_web,bullseye,debian,5.15.0-52-generic,Debian GNU/Linux,debian,linux,11 (bullseye),GET,-,"2,284",200,1.1,apache,123.123.123.3,China Unicom Beijing Province Network,Beijing,Asia,CN,China,POINT (116.3861 39.9143),CN-BJ,Beijing,Firefox,Mozilla/5.0 (X11; Ubuntu; Linux x86_64; rv:105.0) Gecko/20100101 Firefox/105.0,Ubuntu,php,/setup.php,/setup.php,-,Other,105.0.
"Oct 24, 2022 @ 23:26:31.000",dvwa_web,web,"Oct 24, 2022 @ 23:26:32.900","Oct 24, 2022 @ 23:26:33.903","123.123.123.3 - - [24/Oct/2022:23:26:31 +0800] ""GET /logout.php HTTP/1.1"" 302 363 ""-"" ""Mozilla/5.0 (X11; Ubuntu; Linux x86_64; rv:105.0) Gecko/20100101 Firefox/105.0""",success,dvwa_web,bc7bc6b9453f4089b9bfee6b38b5fc6f,"123.123.123.123, 10.10.10.10","02:42:0a:0a:0a:0a, 02:42:7b:7b:7b:7b",dvwa_web,bullseye,debian,5.15.0-52-generic,Debian GNU/Linux,debian,linux,11 (bullseye),GET,-,363,302,1.1,apache,123.123.123.3,China Unicom Beijing Province Network,Beijing,Asia,CN,China,POINT (116.3861 39.9143),CN-BJ,Beijing,Firefox,Mozilla/5.0 (X11; Ubuntu; Linux x86_64; rv:105.0) Gecko/20100101 Firefox/105.0,Ubuntu,php,/logout.php,/logout.php,-,Other,105.0.
"Oct 24, 2022 @ 23:26:31.000",dvwa_web,web,"Oct 24, 2022 @ 23:26:32.900","Oct 24, 2022 @ 23:26:33.903","123.123.123.3 - - [24/Oct/2022:23:26:31 +0800] ""GET /login.php HTTP/1.1"" 200 1043 ""-"" ""Mozilla/5.0 (X11; Ubuntu; Linux x86_64; rv:105.0) Gecko/20100101 Firefox/105.0""",success,dvwa_web,bc7bc6b9453f4089b9bfee6b38b5fc6f,"123.123.123.123, 10.10.10.10","02:42:0a:0a:0a:0a, 02:42:7b:7b:7b:7b",dvwa_web,bullseye,debian,5.15.0-52-generic,Debian GNU/Linux,debian,linux,11 (bullseye),GET,-,"1,043",200,1.1,apache,123.123.123.3,China Unicom Beijing Province Network,Beijing,Asia,CN,China,POINT (116.3861 39.9143),CN-BJ,Beijing,Firefox,Mozilla/5.0 (X11; Ubuntu; Linux x86_64; rv:105.0) Gecko/20100101 Firefox/105.0,Ubuntu,php,/login.php,/login.php,-,Other,105.0.
"Oct 24, 2022 @ 23:26:27.000",dvwa_web,web,"Oct 24, 2022 @ 23:26:29.899","Oct 24, 2022 @ 23:26:30.900","127.0.0.1 - - [24/Oct/2022:23:26:27 +0800] ""GET /server-status?auto= HTTP/1.1"" 200 608 ""-"" ""Elastic-Metricbeat/8.4.3 (linux; amd64; c2f2aba479653563dbaabefe0f86f5579708ec94; 2022-09-27 15:34:12 +0000 UTC)""",success,dvwa_web,bc7bc6b9453f4089b9bfee6b38b5fc6f,"123.123.123.123, 10.10.10.10","02:42:0a:0a:0a:0a, 02:42:7b:7b:7b:7b",dvwa_web,bullseye,debian,5.15.0-52-generic,Debian GNU/Linux,debian,linux,11 (bullseye),GET,-,608,200,1.1,apache,127.0.0.1,-,-,-,-,-,-,-,-,Other,Elastic-Metricbeat/8.4.3 (linux; amd64; c2f2aba479653563dbaabefe0f86f5579708ec94; 2022-09-27 15:34:12 +0000 UTC),Linux,-,/server-status?auto=,/server-status,auto=,Other,-
"Oct 24, 2022 @ 23:26:22.000",dvwa_web,web,"Oct 24, 2022 @ 23:26:22.896","Oct 24, 2022 @ 23:26:23.726","123.123.123.2 - - [24/Oct/2022:23:26:22 +0800] ""GET /login.php HTTP/1.1"" 200 1181 ""-"" ""Mozilla/5.0 (X11; Ubuntu; Linux x86_64; rv:105.0) Gecko/20100101 Firefox/105.0""",success,dvwa_web,bc7bc6b9453f4089b9bfee6b38b5fc6f,"123.123.123.123, 10.10.10.10","02:42:0a:0a:0a:0a, 02:42:7b:7b:7b:7b",dvwa_web,bullseye,debian,5.15.0-52-generic,Debian GNU/Linux,debian,linux,11 (bullseye),GET,-,"1,181",200,1.1,apache,123.123.123.2,China Unicom Beijing Province Network,Beijing,Asia,CN,China,POINT (116.3861 39.9143),CN-BJ,Beijing,Firefox,Mozilla/5.0 (X11; Ubuntu; Linux x86_64; rv:105.0) Gecko/20100101 Firefox/105.0,Ubuntu,php,/login.php,/login.php,-,Other,105.0.
"Oct 24, 2022 @ 23:26:22.000",dvwa_web,web,"Oct 24, 2022 @ 23:26:22.896","Oct 24, 2022 @ 23:26:23.727","123.123.123.2 - - [24/Oct/2022:23:26:22 +0800] ""POST /login.php HTTP/1.1"" 302 363 ""-"" ""Mozilla/5.0 (X11; Ubuntu; Linux x86_64; rv:105.0) Gecko/20100101 Firefox/105.0""",success,dvwa_web,bc7bc6b9453f4089b9bfee6b38b5fc6f,"123.123.123.123, 10.10.10.10","02:42:0a:0a:0a:0a, 02:42:7b:7b:7b:7b",dvwa_web,bullseye,debian,5.15.0-52-generic,Debian GNU/Linux,debian,linux,11 (bullseye),POST,-,363,302,1.1,apache,123.123.123.2,China Unicom Beijing Province Network,Beijing,Asia,CN,China,POINT (116.3861 39.9143),CN-BJ,Beijing,Firefox,Mozilla/5.0 (X11; Ubuntu; Linux x86_64; rv:105.0) Gecko/20100101 Firefox/105.0,Ubuntu,php,/login.php,/login.php,-,Other,105.0.
"Oct 24, 2022 @ 23:26:22.000",dvwa_web,web,"Oct 24, 2022 @ 23:26:22.896","Oct 24, 2022 @ 23:26:23.727","123.123.123.2 - - [24/Oct/2022:23:26:22 +0800] ""GET /index.php HTTP/1.1"" 200 2908 ""-"" ""Mozilla/5.0 (X11; Ubuntu; Linux x86_64; rv:105.0) Gecko/20100101 Firefox/105.0""",success,dvwa_web,bc7bc6b9453f4089b9bfee6b38b5fc6f,"123.123.123.123, 10.10.10.10","02:42:0a:0a:0a:0a, 02:42:7b:7b:7b:7b",dvwa_web,bullseye,debian,5.15.0-52-generic,Debian GNU/Linux,debian,linux,11 (bullseye),GET,-,"2,908",200,1.1,apache,123.123.123.2,China Unicom Beijing Province Network,Beijing,Asia,CN,China,POINT (116.3861 39.9143),CN-BJ,Beijing,Firefox,Mozilla/5.0 (X11; Ubuntu; Linux x86_64; rv:105.0) Gecko/20100101 Firefox/105.0,Ubuntu,php,/index.php,/index.php,-,Other,105.0.
"Oct 24, 2022 @ 23:26:22.000",dvwa_web,web,"Oct 24, 2022 @ 23:26:22.896","Oct 24, 2022 @ 23:26:23.727","123.123.123.2 - - [24/Oct/2022:23:26:22 +0800] ""GET /instructions.php HTTP/1.1"" 200 8717 ""-"" ""Mozilla/5.0 (X11; Ubuntu; Linux x86_64; rv:105.0) Gecko/20100101 Firefox/105.0""",success,dvwa_web,bc7bc6b9453f4089b9bfee6b38b5fc6f,"123.123.123.123, 10.10.10.10","02:42:0a:0a:0a:0a, 02:42:7b:7b:7b:7b",dvwa_web,bullseye,debian,5.15.0-52-generic,Debian GNU/Linux,debian,linux,11 (bullseye),GET,-,"8,717",200,1.1,apache,123.123.123.2,China Unicom Beijing Province Network,Beijing,Asia,CN,China,POINT (116.3861 39.9143),CN-BJ,Beijing,Firefox,Mozilla/5.0 (X11; Ubuntu; Linux x86_64; rv:105.0) Gecko/20100101 Firefox/105.0,Ubuntu,php,/instructions.php,/instructions.php,-,Other,105.0.
"Oct 24, 2022 @ 23:26:22.000",dvwa_web,web,"Oct 24, 2022 @ 23:26:22.896","Oct 24, 2022 @ 23:26:23.727","123.123.123.2 - - [24/Oct/2022:23:26:22 +0800] ""GET /vulnerabilities/weak_id/ HTTP/1.1"" 200 1515 ""-"" ""Mozilla/5.0 (X11; Ubuntu; Linux x86_64; rv:105.0) Gecko/20100101 Firefox/105.0""",success,dvwa_web,bc7bc6b9453f4089b9bfee6b38b5fc6f,"123.123.123.123, 10.10.10.10","02:42:0a:0a:0a:0a, 02:42:7b:7b:7b:7b",dvwa_web,bullseye,debian,5.15.0-52-generic,Debian GNU/Linux,debian,linux,11 (bullseye),GET,-,"1,515",200,1.1,apache,123.123.123.2,China Unicom Beijing Province Network,Beijing,Asia,CN,China,POINT (116.3861 39.9143),CN-BJ,Beijing,Firefox,Mozilla/5.0 (X11; Ubuntu; Linux x86_64; rv:105.0) Gecko/20100101 Firefox/105.0,Ubuntu,-,/vulnerabilities/weak_id/,/vulnerabilities/weak_id/,-,Other,105.0.
"Oct 24, 2022 @ 23:26:22.000",dvwa_web,web,"Oct 24, 2022 @ 23:26:22.896","Oct 24, 2022 @ 23:26:23.727","123.123.123.2 - - [24/Oct/2022:23:26:22 +0800] ""GET /logout.php HTTP/1.1"" 302 363 ""-"" ""Mozilla/5.0 (X11; Ubuntu; Linux x86_64; rv:105.0) Gecko/20100101 Firefox/105.0""",success,dvwa_web,bc7bc6b9453f4089b9bfee6b38b5fc6f,"123.123.123.123, 10.10.10.10","02:42:0a:0a:0a:0a, 02:42:7b:7b:7b:7b",dvwa_web,bullseye,debian,5.15.0-52-generic,Debian GNU/Linux,debian,linux,11 (bullseye),GET,-,363,302,1.1,apache,123.123.123.2,China Unicom Beijing Province Network,Beijing,Asia,CN,China,POINT (116.3861 39.9143),CN-BJ,Beijing,Firefox,Mozilla/5.0 (X11; Ubuntu; Linux x86_64; rv:105.0) Gecko/20100101 Firefox/105.0,Ubuntu,php,/logout.php,/logout.php,-,Other,105.0.
"Oct 24, 2022 @ 23:26:22.000",dvwa_web,web,"Oct 24, 2022 @ 23:26:22.896","Oct 24, 2022 @ 23:26:23.727","123.123.123.2 - - [24/Oct/2022:23:26:22 +0800] ""GET /vulnerabilities/xss_r/ HTTP/1.1"" 200 1747 ""-"" ""Mozilla/5.0 (X11; Ubuntu; Linux x86_64; rv:105.0) Gecko/20100101 Firefox/105.0""",success,dvwa_web,bc7bc6b9453f4089b9bfee6b38b5fc6f,"123.123.123.123, 10.10.10.10","02:42:0a:0a:0a:0a, 02:42:7b:7b:7b:7b",dvwa_web,bullseye,debian,5.15.0-52-generic,Debian GNU/Linux,debian,linux,11 (bullseye),GET,-,"1,747",200,1.1,apache,123.123.123.2,China Unicom Beijing Province Network,Beijing,Asia,CN,China,POINT (116.3861 39.9143),CN-BJ,Beijing,Firefox,Mozilla/5.0 (X11; Ubuntu; Linux x86_64; rv:105.0) Gecko/20100101 Firefox/105.0,Ubuntu,-,/vulnerabilities/xss_r/,/vulnerabilities/xss_r/,-,Other,105.0.
"Oct 24, 2022 @ 23:26:22.000",dvwa_web,web,"Oct 24, 2022 @ 23:26:22.896","Oct 24, 2022 @ 23:26:23.727","123.123.123.2 - - [24/Oct/2022:23:26:22 +0800] ""GET /login.php HTTP/1.1"" 200 1044 ""-"" ""Mozilla/5.0 (X11; Ubuntu; Linux x86_64; rv:105.0) Gecko/20100101 Firefox/105.0""",success,dvwa_web,bc7bc6b9453f4089b9bfee6b38b5fc6f,"123.123.123.123, 10.10.10.10","02:42:0a:0a:0a:0a, 02:42:7b:7b:7b:7b",dvwa_web,bullseye,debian,5.15.0-52-generic,Debian GNU/Linux,debian,linux,11 (bullseye),GET,-,"1,044",200,1.1,apache,123.123.123.2,China Unicom Beijing Province Network,Beijing,Asia,CN,China,POINT (116.3861 39.9143),CN-BJ,Beijing,Firefox,Mozilla/5.0 (X11; Ubuntu; Linux x86_64; rv:105.0) Gecko/20100101 Firefox/105.0,Ubuntu,php,/login.php,/login.php,-,Other,105.0.
"Oct 24, 2022 @ 23:26:17.000",dvwa_web,web,"Oct 24, 2022 @ 23:26:19.895","Oct 24, 2022 @ 23:26:20.897","127.0.0.1 - - [24/Oct/2022:23:26:17 +0800] ""GET /server-status?auto= HTTP/1.1"" 200 606 ""-"" ""Elastic-Metricbeat/8.4.3 (linux; amd64; c2f2aba479653563dbaabefe0f86f5579708ec94; 2022-09-27 15:34:12 +0000 UTC)""",success,dvwa_web,bc7bc6b9453f4089b9bfee6b38b5fc6f,"123.123.123.123, 10.10.10.10","02:42:0a:0a:0a:0a, 02:42:7b:7b:7b:7b",dvwa_web,bullseye,debian,5.15.0-52-generic,Debian GNU/Linux,debian,linux,11 (bullseye),GET,-,606,200,1.1,apache,127.0.0.1,-,-,-,-,-,-,-,-,Other,Elastic-Metricbeat/8.4.3 (linux; amd64; c2f2aba479653563dbaabefe0f86f5579708ec94; 2022-09-27 15:34:12 +0000 UTC),Linux,-,/server-status?auto=,/server-status,auto=,Other,-
"Oct 24, 2022 @ 23:26:17.000",dvwa_web,web,"Oct 24, 2022 @ 23:26:19.895","Oct 24, 2022 @ 23:26:20.897","123.123.123.4 - - [24/Oct/2022:23:26:17 +0800] ""GET /login.php HTTP/1.1"" 200 1180 ""-"" ""Mozilla/5.0 (X11; Ubuntu; Linux x86_64; rv:105.0) Gecko/20100101 Firefox/105.0""",success,dvwa_web,bc7bc6b9453f4089b9bfee6b38b5fc6f,"123.123.123.123, 10.10.10.10","02:42:0a:0a:0a:0a, 02:42:7b:7b:7b:7b",dvwa_web,bullseye,debian,5.15.0-52-generic,Debian GNU/Linux,debian,linux,11 (bullseye),GET,-,"1,180",200,1.1,apache,123.123.123.4,China Unicom Beijing Province Network,Beijing,Asia,CN,China,POINT (116.3861 39.9143),CN-BJ,Beijing,Firefox,Mozilla/5.0 (X11; Ubuntu; Linux x86_64; rv:105.0) Gecko/20100101 Firefox/105.0,Ubuntu,php,/login.php,/login.php,-,Other,105.0.
"Oct 24, 2022 @ 23:26:17.000",dvwa_web,web,"Oct 24, 2022 @ 23:26:19.895","Oct 24, 2022 @ 23:26:20.897","123.123.123.4 - - [24/Oct/2022:23:26:17 +0800] ""POST /login.php HTTP/1.1"" 302 363 ""-"" ""Mozilla/5.0 (X11; Ubuntu; Linux x86_64; rv:105.0) Gecko/20100101 Firefox/105.0""",success,dvwa_web,bc7bc6b9453f4089b9bfee6b38b5fc6f,"123.123.123.123, 10.10.10.10","02:42:0a:0a:0a:0a, 02:42:7b:7b:7b:7b",dvwa_web,bullseye,debian,5.15.0-52-generic,Debian GNU/Linux,debian,linux,11 (bullseye),POST,-,363,302,1.1,apache,123.123.123.4,China Unicom Beijing Province Network,Beijing,Asia,CN,China,POINT (116.3861 39.9143),CN-BJ,Beijing,Firefox,Mozilla/5.0 (X11; Ubuntu; Linux x86_64; rv:105.0) Gecko/20100101 Firefox/105.0,Ubuntu,php,/login.php,/login.php,-,Other,105.0.
"Oct 24, 2022 @ 23:26:17.000",dvwa_web,web,"Oct 24, 2022 @ 23:26:19.895","Oct 24, 2022 @ 23:26:20.897","123.123.123.4 - - [24/Oct/2022:23:26:17 +0800] ""GET /index.php HTTP/1.1"" 200 2908 ""-"" ""Mozilla/5.0 (X11; Ubuntu; Linux x86_64; rv:105.0) Gecko/20100101 Firefox/105.0""",success,dvwa_web,bc7bc6b9453f4089b9bfee6b38b5fc6f,"123.123.123.123, 10.10.10.10","02:42:0a:0a:0a:0a, 02:42:7b:7b:7b:7b",dvwa_web,bullseye,debian,5.15.0-52-generic,Debian GNU/Linux,debian,linux,11 (bullseye),GET,-,"2,908",200,1.1,apache,123.123.123.4,China Unicom Beijing Province Network,Beijing,Asia,CN,China,POINT (116.3861 39.9143),CN-BJ,Beijing,Firefox,Mozilla/5.0 (X11; Ubuntu; Linux x86_64; rv:105.0) Gecko/20100101 Firefox/105.0,Ubuntu,php,/index.php,/index.php,-,Other,105.0.
"Oct 24, 2022 @ 23:26:17.000",dvwa_web,web,"Oct 24, 2022 @ 23:26:19.895","Oct 24, 2022 @ 23:26:20.897","123.123.123.4 - - [24/Oct/2022:23:26:17 +0800] ""GET /vulnerabilities/captcha/ HTTP/1.1"" 200 1923 ""-"" ""Mozilla/5.0 (X11; Ubuntu; Linux x86_64; rv:105.0) Gecko/20100101 Firefox/105.0""",success,dvwa_web,bc7bc6b9453f4089b9bfee6b38b5fc6f,"123.123.123.123, 10.10.10.10","02:42:0a:0a:0a:0a, 02:42:7b:7b:7b:7b",dvwa_web,bullseye,debian,5.15.0-52-generic,Debian GNU/Linux,debian,linux,11 (bullseye),GET,-,"1,923",200,1.1,apache,123.123.123.4,China Unicom Beijing Province Network,Beijing,Asia,CN,China,POINT (116.3861 39.9143),CN-BJ,Beijing,Firefox,Mozilla/5.0 (X11; Ubuntu; Linux x86_64; rv:105.0) Gecko/20100101 Firefox/105.0,Ubuntu,-,/vulnerabilities/captcha/,/vulnerabilities/captcha/,-,Other,105.0.
"Oct 24, 2022 @ 23:26:17.000",dvwa_web,web,"Oct 24, 2022 @ 23:26:19.895","Oct 24, 2022 @ 23:26:20.898","123.123.123.4 - - [24/Oct/2022:23:26:17 +0800] ""GET /setup.php HTTP/1.1"" 200 2286 ""-"" ""Mozilla/5.0 (X11; Ubuntu; Linux x86_64; rv:105.0) Gecko/20100101 Firefox/105.0""",success,dvwa_web,bc7bc6b9453f4089b9bfee6b38b5fc6f,"123.123.123.123, 10.10.10.10","02:42:0a:0a:0a:0a, 02:42:7b:7b:7b:7b",dvwa_web,bullseye,debian,5.15.0-52-generic,Debian GNU/Linux,debian,linux,11 (bullseye),GET,-,"2,286",200,1.1,apache,123.123.123.4,China Unicom Beijing Province Network,Beijing,Asia,CN,China,POINT (116.3861 39.9143),CN-BJ,Beijing,Firefox,Mozilla/5.0 (X11; Ubuntu; Linux x86_64; rv:105.0) Gecko/20100101 Firefox/105.0,Ubuntu,php,/setup.php,/setup.php,-,Other,105.0.
"Oct 24, 2022 @ 23:26:17.000",dvwa_web,web,"Oct 24, 2022 @ 23:26:19.895","Oct 24, 2022 @ 23:26:20.898","123.123.123.4 - - [24/Oct/2022:23:26:17 +0800] ""GET /index.php HTTP/1.1"" 200 2881 ""-"" ""Mozilla/5.0 (X11; Ubuntu; Linux x86_64; rv:105.0) Gecko/20100101 Firefox/105.0""",success,dvwa_web,bc7bc6b9453f4089b9bfee6b38b5fc6f,"123.123.123.123, 10.10.10.10","02:42:0a:0a:0a:0a, 02:42:7b:7b:7b:7b",dvwa_web,bullseye,debian,5.15.0-52-generic,Debian GNU/Linux,debian,linux,11 (bullseye),GET,-,"2,881",200,1.1,apache,123.123.123.4,China Unicom Beijing Province Network,Beijing,Asia,CN,China,POINT (116.3861 39.9143),CN-BJ,Beijing,Firefox,Mozilla/5.0 (X11; Ubuntu; Linux x86_64; rv:105.0) Gecko/20100101 Firefox/105.0,Ubuntu,php,/index.php,/index.php,-,Other,105.0.
"Oct 24, 2022 @ 23:26:17.000",dvwa_web,web,"Oct 24, 2022 @ 23:26:19.895","Oct 24, 2022 @ 23:26:20.898","123.123.123.4 - - [24/Oct/2022:23:26:17 +0800] ""GET /logout.php HTTP/1.1"" 302 363 ""-"" ""Mozilla/5.0 (X11; Ubuntu; Linux x86_64; rv:105.0) Gecko/20100101 Firefox/105.0""",success,dvwa_web,bc7bc6b9453f4089b9bfee6b38b5fc6f,"123.123.123.123, 10.10.10.10","02:42:0a:0a:0a:0a, 02:42:7b:7b:7b:7b",dvwa_web,bullseye,debian,5.15.0-52-generic,Debian GNU/Linux,debian,linux,11 (bullseye),GET,-,363,302,1.1,apache,123.123.123.4,China Unicom Beijing Province Network,Beijing,Asia,CN,China,POINT (116.3861 39.9143),CN-BJ,Beijing,Firefox,Mozilla/5.0 (X11; Ubuntu; Linux x86_64; rv:105.0) Gecko/20100101 Firefox/105.0,Ubuntu,php,/logout.php,/logout.php,-,Other,105.0.
"Oct 24, 2022 @ 23:26:17.000",dvwa_web,web,"Oct 24, 2022 @ 23:26:19.895","Oct 24, 2022 @ 23:26:20.898","123.123.123.4 - - [24/Oct/2022:23:26:17 +0800] ""GET /login.php HTTP/1.1"" 200 1043 ""-"" ""Mozilla/5.0 (X11; Ubuntu; Linux x86_64; rv:105.0) Gecko/20100101 Firefox/105.0""",success,dvwa_web,bc7bc6b9453f4089b9bfee6b38b5fc6f,"123.123.123.123, 10.10.10.10","02:42:0a:0a:0a:0a, 02:42:7b:7b:7b:7b",dvwa_web,bullseye,debian,5.15.0-52-generic,Debian GNU/Linux,debian,linux,11 (bullseye),GET,-,"1,043",200,1.1,apache,123.123.123.4,China Unicom Beijing Province Network,Beijing,Asia,CN,China,POINT (116.3861 39.9143),CN-BJ,Beijing,Firefox,Mozilla/5.0 (X11; Ubuntu; Linux x86_64; rv:105.0) Gecko/20100101 Firefox/105.0,Ubuntu,php,/login.php,/login.php,-,Other,105.0.
"Oct 24, 2022 @ 23:26:07.000",dvwa_web,web,"Oct 24, 2022 @ 23:26:12.893","Oct 24, 2022 @ 23:26:13.895","127.0.0.1 - - [24/Oct/2022:23:26:07 +0800] ""GET /server-status?auto= HTTP/1.1"" 200 605 ""-"" ""Elastic-Metricbeat/8.4.3 (linux; amd64; c2f2aba479653563dbaabefe0f86f5579708ec94; 2022-09-27 15:34:12 +0000 UTC)""",success,dvwa_web,bc7bc6b9453f4089b9bfee6b38b5fc6f,"123.123.123.123, 10.10.10.10","02:42:0a:0a:0a:0a, 02:42:7b:7b:7b:7b",dvwa_web,bullseye,debian,5.15.0-52-generic,Debian GNU/Linux,debian,linux,11 (bullseye),GET,-,605,200,1.1,apache,127.0.0.1,-,-,-,-,-,-,-,-,Other,Elastic-Metricbeat/8.4.3 (linux; amd64; c2f2aba479653563dbaabefe0f86f5579708ec94; 2022-09-27 15:34:12 +0000 UTC),Linux,-,/server-status?auto=,/server-status,auto=,Other,-
"Oct 24, 2022 @ 23:25:57.000",dvwa_web,web,"Oct 24, 2022 @ 23:25:57.887","Oct 24, 2022 @ 23:25:58.890","127.0.0.1 - - [24/Oct/2022:23:25:57 +0800] ""GET /server-status?auto= HTTP/1.1"" 200 608 ""-"" ""Elastic-Metricbeat/8.4.3 (linux; amd64; c2f2aba479653563dbaabefe0f86f5579708ec94; 2022-09-27 15:34:12 +0000 UTC)""",success,dvwa_web,bc7bc6b9453f4089b9bfee6b38b5fc6f,"123.123.123.123, 10.10.10.10","02:42:0a:0a:0a:0a, 02:42:7b:7b:7b:7b",dvwa_web,bullseye,debian,5.15.0-52-generic,Debian GNU/Linux,debian,linux,11 (bullseye),GET,-,608,200,1.1,apache,127.0.0.1,-,-,-,-,-,-,-,-,Other,Elastic-Metricbeat/8.4.3 (linux; amd64; c2f2aba479653563dbaabefe0f86f5579708ec94; 2022-09-27 15:34:12 +0000 UTC),Linux,-,/server-status?auto=,/server-status,auto=,Other,-
"Oct 24, 2022 @ 23:25:53.000",dvwa_web,web,"Oct 24, 2022 @ 23:25:54.885","Oct 24, 2022 @ 23:25:55.887","123.123.123.3 - - [24/Oct/2022:23:25:53 +0800] ""GET /login.php HTTP/1.1"" 200 1182 ""-"" ""Mozilla/5.0 (X11; Ubuntu; Linux x86_64; rv:105.0) Gecko/20100101 Firefox/105.0""",success,dvwa_web,bc7bc6b9453f4089b9bfee6b38b5fc6f,"123.123.123.123, 10.10.10.10","02:42:0a:0a:0a:0a, 02:42:7b:7b:7b:7b",dvwa_web,bullseye,debian,5.15.0-52-generic,Debian GNU/Linux,debian,linux,11 (bullseye),GET,-,"1,182",200,1.1,apache,123.123.123.3,China Unicom Beijing Province Network,Beijing,Asia,CN,China,POINT (116.3861 39.9143),CN-BJ,Beijing,Firefox,Mozilla/5.0 (X11; Ubuntu; Linux x86_64; rv:105.0) Gecko/20100101 Firefox/105.0,Ubuntu,php,/login.php,/login.php,-,Other,105.0.
"Oct 24, 2022 @ 23:25:53.000",dvwa_web,web,"Oct 24, 2022 @ 23:25:54.885","Oct 24, 2022 @ 23:25:55.888","123.123.123.3 - - [24/Oct/2022:23:25:53 +0800] ""POST /login.php HTTP/1.1"" 302 363 ""-"" ""Mozilla/5.0 (X11; Ubuntu; Linux x86_64; rv:105.0) Gecko/20100101 Firefox/105.0""",success,dvwa_web,bc7bc6b9453f4089b9bfee6b38b5fc6f,"123.123.123.123, 10.10.10.10","02:42:0a:0a:0a:0a, 02:42:7b:7b:7b:7b",dvwa_web,bullseye,debian,5.15.0-52-generic,Debian GNU/Linux,debian,linux,11 (bullseye),POST,-,363,302,1.1,apache,123.123.123.3,China Unicom Beijing Province Network,Beijing,Asia,CN,China,POINT (116.3861 39.9143),CN-BJ,Beijing,Firefox,Mozilla/5.0 (X11; Ubuntu; Linux x86_64; rv:105.0) Gecko/20100101 Firefox/105.0,Ubuntu,php,/login.php,/login.php,-,Other,105.0.
"Oct 24, 2022 @ 23:25:53.000",dvwa_web,web,"Oct 24, 2022 @ 23:25:54.885","Oct 24, 2022 @ 23:25:55.888","123.123.123.3 - - [24/Oct/2022:23:25:53 +0800] ""GET /index.php HTTP/1.1"" 200 2908 ""-"" ""Mozilla/5.0 (X11; Ubuntu; Linux x86_64; rv:105.0) Gecko/20100101 Firefox/105.0""",success,dvwa_web,bc7bc6b9453f4089b9bfee6b38b5fc6f,"123.123.123.123, 10.10.10.10","02:42:0a:0a:0a:0a, 02:42:7b:7b:7b:7b",dvwa_web,bullseye,debian,5.15.0-52-generic,Debian GNU/Linux,debian,linux,11 (bullseye),GET,-,"2,908",200,1.1,apache,123.123.123.3,China Unicom Beijing Province Network,Beijing,Asia,CN,China,POINT (116.3861 39.9143),CN-BJ,Beijing,Firefox,Mozilla/5.0 (X11; Ubuntu; Linux x86_64; rv:105.0) Gecko/20100101 Firefox/105.0,Ubuntu,php,/index.php,/index.php,-,Other,105.0.
"Oct 24, 2022 @ 23:25:53.000",dvwa_web,web,"Oct 24, 2022 @ 23:25:54.885","Oct 24, 2022 @ 23:25:55.888","123.123.123.3 - - [24/Oct/2022:23:25:53 +0800] ""GET /vulnerabilities/xss_s/ HTTP/1.1"" 200 1962 ""-"" ""Mozilla/5.0 (X11; Ubuntu; Linux x86_64; rv:105.0) Gecko/20100101 Firefox/105.0""",success,dvwa_web,bc7bc6b9453f4089b9bfee6b38b5fc6f,"123.123.123.123, 10.10.10.10","02:42:0a:0a:0a:0a, 02:42:7b:7b:7b:7b",dvwa_web,bullseye,debian,5.15.0-52-generic,Debian GNU/Linux,debian,linux,11 (bullseye),GET,-,"1,962",200,1.1,apache,123.123.123.3,China Unicom Beijing Province Network,Beijing,Asia,CN,China,POINT (116.3861 39.9143),CN-BJ,Beijing,Firefox,Mozilla/5.0 (X11; Ubuntu; Linux x86_64; rv:105.0) Gecko/20100101 Firefox/105.0,Ubuntu,-,/vulnerabilities/xss_s/,/vulnerabilities/xss_s/,-,Other,105.0.
"Oct 24, 2022 @ 23:25:53.000",dvwa_web,web,"Oct 24, 2022 @ 23:25:54.885","Oct 24, 2022 @ 23:25:55.888","123.123.123.3 - - [24/Oct/2022:23:25:53 +0800] ""GET /about.php HTTP/1.1"" 200 2335 ""-"" ""Mozilla/5.0 (X11; Ubuntu; Linux x86_64; rv:105.0) Gecko/20100101 Firefox/105.0""",success,dvwa_web,bc7bc6b9453f4089b9bfee6b38b5fc6f,"123.123.123.123, 10.10.10.10","02:42:0a:0a:0a:0a, 02:42:7b:7b:7b:7b",dvwa_web,bullseye,debian,5.15.0-52-generic,Debian GNU/Linux,debian,linux,11 (bullseye),GET,-,"2,335",200,1.1,apache,123.123.123.3,China Unicom Beijing Province Network,Beijing,Asia,CN,China,POINT (116.3861 39.9143),CN-BJ,Beijing,Firefox,Mozilla/5.0 (X11; Ubuntu; Linux x86_64; rv:105.0) Gecko/20100101 Firefox/105.0,Ubuntu,php,/about.php,/about.php,-,Other,105.0.
"Oct 24, 2022 @ 23:25:53.000",dvwa_web,web,"Oct 24, 2022 @ 23:25:54.885","Oct 24, 2022 @ 23:25:55.888","123.123.123.3 - - [24/Oct/2022:23:25:53 +0800] ""GET /vulnerabilities/xss_d/ HTTP/1.1"" 200 1869 ""-"" ""Mozilla/5.0 (X11; Ubuntu; Linux x86_64; rv:105.0) Gecko/20100101 Firefox/105.0""",success,dvwa_web,bc7bc6b9453f4089b9bfee6b38b5fc6f,"123.123.123.123, 10.10.10.10","02:42:0a:0a:0a:0a, 02:42:7b:7b:7b:7b",dvwa_web,bullseye,debian,5.15.0-52-generic,Debian GNU/Linux,debian,linux,11 (bullseye),GET,-,"1,869",200,1.1,apache,123.123.123.3,China Unicom Beijing Province Network,Beijing,Asia,CN,China,POINT (116.3861 39.9143),CN-BJ,Beijing,Firefox,Mozilla/5.0 (X11; Ubuntu; Linux x86_64; rv:105.0) Gecko/20100101 Firefox/105.0,Ubuntu,-,/vulnerabilities/xss_d/,/vulnerabilities/xss_d/,-,Other,105.0.
"Oct 24, 2022 @ 23:25:53.000",dvwa_web,web,"Oct 24, 2022 @ 23:25:54.885","Oct 24, 2022 @ 23:25:55.888","123.123.123.3 - - [24/Oct/2022:23:25:53 +0800] ""GET /logout.php HTTP/1.1"" 302 363 ""-"" ""Mozilla/5.0 (X11; Ubuntu; Linux x86_64; rv:105.0) Gecko/20100101 Firefox/105.0""",success,dvwa_web,bc7bc6b9453f4089b9bfee6b38b5fc6f,"123.123.123.123, 10.10.10.10","02:42:0a:0a:0a:0a, 02:42:7b:7b:7b:7b",dvwa_web,bullseye,debian,5.15.0-52-generic,Debian GNU/Linux,debian,linux,11 (bullseye),GET,-,363,302,1.1,apache,123.123.123.3,China Unicom Beijing Province Network,Beijing,Asia,CN,China,POINT (116.3861 39.9143),CN-BJ,Beijing,Firefox,Mozilla/5.0 (X11; Ubuntu; Linux x86_64; rv:105.0) Gecko/20100101 Firefox/105.0,Ubuntu,php,/logout.php,/logout.php,-,Other,105.0.
"Oct 24, 2022 @ 23:25:53.000",dvwa_web,web,"Oct 24, 2022 @ 23:25:54.886","Oct 24, 2022 @ 23:25:55.888","123.123.123.3 - - [24/Oct/2022:23:25:53 +0800] ""GET /login.php HTTP/1.1"" 200 1042 ""-"" ""Mozilla/5.0 (X11; Ubuntu; Linux x86_64; rv:105.0) Gecko/20100101 Firefox/105.0""",success,dvwa_web,bc7bc6b9453f4089b9bfee6b38b5fc6f,"123.123.123.123, 10.10.10.10","02:42:0a:0a:0a:0a, 02:42:7b:7b:7b:7b",dvwa_web,bullseye,debian,5.15.0-52-generic,Debian GNU/Linux,debian,linux,11 (bullseye),GET,-,"1,042",200,1.1,apache,123.123.123.3,China Unicom Beijing Province Network,Beijing,Asia,CN,China,POINT (116.3861 39.9143),CN-BJ,Beijing,Firefox,Mozilla/5.0 (X11; Ubuntu; Linux x86_64; rv:105.0) Gecko/20100101 Firefox/105.0,Ubuntu,php,/login.php,/login.php,-,Other,105.0.
"Oct 24, 2022 @ 23:25:47.000",dvwa_web,web,"Oct 24, 2022 @ 23:25:47.882","Oct 24, 2022 @ 23:25:48.886","127.0.0.1 - - [24/Oct/2022:23:25:47 +0800] ""GET /server-status?auto= HTTP/1.1"" 200 602 ""-"" ""Elastic-Metricbeat/8.4.3 (linux; amd64; c2f2aba479653563dbaabefe0f86f5579708ec94; 2022-09-27 15:34:12 +0000 UTC)""",success,dvwa_web,bc7bc6b9453f4089b9bfee6b38b5fc6f,"123.123.123.123, 10.10.10.10","02:42:0a:0a:0a:0a, 02:42:7b:7b:7b:7b",dvwa_web,bullseye,debian,5.15.0-52-generic,Debian GNU/Linux,debian,linux,11 (bullseye),GET,-,602,200,1.1,apache,127.0.0.1,-,-,-,-,-,-,-,-,Other,Elastic-Metricbeat/8.4.3 (linux; amd64; c2f2aba479653563dbaabefe0f86f5579708ec94; 2022-09-27 15:34:12 +0000 UTC),Linux,-,/server-status?auto=,/server-status,auto=,Other,-
"Oct 24, 2022 @ 23:25:44.000",dvwa_web,web,"Oct 24, 2022 @ 23:25:46.882","Oct 24, 2022 @ 23:25:47.704","123.123.123.4 - - [24/Oct/2022:23:25:44 +0800] ""GET /login.php HTTP/1.1"" 200 1180 ""-"" ""Mozilla/5.0 (X11; Ubuntu; Linux x86_64; rv:105.0) Gecko/20100101 Firefox/105.0""",success,dvwa_web,bc7bc6b9453f4089b9bfee6b38b5fc6f,"123.123.123.123, 10.10.10.10","02:42:0a:0a:0a:0a, 02:42:7b:7b:7b:7b",dvwa_web,bullseye,debian,5.15.0-52-generic,Debian GNU/Linux,debian,linux,11 (bullseye),GET,-,"1,180",200,1.1,apache,123.123.123.4,China Unicom Beijing Province Network,Beijing,Asia,CN,China,POINT (116.3861 39.9143),CN-BJ,Beijing,Firefox,Mozilla/5.0 (X11; Ubuntu; Linux x86_64; rv:105.0) Gecko/20100101 Firefox/105.0,Ubuntu,php,/login.php,/login.php,-,Other,105.0.
"Oct 24, 2022 @ 23:25:44.000",dvwa_web,web,"Oct 24, 2022 @ 23:25:46.882","Oct 24, 2022 @ 23:25:47.704","123.123.123.4 - - [24/Oct/2022:23:25:44 +0800] ""POST /login.php HTTP/1.1"" 302 363 ""-"" ""Mozilla/5.0 (X11; Ubuntu; Linux x86_64; rv:105.0) Gecko/20100101 Firefox/105.0""",success,dvwa_web,bc7bc6b9453f4089b9bfee6b38b5fc6f,"123.123.123.123, 10.10.10.10","02:42:0a:0a:0a:0a, 02:42:7b:7b:7b:7b",dvwa_web,bullseye,debian,5.15.0-52-generic,Debian GNU/Linux,debian,linux,11 (bullseye),POST,-,363,302,1.1,apache,123.123.123.4,China Unicom Beijing Province Network,Beijing,Asia,CN,China,POINT (116.3861 39.9143),CN-BJ,Beijing,Firefox,Mozilla/5.0 (X11; Ubuntu; Linux x86_64; rv:105.0) Gecko/20100101 Firefox/105.0,Ubuntu,php,/login.php,/login.php,-,Other,105.0.
"Oct 24, 2022 @ 23:25:44.000",dvwa_web,web,"Oct 24, 2022 @ 23:25:46.882","Oct 24, 2022 @ 23:25:47.704","123.123.123.4 - - [24/Oct/2022:23:25:44 +0800] ""GET /index.php HTTP/1.1"" 200 2908 ""-"" ""Mozilla/5.0 (X11; Ubuntu; Linux x86_64; rv:105.0) Gecko/20100101 Firefox/105.0""",success,dvwa_web,bc7bc6b9453f4089b9bfee6b38b5fc6f,"123.123.123.123, 10.10.10.10","02:42:0a:0a:0a:0a, 02:42:7b:7b:7b:7b",dvwa_web,bullseye,debian,5.15.0-52-generic,Debian GNU/Linux,debian,linux,11 (bullseye),GET,-,"2,908",200,1.1,apache,123.123.123.4,China Unicom Beijing Province Network,Beijing,Asia,CN,China,POINT (116.3861 39.9143),CN-BJ,Beijing,Firefox,Mozilla/5.0 (X11; Ubuntu; Linux x86_64; rv:105.0) Gecko/20100101 Firefox/105.0,Ubuntu,php,/index.php,/index.php,-,Other,105.0.
"Oct 24, 2022 @ 23:25:44.000",dvwa_web,web,"Oct 24, 2022 @ 23:25:46.882","Oct 24, 2022 @ 23:25:47.705","123.123.123.4 - - [24/Oct/2022:23:25:44 +0800] ""GET /phpinfo.php HTTP/1.1"" 200 23109 ""-"" ""Mozilla/5.0 (X11; Ubuntu; Linux x86_64; rv:105.0) Gecko/20100101 Firefox/105.0""",success,dvwa_web,bc7bc6b9453f4089b9bfee6b38b5fc6f,"123.123.123.123, 10.10.10.10","02:42:0a:0a:0a:0a, 02:42:7b:7b:7b:7b",dvwa_web,bullseye,debian,5.15.0-52-generic,Debian GNU/Linux,debian,linux,11 (bullseye),GET,-,"23,109",200,1.1,apache,123.123.123.4,China Unicom Beijing Province Network,Beijing,Asia,CN,China,POINT (116.3861 39.9143),CN-BJ,Beijing,Firefox,Mozilla/5.0 (X11; Ubuntu; Linux x86_64; rv:105.0) Gecko/20100101 Firefox/105.0,Ubuntu,php,/phpinfo.php,/phpinfo.php,-,Other,105.0.
"Oct 24, 2022 @ 23:25:44.000",dvwa_web,web,"Oct 24, 2022 @ 23:25:46.882","Oct 24, 2022 @ 23:25:47.705","123.123.123.4 - - [24/Oct/2022:23:25:44 +0800] ""GET /vulnerabilities/javascript/ HTTP/1.1"" 200 3595 ""-"" ""Mozilla/5.0 (X11; Ubuntu; Linux x86_64; rv:105.0) Gecko/20100101 Firefox/105.0""",success,dvwa_web,bc7bc6b9453f4089b9bfee6b38b5fc6f,"123.123.123.123, 10.10.10.10","02:42:0a:0a:0a:0a, 02:42:7b:7b:7b:7b",dvwa_web,bullseye,debian,5.15.0-52-generic,Debian GNU/Linux,debian,linux,11 (bullseye),GET,-,"3,595",200,1.1,apache,123.123.123.4,China Unicom Beijing Province Network,Beijing,Asia,CN,China,POINT (116.3861 39.9143),CN-BJ,Beijing,Firefox,Mozilla/5.0 (X11; Ubuntu; Linux x86_64; rv:105.0) Gecko/20100101 Firefox/105.0,Ubuntu,-,/vulnerabilities/javascript/,/vulnerabilities/javascript/,-,Other,105.0.
"Oct 24, 2022 @ 23:25:44.000",dvwa_web,web,"Oct 24, 2022 @ 23:25:46.882","Oct 24, 2022 @ 23:25:47.705","123.123.123.4 - - [24/Oct/2022:23:25:44 +0800] ""GET /vulnerabilities/weak_id/ HTTP/1.1"" 200 1515 ""-"" ""Mozilla/5.0 (X11; Ubuntu; Linux x86_64; rv:105.0) Gecko/20100101 Firefox/105.0""",success,dvwa_web,bc7bc6b9453f4089b9bfee6b38b5fc6f,"123.123.123.123, 10.10.10.10","02:42:0a:0a:0a:0a, 02:42:7b:7b:7b:7b",dvwa_web,bullseye,debian,5.15.0-52-generic,Debian GNU/Linux,debian,linux,11 (bullseye),GET,-,"1,515",200,1.1,apache,123.123.123.4,China Unicom Beijing Province Network,Beijing,Asia,CN,China,POINT (116.3861 39.9143),CN-BJ,Beijing,Firefox,Mozilla/5.0 (X11; Ubuntu; Linux x86_64; rv:105.0) Gecko/20100101 Firefox/105.0,Ubuntu,-,/vulnerabilities/weak_id/,/vulnerabilities/weak_id/,-,Other,105.0.
"Oct 24, 2022 @ 23:25:44.000",dvwa_web,web,"Oct 24, 2022 @ 23:25:46.882","Oct 24, 2022 @ 23:25:47.705","123.123.123.4 - - [24/Oct/2022:23:25:44 +0800] ""GET /logout.php HTTP/1.1"" 302 363 ""-"" ""Mozilla/5.0 (X11; Ubuntu; Linux x86_64; rv:105.0) Gecko/20100101 Firefox/105.0""",success,dvwa_web,bc7bc6b9453f4089b9bfee6b38b5fc6f,"123.123.123.123, 10.10.10.10","02:42:0a:0a:0a:0a, 02:42:7b:7b:7b:7b",dvwa_web,bullseye,debian,5.15.0-52-generic,Debian GNU/Linux,debian,linux,11 (bullseye),GET,-,363,302,1.1,apache,123.123.123.4,China Unicom Beijing Province Network,Beijing,Asia,CN,China,POINT (116.3861 39.9143),CN-BJ,Beijing,Firefox,Mozilla/5.0 (X11; Ubuntu; Linux x86_64; rv:105.0) Gecko/20100101 Firefox/105.0,Ubuntu,php,/logout.php,/logout.php,-,Other,105.0.
"Oct 24, 2022 @ 23:25:44.000",dvwa_web,web,"Oct 24, 2022 @ 23:25:46.882","Oct 24, 2022 @ 23:25:47.705","123.123.123.4 - - [24/Oct/2022:23:25:44 +0800] ""GET /login.php HTTP/1.1"" 200 1042 ""-"" ""Mozilla/5.0 (X11; Ubuntu; Linux x86_64; rv:105.0) Gecko/20100101 Firefox/105.0""",success,dvwa_web,bc7bc6b9453f4089b9bfee6b38b5fc6f,"123.123.123.123, 10.10.10.10","02:42:0a:0a:0a:0a, 02:42:7b:7b:7b:7b",dvwa_web,bullseye,debian,5.15.0-52-generic,Debian GNU/Linux,debian,linux,11 (bullseye),GET,-,"1,042",200,1.1,apache,123.123.123.4,China Unicom Beijing Province Network,Beijing,Asia,CN,China,POINT (116.3861 39.9143),CN-BJ,Beijing,Firefox,Mozilla/5.0 (X11; Ubuntu; Linux x86_64; rv:105.0) Gecko/20100101 Firefox/105.0,Ubuntu,php,/login.php,/login.php,-,Other,105.0.
"Oct 24, 2022 @ 23:25:43.000",dvwa_web,web,"Oct 24, 2022 @ 23:25:46.881","Oct 24, 2022 @ 23:25:47.694","123.123.123.2 - - [24/Oct/2022:23:25:43 +0800] ""GET /login.php HTTP/1.1"" 200 1183 ""-"" ""Mozilla/5.0 (X11; Ubuntu; Linux x86_64; rv:105.0) Gecko/20100101 Firefox/105.0""",success,dvwa_web,bc7bc6b9453f4089b9bfee6b38b5fc6f,"123.123.123.123, 10.10.10.10","02:42:0a:0a:0a:0a, 02:42:7b:7b:7b:7b",dvwa_web,bullseye,debian,5.15.0-52-generic,Debian GNU/Linux,debian,linux,11 (bullseye),GET,-,"1,183",200,1.1,apache,123.123.123.2,China Unicom Beijing Province Network,Beijing,Asia,CN,China,POINT (116.3861 39.9143),CN-BJ,Beijing,Firefox,Mozilla/5.0 (X11; Ubuntu; Linux x86_64; rv:105.0) Gecko/20100101 Firefox/105.0,Ubuntu,php,/login.php,/login.php,-,Other,105.0.
"Oct 24, 2022 @ 23:25:43.000",dvwa_web,web,"Oct 24, 2022 @ 23:25:46.881","Oct 24, 2022 @ 23:25:47.694","123.123.123.2 - - [24/Oct/2022:23:25:43 +0800] ""POST /login.php HTTP/1.1"" 302 363 ""-"" ""Mozilla/5.0 (X11; Ubuntu; Linux x86_64; rv:105.0) Gecko/20100101 Firefox/105.0""",success,dvwa_web,bc7bc6b9453f4089b9bfee6b38b5fc6f,"123.123.123.123, 10.10.10.10","02:42:0a:0a:0a:0a, 02:42:7b:7b:7b:7b",dvwa_web,bullseye,debian,5.15.0-52-generic,Debian GNU/Linux,debian,linux,11 (bullseye),POST,-,363,302,1.1,apache,123.123.123.2,China Unicom Beijing Province Network,Beijing,Asia,CN,China,POINT (116.3861 39.9143),CN-BJ,Beijing,Firefox,Mozilla/5.0 (X11; Ubuntu; Linux x86_64; rv:105.0) Gecko/20100101 Firefox/105.0,Ubuntu,php,/login.php,/login.php,-,Other,105.0.
"Oct 24, 2022 @ 23:25:43.000",dvwa_web,web,"Oct 24, 2022 @ 23:25:46.881","Oct 24, 2022 @ 23:25:47.703","123.123.123.2 - - [24/Oct/2022:23:25:43 +0800] ""GET /index.php HTTP/1.1"" 200 2908 ""-"" ""Mozilla/5.0 (X11; Ubuntu; Linux x86_64; rv:105.0) Gecko/20100101 Firefox/105.0""",success,dvwa_web,bc7bc6b9453f4089b9bfee6b38b5fc6f,"123.123.123.123, 10.10.10.10","02:42:0a:0a:0a:0a, 02:42:7b:7b:7b:7b",dvwa_web,bullseye,debian,5.15.0-52-generic,Debian GNU/Linux,debian,linux,11 (bullseye),GET,-,"2,908",200,1.1,apache,123.123.123.2,China Unicom Beijing Province Network,Beijing,Asia,CN,China,POINT (116.3861 39.9143),CN-BJ,Beijing,Firefox,Mozilla/5.0 (X11; Ubuntu; Linux x86_64; rv:105.0) Gecko/20100101 Firefox/105.0,Ubuntu,php,/index.php,/index.php,-,Other,105.0.
"Oct 24, 2022 @ 23:25:43.000",dvwa_web,web,"Oct 24, 2022 @ 23:25:46.881","Oct 24, 2022 @ 23:25:47.703","123.123.123.2 - - [24/Oct/2022:23:25:43 +0800] ""GET /phpinfo.php HTTP/1.1"" 200 23114 ""-"" ""Mozilla/5.0 (X11; Ubuntu; Linux x86_64; rv:105.0) Gecko/20100101 Firefox/105.0""",success,dvwa_web,bc7bc6b9453f4089b9bfee6b38b5fc6f,"123.123.123.123, 10.10.10.10","02:42:0a:0a:0a:0a, 02:42:7b:7b:7b:7b",dvwa_web,bullseye,debian,5.15.0-52-generic,Debian GNU/Linux,debian,linux,11 (bullseye),GET,-,"23,114",200,1.1,apache,123.123.123.2,China Unicom Beijing Province Network,Beijing,Asia,CN,China,POINT (116.3861 39.9143),CN-BJ,Beijing,Firefox,Mozilla/5.0 (X11; Ubuntu; Linux x86_64; rv:105.0) Gecko/20100101 Firefox/105.0,Ubuntu,php,/phpinfo.php,/phpinfo.php,-,Other,105.0.
"Oct 24, 2022 @ 23:25:43.000",dvwa_web,web,"Oct 24, 2022 @ 23:25:46.882","Oct 24, 2022 @ 23:25:47.704","123.123.123.2 - - [24/Oct/2022:23:25:43 +0800] ""GET /vulnerabilities/xss_s/ HTTP/1.1"" 200 1962 ""-"" ""Mozilla/5.0 (X11; Ubuntu; Linux x86_64; rv:105.0) Gecko/20100101 Firefox/105.0""",success,dvwa_web,bc7bc6b9453f4089b9bfee6b38b5fc6f,"123.123.123.123, 10.10.10.10","02:42:0a:0a:0a:0a, 02:42:7b:7b:7b:7b",dvwa_web,bullseye,debian,5.15.0-52-generic,Debian GNU/Linux,debian,linux,11 (bullseye),GET,-,"1,962",200,1.1,apache,123.123.123.2,China Unicom Beijing Province Network,Beijing,Asia,CN,China,POINT (116.3861 39.9143),CN-BJ,Beijing,Firefox,Mozilla/5.0 (X11; Ubuntu; Linux x86_64; rv:105.0) Gecko/20100101 Firefox/105.0,Ubuntu,-,/vulnerabilities/xss_s/,/vulnerabilities/xss_s/,-,Other,105.0.
"Oct 24, 2022 @ 23:25:43.000",dvwa_web,web,"Oct 24, 2022 @ 23:25:46.882","Oct 24, 2022 @ 23:25:47.704","123.123.123.2 - - [24/Oct/2022:23:25:43 +0800] ""GET /vulnerabilities/sqli_blind/ HTTP/1.1"" 200 1698 ""-"" ""Mozilla/5.0 (X11; Ubuntu; Linux x86_64; rv:105.0) Gecko/20100101 Firefox/105.0""",success,dvwa_web,bc7bc6b9453f4089b9bfee6b38b5fc6f,"123.123.123.123, 10.10.10.10","02:42:0a:0a:0a:0a, 02:42:7b:7b:7b:7b",dvwa_web,bullseye,debian,5.15.0-52-generic,Debian GNU/Linux,debian,linux,11 (bullseye),GET,-,"1,698",200,1.1,apache,123.123.123.2,China Unicom Beijing Province Network,Beijing,Asia,CN,China,POINT (116.3861 39.9143),CN-BJ,Beijing,Firefox,Mozilla/5.0 (X11; Ubuntu; Linux x86_64; rv:105.0) Gecko/20100101 Firefox/105.0,Ubuntu,-,/vulnerabilities/sqli_blind/,/vulnerabilities/sqli_blind/,-,Other,105.0.
"Oct 24, 2022 @ 23:25:43.000",dvwa_web,web,"Oct 24, 2022 @ 23:25:46.882","Oct 24, 2022 @ 23:25:47.704","123.123.123.2 - - [24/Oct/2022:23:25:43 +0800] ""GET /logout.php HTTP/1.1"" 302 363 ""-"" ""Mozilla/5.0 (X11; Ubuntu; Linux x86_64; rv:105.0) Gecko/20100101 Firefox/105.0""",success,dvwa_web,bc7bc6b9453f4089b9bfee6b38b5fc6f,"123.123.123.123, 10.10.10.10","02:42:0a:0a:0a:0a, 02:42:7b:7b:7b:7b",dvwa_web,bullseye,debian,5.15.0-52-generic,Debian GNU/Linux,debian,linux,11 (bullseye),GET,-,363,302,1.1,apache,123.123.123.2,China Unicom Beijing Province Network,Beijing,Asia,CN,China,POINT (116.3861 39.9143),CN-BJ,Beijing,Firefox,Mozilla/5.0 (X11; Ubuntu; Linux x86_64; rv:105.0) Gecko/20100101 Firefox/105.0,Ubuntu,php,/logout.php,/logout.php,-,Other,105.0.
"Oct 24, 2022 @ 23:25:43.000",dvwa_web,web,"Oct 24, 2022 @ 23:25:46.882","Oct 24, 2022 @ 23:25:47.704","123.123.123.2 - - [24/Oct/2022:23:25:43 +0800] ""GET /login.php HTTP/1.1"" 200 1041 ""-"" ""Mozilla/5.0 (X11; Ubuntu; Linux x86_64; rv:105.0) Gecko/20100101 Firefox/105.0""",success,dvwa_web,bc7bc6b9453f4089b9bfee6b38b5fc6f,"123.123.123.123, 10.10.10.10","02:42:0a:0a:0a:0a, 02:42:7b:7b:7b:7b",dvwa_web,bullseye,debian,5.15.0-52-generic,Debian GNU/Linux,debian,linux,11 (bullseye),GET,-,"1,041",200,1.1,apache,123.123.123.2,China Unicom Beijing Province Network,Beijing,Asia,CN,China,POINT (116.3861 39.9143),CN-BJ,Beijing,Firefox,Mozilla/5.0 (X11; Ubuntu; Linux x86_64; rv:105.0) Gecko/20100101 Firefox/105.0,Ubuntu,php,/login.php,/login.php,-,Other,105.0.
"Oct 24, 2022 @ 23:25:37.000",dvwa_web,web,"Oct 24, 2022 @ 23:25:39.878","Oct 24, 2022 @ 23:25:40.885","127.0.0.1 - - [24/Oct/2022:23:25:37 +0800] ""GET /server-status?auto= HTTP/1.1"" 200 608 ""-"" ""Elastic-Metricbeat/8.4.3 (linux; amd64; c2f2aba479653563dbaabefe0f86f5579708ec94; 2022-09-27 15:34:12 +0000 UTC)""",success,dvwa_web,bc7bc6b9453f4089b9bfee6b38b5fc6f,"123.123.123.123, 10.10.10.10","02:42:0a:0a:0a:0a, 02:42:7b:7b:7b:7b",dvwa_web,bullseye,debian,5.15.0-52-generic,Debian GNU/Linux,debian,linux,11 (bullseye),GET,-,608,200,1.1,apache,127.0.0.1,-,-,-,-,-,-,-,-,Other,Elastic-Metricbeat/8.4.3 (linux; amd64; c2f2aba479653563dbaabefe0f86f5579708ec94; 2022-09-27 15:34:12 +0000 UTC),Linux,-,/server-status?auto=,/server-status,auto=,Other,-
"Oct 24, 2022 @ 23:25:27.000",dvwa_web,web,"Oct 24, 2022 @ 23:25:32.876","Oct 24, 2022 @ 23:25:33.878","127.0.0.1 - - [24/Oct/2022:23:25:27 +0800] ""GET /server-status?auto= HTTP/1.1"" 200 609 ""-"" ""Elastic-Metricbeat/8.4.3 (linux; amd64; c2f2aba479653563dbaabefe0f86f5579708ec94; 2022-09-27 15:34:12 +0000 UTC)""",success,dvwa_web,bc7bc6b9453f4089b9bfee6b38b5fc6f,"123.123.123.123, 10.10.10.10","02:42:0a:0a:0a:0a, 02:42:7b:7b:7b:7b",dvwa_web,bullseye,debian,5.15.0-52-generic,Debian GNU/Linux,debian,linux,11 (bullseye),GET,-,609,200,1.1,apache,127.0.0.1,-,-,-,-,-,-,-,-,Other,Elastic-Metricbeat/8.4.3 (linux; amd64; c2f2aba479653563dbaabefe0f86f5579708ec94; 2022-09-27 15:34:12 +0000 UTC),Linux,-,/server-status?auto=,/server-status,auto=,Other,-
"Oct 24, 2022 @ 23:25:17.000",dvwa_web,web,"Oct 24, 2022 @ 23:25:17.872","Oct 24, 2022 @ 23:25:18.654","123.123.123.3 - - [24/Oct/2022:23:25:17 +0800] ""GET /login.php HTTP/1.1"" 200 1181 ""-"" ""Mozilla/5.0 (X11; Ubuntu; Linux x86_64; rv:105.0) Gecko/20100101 Firefox/105.0""",success,dvwa_web,bc7bc6b9453f4089b9bfee6b38b5fc6f,"123.123.123.123, 10.10.10.10","02:42:0a:0a:0a:0a, 02:42:7b:7b:7b:7b",dvwa_web,bullseye,debian,5.15.0-52-generic,Debian GNU/Linux,debian,linux,11 (bullseye),GET,-,"1,181",200,1.1,apache,123.123.123.3,China Unicom Beijing Province Network,Beijing,Asia,CN,China,POINT (116.3861 39.9143),CN-BJ,Beijing,Firefox,Mozilla/5.0 (X11; Ubuntu; Linux x86_64; rv:105.0) Gecko/20100101 Firefox/105.0,Ubuntu,php,/login.php,/login.php,-,Other,105.0.
"Oct 24, 2022 @ 23:25:17.000",dvwa_web,web,"Oct 24, 2022 @ 23:25:17.873","Oct 24, 2022 @ 23:25:18.655","123.123.123.3 - - [24/Oct/2022:23:25:17 +0800] ""POST /login.php HTTP/1.1"" 302 363 ""-"" ""Mozilla/5.0 (X11; Ubuntu; Linux x86_64; rv:105.0) Gecko/20100101 Firefox/105.0""",success,dvwa_web,bc7bc6b9453f4089b9bfee6b38b5fc6f,"123.123.123.123, 10.10.10.10","02:42:0a:0a:0a:0a, 02:42:7b:7b:7b:7b",dvwa_web,bullseye,debian,5.15.0-52-generic,Debian GNU/Linux,debian,linux,11 (bullseye),POST,-,363,302,1.1,apache,123.123.123.3,China Unicom Beijing Province Network,Beijing,Asia,CN,China,POINT (116.3861 39.9143),CN-BJ,Beijing,Firefox,Mozilla/5.0 (X11; Ubuntu; Linux x86_64; rv:105.0) Gecko/20100101 Firefox/105.0,Ubuntu,php,/login.php,/login.php,-,Other,105.0.
"Oct 24, 2022 @ 23:25:17.000",dvwa_web,web,"Oct 24, 2022 @ 23:25:17.873","Oct 24, 2022 @ 23:25:18.655","123.123.123.3 - - [24/Oct/2022:23:25:17 +0800] ""GET /index.php HTTP/1.1"" 200 2908 ""-"" ""Mozilla/5.0 (X11; Ubuntu; Linux x86_64; rv:105.0) Gecko/20100101 Firefox/105.0""",success,dvwa_web,bc7bc6b9453f4089b9bfee6b38b5fc6f,"123.123.123.123, 10.10.10.10","02:42:0a:0a:0a:0a, 02:42:7b:7b:7b:7b",dvwa_web,bullseye,debian,5.15.0-52-generic,Debian GNU/Linux,debian,linux,11 (bullseye),GET,-,"2,908",200,1.1,apache,123.123.123.3,China Unicom Beijing Province Network,Beijing,Asia,CN,China,POINT (116.3861 39.9143),CN-BJ,Beijing,Firefox,Mozilla/5.0 (X11; Ubuntu; Linux x86_64; rv:105.0) Gecko/20100101 Firefox/105.0,Ubuntu,php,/index.php,/index.php,-,Other,105.0.
"Oct 24, 2022 @ 23:25:17.000",dvwa_web,web,"Oct 24, 2022 @ 23:25:17.873","Oct 24, 2022 @ 23:25:18.655","123.123.123.3 - - [24/Oct/2022:23:25:17 +0800] ""GET /vulnerabilities/brute/vulnerabilities/csrf/ HTTP/1.1"" 404 487 ""-"" ""Mozilla/5.0 (X11; Ubuntu; Linux x86_64; rv:105.0) Gecko/20100101 Firefox/105.0""",failure,dvwa_web,bc7bc6b9453f4089b9bfee6b38b5fc6f,"123.123.123.123, 10.10.10.10","02:42:0a:0a:0a:0a, 02:42:7b:7b:7b:7b",dvwa_web,bullseye,debian,5.15.0-52-generic,Debian GNU/Linux,debian,linux,11 (bullseye),GET,-,487,404,1.1,apache,123.123.123.3,China Unicom Beijing Province Network,Beijing,Asia,CN,China,POINT (116.3861 39.9143),CN-BJ,Beijing,Firefox,Mozilla/5.0 (X11; Ubuntu; Linux x86_64; rv:105.0) Gecko/20100101 Firefox/105.0,Ubuntu,-,/vulnerabilities/brute/vulnerabilities/csrf/,/vulnerabilities/brute/vulnerabilities/csrf/,-,Other,105.0.
"Oct 24, 2022 @ 23:25:17.000",dvwa_web,web,"Oct 24, 2022 @ 23:25:17.873","Oct 24, 2022 @ 23:25:18.655","123.123.123.3 - - [24/Oct/2022:23:25:17 +0800] ""GET /vulnerabilities/sqli/ HTTP/1.1"" 200 1691 ""-"" ""Mozilla/5.0 (X11; Ubuntu; Linux x86_64; rv:105.0) Gecko/20100101 Firefox/105.0""",success,dvwa_web,bc7bc6b9453f4089b9bfee6b38b5fc6f,"123.123.123.123, 10.10.10.10","02:42:0a:0a:0a:0a, 02:42:7b:7b:7b:7b",dvwa_web,bullseye,debian,5.15.0-52-generic,Debian GNU/Linux,debian,linux,11 (bullseye),GET,-,"1,691",200,1.1,apache,123.123.123.3,China Unicom Beijing Province Network,Beijing,Asia,CN,China,POINT (116.3861 39.9143),CN-BJ,Beijing,Firefox,Mozilla/5.0 (X11; Ubuntu; Linux x86_64; rv:105.0) Gecko/20100101 Firefox/105.0,Ubuntu,-,/vulnerabilities/sqli/,/vulnerabilities/sqli/,-,Other,105.0.
"Oct 24, 2022 @ 23:25:17.000",dvwa_web,web,"Oct 24, 2022 @ 23:25:17.873","Oct 24, 2022 @ 23:25:18.656","123.123.123.3 - - [24/Oct/2022:23:25:17 +0800] ""GET /vulnerabilities/weak_id/ HTTP/1.1"" 200 1515 ""-"" ""Mozilla/5.0 (X11; Ubuntu; Linux x86_64; rv:105.0) Gecko/20100101 Firefox/105.0""",success,dvwa_web,bc7bc6b9453f4089b9bfee6b38b5fc6f,"123.123.123.123, 10.10.10.10","02:42:0a:0a:0a:0a, 02:42:7b:7b:7b:7b",dvwa_web,bullseye,debian,5.15.0-52-generic,Debian GNU/Linux,debian,linux,11 (bullseye),GET,-,"1,515",200,1.1,apache,123.123.123.3,China Unicom Beijing Province Network,Beijing,Asia,CN,China,POINT (116.3861 39.9143),CN-BJ,Beijing,Firefox,Mozilla/5.0 (X11; Ubuntu; Linux x86_64; rv:105.0) Gecko/20100101 Firefox/105.0,Ubuntu,-,/vulnerabilities/weak_id/,/vulnerabilities/weak_id/,-,Other,105.0.
"Oct 24, 2022 @ 23:25:17.000",dvwa_web,web,"Oct 24, 2022 @ 23:25:17.873","Oct 24, 2022 @ 23:25:18.656","123.123.123.3 - - [24/Oct/2022:23:25:17 +0800] ""GET /logout.php HTTP/1.1"" 302 363 ""-"" ""Mozilla/5.0 (X11; Ubuntu; Linux x86_64; rv:105.0) Gecko/20100101 Firefox/105.0""",success,dvwa_web,bc7bc6b9453f4089b9bfee6b38b5fc6f,"123.123.123.123, 10.10.10.10","02:42:0a:0a:0a:0a, 02:42:7b:7b:7b:7b",dvwa_web,bullseye,debian,5.15.0-52-generic,Debian GNU/Linux,debian,linux,11 (bullseye),GET,-,363,302,1.1,apache,123.123.123.3,China Unicom Beijing Province Network,Beijing,Asia,CN,China,POINT (116.3861 39.9143),CN-BJ,Beijing,Firefox,Mozilla/5.0 (X11; Ubuntu; Linux x86_64; rv:105.0) Gecko/20100101 Firefox/105.0,Ubuntu,php,/logout.php,/logout.php,-,Other,105.0.
"Oct 24, 2022 @ 23:25:17.000",dvwa_web,web,"Oct 24, 2022 @ 23:25:17.873","Oct 24, 2022 @ 23:25:18.657","123.123.123.3 - - [24/Oct/2022:23:25:17 +0800] ""GET /login.php HTTP/1.1"" 200 1045 ""-"" ""Mozilla/5.0 (X11; Ubuntu; Linux x86_64; rv:105.0) Gecko/20100101 Firefox/105.0""",success,dvwa_web,bc7bc6b9453f4089b9bfee6b38b5fc6f,"123.123.123.123, 10.10.10.10","02:42:0a:0a:0a:0a, 02:42:7b:7b:7b:7b",dvwa_web,bullseye,debian,5.15.0-52-generic,Debian GNU/Linux,debian,linux,11 (bullseye),GET,-,"1,045",200,1.1,apache,123.123.123.3,China Unicom Beijing Province Network,Beijing,Asia,CN,China,POINT (116.3861 39.9143),CN-BJ,Beijing,Firefox,Mozilla/5.0 (X11; Ubuntu; Linux x86_64; rv:105.0) Gecko/20100101 Firefox/105.0,Ubuntu,php,/login.php,/login.php,-,Other,105.0.
"Oct 24, 2022 @ 23:25:17.000",dvwa_web,web,"Oct 24, 2022 @ 23:25:17.873","Oct 24, 2022 @ 23:25:18.657","127.0.0.1 - - [24/Oct/2022:23:25:17 +0800] ""GET /server-status?auto= HTTP/1.1"" 200 606 ""-"" ""Elastic-Metricbeat/8.4.3 (linux; amd64; c2f2aba479653563dbaabefe0f86f5579708ec94; 2022-09-27 15:34:12 +0000 UTC)""",success,dvwa_web,bc7bc6b9453f4089b9bfee6b38b5fc6f,"123.123.123.123, 10.10.10.10","02:42:0a:0a:0a:0a, 02:42:7b:7b:7b:7b",dvwa_web,bullseye,debian,5.15.0-52-generic,Debian GNU/Linux,debian,linux,11 (bullseye),GET,-,606,200,1.1,apache,127.0.0.1,-,-,-,-,-,-,-,-,Other,Elastic-Metricbeat/8.4.3 (linux; amd64; c2f2aba479653563dbaabefe0f86f5579708ec94; 2022-09-27 15:34:12 +0000 UTC),Linux,-,/server-status?auto=,/server-status,auto=,Other,-
"Oct 24, 2022 @ 23:25:14.000",dvwa_web,web,"Oct 24, 2022 @ 23:25:14.871","Oct 24, 2022 @ 23:25:15.874","123.123.123.4 - - [24/Oct/2022:23:25:14 +0800] ""GET /login.php HTTP/1.1"" 200 1183 ""-"" ""Mozilla/5.0 (X11; Ubuntu; Linux x86_64; rv:105.0) Gecko/20100101 Firefox/105.0""",success,dvwa_web,bc7bc6b9453f4089b9bfee6b38b5fc6f,"123.123.123.123, 10.10.10.10","02:42:0a:0a:0a:0a, 02:42:7b:7b:7b:7b",dvwa_web,bullseye,debian,5.15.0-52-generic,Debian GNU/Linux,debian,linux,11 (bullseye),GET,-,"1,183",200,1.1,apache,123.123.123.4,China Unicom Beijing Province Network,Beijing,Asia,CN,China,POINT (116.3861 39.9143),CN-BJ,Beijing,Firefox,Mozilla/5.0 (X11; Ubuntu; Linux x86_64; rv:105.0) Gecko/20100101 Firefox/105.0,Ubuntu,php,/login.php,/login.php,-,Other,105.0.
"Oct 24, 2022 @ 23:25:14.000",dvwa_web,web,"Oct 24, 2022 @ 23:25:14.871","Oct 24, 2022 @ 23:25:15.875","123.123.123.4 - - [24/Oct/2022:23:25:14 +0800] ""POST /login.php HTTP/1.1"" 302 363 ""-"" ""Mozilla/5.0 (X11; Ubuntu; Linux x86_64; rv:105.0) Gecko/20100101 Firefox/105.0""",success,dvwa_web,bc7bc6b9453f4089b9bfee6b38b5fc6f,"123.123.123.123, 10.10.10.10","02:42:0a:0a:0a:0a, 02:42:7b:7b:7b:7b",dvwa_web,bullseye,debian,5.15.0-52-generic,Debian GNU/Linux,debian,linux,11 (bullseye),POST,-,363,302,1.1,apache,123.123.123.4,China Unicom Beijing Province Network,Beijing,Asia,CN,China,POINT (116.3861 39.9143),CN-BJ,Beijing,Firefox,Mozilla/5.0 (X11; Ubuntu; Linux x86_64; rv:105.0) Gecko/20100101 Firefox/105.0,Ubuntu,php,/login.php,/login.php,-,Other,105.0.
"Oct 24, 2022 @ 23:25:14.000",dvwa_web,web,"Oct 24, 2022 @ 23:25:14.872","Oct 24, 2022 @ 23:25:15.875","123.123.123.4 - - [24/Oct/2022:23:25:14 +0800] ""GET /index.php HTTP/1.1"" 200 2908 ""-"" ""Mozilla/5.0 (X11; Ubuntu; Linux x86_64; rv:105.0) Gecko/20100101 Firefox/105.0""",success,dvwa_web,bc7bc6b9453f4089b9bfee6b38b5fc6f,"123.123.123.123, 10.10.10.10","02:42:0a:0a:0a:0a, 02:42:7b:7b:7b:7b",dvwa_web,bullseye,debian,5.15.0-52-generic,Debian GNU/Linux,debian,linux,11 (bullseye),GET,-,"2,908",200,1.1,apache,123.123.123.4,China Unicom Beijing Province Network,Beijing,Asia,CN,China,POINT (116.3861 39.9143),CN-BJ,Beijing,Firefox,Mozilla/5.0 (X11; Ubuntu; Linux x86_64; rv:105.0) Gecko/20100101 Firefox/105.0,Ubuntu,php,/index.php,/index.php,-,Other,105.0.
"Oct 24, 2022 @ 23:25:14.000",dvwa_web,web,"Oct 24, 2022 @ 23:25:14.872","Oct 24, 2022 @ 23:25:15.875","123.123.123.4 - - [24/Oct/2022:23:25:14 +0800] ""GET /index.php HTTP/1.1"" 200 2881 ""-"" ""Mozilla/5.0 (X11; Ubuntu; Linux x86_64; rv:105.0) Gecko/20100101 Firefox/105.0""",success,dvwa_web,bc7bc6b9453f4089b9bfee6b38b5fc6f,"123.123.123.123, 10.10.10.10","02:42:0a:0a:0a:0a, 02:42:7b:7b:7b:7b",dvwa_web,bullseye,debian,5.15.0-52-generic,Debian GNU/Linux,debian,linux,11 (bullseye),GET,-,"2,881",200,1.1,apache,123.123.123.4,China Unicom Beijing Province Network,Beijing,Asia,CN,China,POINT (116.3861 39.9143),CN-BJ,Beijing,Firefox,Mozilla/5.0 (X11; Ubuntu; Linux x86_64; rv:105.0) Gecko/20100101 Firefox/105.0,Ubuntu,php,/index.php,/index.php,-,Other,105.0.
"Oct 24, 2022 @ 23:25:14.000",dvwa_web,web,"Oct 24, 2022 @ 23:25:14.872","Oct 24, 2022 @ 23:25:15.875","123.123.123.4 - - [24/Oct/2022:23:25:14 +0800] ""GET /vulnerabilities/weak_id/ HTTP/1.1"" 200 1515 ""-"" ""Mozilla/5.0 (X11; Ubuntu; Linux x86_64; rv:105.0) Gecko/20100101 Firefox/105.0""",success,dvwa_web,bc7bc6b9453f4089b9bfee6b38b5fc6f,"123.123.123.123, 10.10.10.10","02:42:0a:0a:0a:0a, 02:42:7b:7b:7b:7b",dvwa_web,bullseye,debian,5.15.0-52-generic,Debian GNU/Linux,debian,linux,11 (bullseye),GET,-,"1,515",200,1.1,apache,123.123.123.4,China Unicom Beijing Province Network,Beijing,Asia,CN,China,POINT (116.3861 39.9143),CN-BJ,Beijing,Firefox,Mozilla/5.0 (X11; Ubuntu; Linux x86_64; rv:105.0) Gecko/20100101 Firefox/105.0,Ubuntu,-,/vulnerabilities/weak_id/,/vulnerabilities/weak_id/,-,Other,105.0.
"Oct 24, 2022 @ 23:25:14.000",dvwa_web,web,"Oct 24, 2022 @ 23:25:14.872","Oct 24, 2022 @ 23:25:15.875","123.123.123.4 - - [24/Oct/2022:23:25:14 +0800] ""GET /vulnerabilities/xss_s/ HTTP/1.1"" 200 1962 ""-"" ""Mozilla/5.0 (X11; Ubuntu; Linux x86_64; rv:105.0) Gecko/20100101 Firefox/105.0""",success,dvwa_web,bc7bc6b9453f4089b9bfee6b38b5fc6f,"123.123.123.123, 10.10.10.10","02:42:0a:0a:0a:0a, 02:42:7b:7b:7b:7b",dvwa_web,bullseye,debian,5.15.0-52-generic,Debian GNU/Linux,debian,linux,11 (bullseye),GET,-,"1,962",200,1.1,apache,123.123.123.4,China Unicom Beijing Province Network,Beijing,Asia,CN,China,POINT (116.3861 39.9143),CN-BJ,Beijing,Firefox,Mozilla/5.0 (X11; Ubuntu; Linux x86_64; rv:105.0) Gecko/20100101 Firefox/105.0,Ubuntu,-,/vulnerabilities/xss_s/,/vulnerabilities/xss_s/,-,Other,105.0.
"Oct 24, 2022 @ 23:25:14.000",dvwa_web,web,"Oct 24, 2022 @ 23:25:14.872","Oct 24, 2022 @ 23:25:15.875","123.123.123.4 - - [24/Oct/2022:23:25:14 +0800] ""GET /logout.php HTTP/1.1"" 302 363 ""-"" ""Mozilla/5.0 (X11; Ubuntu; Linux x86_64; rv:105.0) Gecko/20100101 Firefox/105.0""",success,dvwa_web,bc7bc6b9453f4089b9bfee6b38b5fc6f,"123.123.123.123, 10.10.10.10","02:42:0a:0a:0a:0a, 02:42:7b:7b:7b:7b",dvwa_web,bullseye,debian,5.15.0-52-generic,Debian GNU/Linux,debian,linux,11 (bullseye),GET,-,363,302,1.1,apache,123.123.123.4,China Unicom Beijing Province Network,Beijing,Asia,CN,China,POINT (116.3861 39.9143),CN-BJ,Beijing,Firefox,Mozilla/5.0 (X11; Ubuntu; Linux x86_64; rv:105.0) Gecko/20100101 Firefox/105.0,Ubuntu,php,/logout.php,/logout.php,-,Other,105.0.
"Oct 24, 2022 @ 23:25:14.000",dvwa_web,web,"Oct 24, 2022 @ 23:25:14.872","Oct 24, 2022 @ 23:25:15.875","123.123.123.4 - - [24/Oct/2022:23:25:14 +0800] ""GET /login.php HTTP/1.1"" 200 1042 ""-"" ""Mozilla/5.0 (X11; Ubuntu; Linux x86_64; rv:105.0) Gecko/20100101 Firefox/105.0""",success,dvwa_web,bc7bc6b9453f4089b9bfee6b38b5fc6f,"123.123.123.123, 10.10.10.10","02:42:0a:0a:0a:0a, 02:42:7b:7b:7b:7b",dvwa_web,bullseye,debian,5.15.0-52-generic,Debian GNU/Linux,debian,linux,11 (bullseye),GET,-,"1,042",200,1.1,apache,123.123.123.4,China Unicom Beijing Province Network,Beijing,Asia,CN,China,POINT (116.3861 39.9143),CN-BJ,Beijing,Firefox,Mozilla/5.0 (X11; Ubuntu; Linux x86_64; rv:105.0) Gecko/20100101 Firefox/105.0,Ubuntu,php,/login.php,/login.php,-,Other,105.0.
"Oct 24, 2022 @ 23:25:12.000",dvwa_web,web,"Oct 24, 2022 @ 23:25:13.870","Oct 24, 2022 @ 23:25:14.873","123.123.123.2 - - [24/Oct/2022:23:25:12 +0800] ""GET /login.php HTTP/1.1"" 200 1182 ""-"" ""Mozilla/5.0 (X11; Ubuntu; Linux x86_64; rv:105.0) Gecko/20100101 Firefox/105.0""",success,dvwa_web,bc7bc6b9453f4089b9bfee6b38b5fc6f,"123.123.123.123, 10.10.10.10","02:42:0a:0a:0a:0a, 02:42:7b:7b:7b:7b",dvwa_web,bullseye,debian,5.15.0-52-generic,Debian GNU/Linux,debian,linux,11 (bullseye),GET,-,"1,182",200,1.1,apache,123.123.123.2,China Unicom Beijing Province Network,Beijing,Asia,CN,China,POINT (116.3861 39.9143),CN-BJ,Beijing,Firefox,Mozilla/5.0 (X11; Ubuntu; Linux x86_64; rv:105.0) Gecko/20100101 Firefox/105.0,Ubuntu,php,/login.php,/login.php,-,Other,105.0.
"Oct 24, 2022 @ 23:25:12.000",dvwa_web,web,"Oct 24, 2022 @ 23:25:13.870","Oct 24, 2022 @ 23:25:14.874","123.123.123.2 - - [24/Oct/2022:23:25:12 +0800] ""POST /login.php HTTP/1.1"" 302 363 ""-"" ""Mozilla/5.0 (X11; Ubuntu; Linux x86_64; rv:105.0) Gecko/20100101 Firefox/105.0""",success,dvwa_web,bc7bc6b9453f4089b9bfee6b38b5fc6f,"123.123.123.123, 10.10.10.10","02:42:0a:0a:0a:0a, 02:42:7b:7b:7b:7b",dvwa_web,bullseye,debian,5.15.0-52-generic,Debian GNU/Linux,debian,linux,11 (bullseye),POST,-,363,302,1.1,apache,123.123.123.2,China Unicom Beijing Province Network,Beijing,Asia,CN,China,POINT (116.3861 39.9143),CN-BJ,Beijing,Firefox,Mozilla/5.0 (X11; Ubuntu; Linux x86_64; rv:105.0) Gecko/20100101 Firefox/105.0,Ubuntu,php,/login.php,/login.php,-,Other,105.0.
"Oct 24, 2022 @ 23:25:12.000",dvwa_web,web,"Oct 24, 2022 @ 23:25:13.870","Oct 24, 2022 @ 23:25:14.874","123.123.123.2 - - [24/Oct/2022:23:25:12 +0800] ""GET /index.php HTTP/1.1"" 200 2908 ""-"" ""Mozilla/5.0 (X11; Ubuntu; Linux x86_64; rv:105.0) Gecko/20100101 Firefox/105.0""",success,dvwa_web,bc7bc6b9453f4089b9bfee6b38b5fc6f,"123.123.123.123, 10.10.10.10","02:42:0a:0a:0a:0a, 02:42:7b:7b:7b:7b",dvwa_web,bullseye,debian,5.15.0-52-generic,Debian GNU/Linux,debian,linux,11 (bullseye),GET,-,"2,908",200,1.1,apache,123.123.123.2,China Unicom Beijing Province Network,Beijing,Asia,CN,China,POINT (116.3861 39.9143),CN-BJ,Beijing,Firefox,Mozilla/5.0 (X11; Ubuntu; Linux x86_64; rv:105.0) Gecko/20100101 Firefox/105.0,Ubuntu,php,/index.php,/index.php,-,Other,105.0.
"Oct 24, 2022 @ 23:25:12.000",dvwa_web,web,"Oct 24, 2022 @ 23:25:13.870","Oct 24, 2022 @ 23:25:14.874","123.123.123.2 - - [24/Oct/2022:23:25:12 +0800] ""GET /vulnerabilities/xss_d/ HTTP/1.1"" 200 1869 ""-"" ""Mozilla/5.0 (X11; Ubuntu; Linux x86_64; rv:105.0) Gecko/20100101 Firefox/105.0""",success,dvwa_web,bc7bc6b9453f4089b9bfee6b38b5fc6f,"123.123.123.123, 10.10.10.10","02:42:0a:0a:0a:0a, 02:42:7b:7b:7b:7b",dvwa_web,bullseye,debian,5.15.0-52-generic,Debian GNU/Linux,debian,linux,11 (bullseye),GET,-,"1,869",200,1.1,apache,123.123.123.2,China Unicom Beijing Province Network,Beijing,Asia,CN,China,POINT (116.3861 39.9143),CN-BJ,Beijing,Firefox,Mozilla/5.0 (X11; Ubuntu; Linux x86_64; rv:105.0) Gecko/20100101 Firefox/105.0,Ubuntu,-,/vulnerabilities/xss_d/,/vulnerabilities/xss_d/,-,Other,105.0.
"Oct 24, 2022 @ 23:25:12.000",dvwa_web,web,"Oct 24, 2022 @ 23:25:13.870","Oct 24, 2022 @ 23:25:14.874","123.123.123.2 - - [24/Oct/2022:23:25:12 +0800] ""GET /vulnerabilities/upload/ HTTP/1.1"" 200 1712 ""-"" ""Mozilla/5.0 (X11; Ubuntu; Linux x86_64; rv:105.0) Gecko/20100101 Firefox/105.0""",success,dvwa_web,bc7bc6b9453f4089b9bfee6b38b5fc6f,"123.123.123.123, 10.10.10.10","02:42:0a:0a:0a:0a, 02:42:7b:7b:7b:7b",dvwa_web,bullseye,debian,5.15.0-52-generic,Debian GNU/Linux,debian,linux,11 (bullseye),GET,-,"1,712",200,1.1,apache,123.123.123.2,China Unicom Beijing Province Network,Beijing,Asia,CN,China,POINT (116.3861 39.9143),CN-BJ,Beijing,Firefox,Mozilla/5.0 (X11; Ubuntu; Linux x86_64; rv:105.0) Gecko/20100101 Firefox/105.0,Ubuntu,-,/vulnerabilities/upload/,/vulnerabilities/upload/,-,Other,105.0.
"Oct 24, 2022 @ 23:25:12.000",dvwa_web,web,"Oct 24, 2022 @ 23:25:13.870","Oct 24, 2022 @ 23:25:14.874","123.123.123.2 - - [24/Oct/2022:23:25:12 +0800] ""GET /vulnerabilities/sqli_blind/ HTTP/1.1"" 200 1698 ""-"" ""Mozilla/5.0 (X11; Ubuntu; Linux x86_64; rv:105.0) Gecko/20100101 Firefox/105.0""",success,dvwa_web,bc7bc6b9453f4089b9bfee6b38b5fc6f,"123.123.123.123, 10.10.10.10","02:42:0a:0a:0a:0a, 02:42:7b:7b:7b:7b",dvwa_web,bullseye,debian,5.15.0-52-generic,Debian GNU/Linux,debian,linux,11 (bullseye),GET,-,"1,698",200,1.1,apache,123.123.123.2,China Unicom Beijing Province Network,Beijing,Asia,CN,China,POINT (116.3861 39.9143),CN-BJ,Beijing,Firefox,Mozilla/5.0 (X11; Ubuntu; Linux x86_64; rv:105.0) Gecko/20100101 Firefox/105.0,Ubuntu,-,/vulnerabilities/sqli_blind/,/vulnerabilities/sqli_blind/,-,Other,105.0.
"Oct 24, 2022 @ 23:25:12.000",dvwa_web,web,"Oct 24, 2022 @ 23:25:13.870","Oct 24, 2022 @ 23:25:14.874","123.123.123.2 - - [24/Oct/2022:23:25:12 +0800] ""GET /logout.php HTTP/1.1"" 302 363 ""-"" ""Mozilla/5.0 (X11; Ubuntu; Linux x86_64; rv:105.0) Gecko/20100101 Firefox/105.0""",success,dvwa_web,bc7bc6b9453f4089b9bfee6b38b5fc6f,"123.123.123.123, 10.10.10.10","02:42:0a:0a:0a:0a, 02:42:7b:7b:7b:7b",dvwa_web,bullseye,debian,5.15.0-52-generic,Debian GNU/Linux,debian,linux,11 (bullseye),GET,-,363,302,1.1,apache,123.123.123.2,China Unicom Beijing Province Network,Beijing,Asia,CN,China,POINT (116.3861 39.9143),CN-BJ,Beijing,Firefox,Mozilla/5.0 (X11; Ubuntu; Linux x86_64; rv:105.0) Gecko/20100101 Firefox/105.0,Ubuntu,php,/logout.php,/logout.php,-,Other,105.0.
"Oct 24, 2022 @ 23:25:12.000",dvwa_web,web,"Oct 24, 2022 @ 23:25:13.870","Oct 24, 2022 @ 23:25:14.874","123.123.123.2 - - [24/Oct/2022:23:25:12 +0800] ""GET /login.php HTTP/1.1"" 200 1042 ""-"" ""Mozilla/5.0 (X11; Ubuntu; Linux x86_64; rv:105.0) Gecko/20100101 Firefox/105.0""",success,dvwa_web,bc7bc6b9453f4089b9bfee6b38b5fc6f,"123.123.123.123, 10.10.10.10","02:42:0a:0a:0a:0a, 02:42:7b:7b:7b:7b",dvwa_web,bullseye,debian,5.15.0-52-generic,Debian GNU/Linux,debian,linux,11 (bullseye),GET,-,"1,042",200,1.1,apache,123.123.123.2,China Unicom Beijing Province Network,Beijing,Asia,CN,China,POINT (116.3861 39.9143),CN-BJ,Beijing,Firefox,Mozilla/5.0 (X11; Ubuntu; Linux x86_64; rv:105.0) Gecko/20100101 Firefox/105.0,Ubuntu,php,/login.php,/login.php,-,Other,105.0.
"Oct 24, 2022 @ 23:25:07.000",dvwa_web,web,"Oct 24, 2022 @ 23:25:10.868","Oct 24, 2022 @ 23:25:11.872","127.0.0.1 - - [24/Oct/2022:23:25:07 +0800] ""GET /server-status?auto= HTTP/1.1"" 200 603 ""-"" ""Elastic-Metricbeat/8.4.3 (linux; amd64; c2f2aba479653563dbaabefe0f86f5579708ec94; 2022-09-27 15:34:12 +0000 UTC)""",success,dvwa_web,bc7bc6b9453f4089b9bfee6b38b5fc6f,"123.123.123.123, 10.10.10.10","02:42:0a:0a:0a:0a, 02:42:7b:7b:7b:7b",dvwa_web,bullseye,debian,5.15.0-52-generic,Debian GNU/Linux,debian,linux,11 (bullseye),GET,-,603,200,1.1,apache,127.0.0.1,-,-,-,-,-,-,-,-,Other,Elastic-Metricbeat/8.4.3 (linux; amd64; c2f2aba479653563dbaabefe0f86f5579708ec94; 2022-09-27 15:34:12 +0000 UTC),Linux,-,/server-status?auto=,/server-status,auto=,Other,-
