@timestamp,agent.name,logger,ssh daemon
"Oct 24, 2022 @ 23:14:23.400",filebeat-ssh,ssh sshd,pam_unix(sshdsession)
"Oct 24, 2022 @ 23:14:23.400",filebeat-ssh,ssh sshd,pam_unix(sshdsession)
"Oct 24, 2022 @ 23:14:23.400",filebeat-ssh,ssh sshd,pam_unix(sshdsession)
"Oct 24, 2022 @ 23:14:17.399",filebeat-ssh,ssh sshd,message
"Oct 24, 2022 @ 23:14:17.399",filebeat-ssh,ssh sshd,pam_unix(sshdsession)
"Oct 24, 2022 @ 23:14:17.399",filebeat-ssh,ssh sshd,pam_systemd(sshdsession)
"Oct 24, 2022 @ 23:14:17.399",filebeat-ssh,ssh sshd,pam_env(sshdsession)
"Oct 24, 2022 @ 23:14:17.399",filebeat-ssh,ssh sshd,pam_unix(sshdauth)
"Oct 24, 2022 @ 23:14:17.399",filebeat-ssh,ssh sshd,pam_unix(sshdauth)
"Oct 24, 2022 @ 23:14:17.399",filebeat-ssh,ssh sshd,pam_unix(sshdauth)
"Oct 24, 2022 @ 23:14:03.394",filebeat-ssh,ssh sshd,pam_unix(sshdauth)
"Oct 24, 2022 @ 23:14:03.394",filebeat-ssh,ssh sshd,pam_unix(sshdauth)
"Oct 24, 2022 @ 23:14:03.394",filebeat-ssh,ssh sshd,pam_unix(sshdauth)
"Oct 24, 2022 @ 23:14:03.394",filebeat-ssh,ssh sshd,pam_unix(sshdauth)
"Oct 24, 2022 @ 23:14:03.394",filebeat-ssh,ssh sshd,pam_unix(sshdauth)
"Oct 24, 2022 @ 23:14:03.394",filebeat-ssh,ssh sshd,pam_unix(sshdauth)
"Oct 24, 2022 @ 23:14:03.394",filebeat-ssh,ssh sshd,pam_unix(sshdauth)
"Oct 24, 2022 @ 23:14:01.392",filebeat-ssh,ssh sshd,pam_unix(sshdauth)
"Oct 24, 2022 @ 23:14:01.392",filebeat-ssh,ssh sshd,pam_unix(sshdauth)
"Oct 24, 2022 @ 23:14:01.392",filebeat-ssh,ssh sshd,pam_unix(sshdauth)
"Oct 24, 2022 @ 23:14:01.392",filebeat-ssh,ssh sshd,pam_unix(sshdauth)
"Oct 24, 2022 @ 23:14:01.392",filebeat-ssh,ssh sshd,pam_unix(sshdauth)
"Oct 24, 2022 @ 23:14:01.392",filebeat-ssh,ssh sshd,pam_unix(sshdauth)
"Oct 24, 2022 @ 23:14:01.392",filebeat-ssh,ssh sshd,pam_unix(sshdauth)
"Oct 24, 2022 @ 23:14:01.392",filebeat-ssh,ssh sshd,pam_unix(sshdauth)
"Oct 24, 2022 @ 23:13:59.392",filebeat-ssh,ssh sshd,pam_unix(sshdauth)
"Oct 24, 2022 @ 23:13:59.392",filebeat-ssh,ssh sshd,pam_unix(sshdauth)
"Oct 24, 2022 @ 23:13:59.392",filebeat-ssh,ssh sshd,pam_unix(sshdauth)
"Oct 24, 2022 @ 23:13:59.392",filebeat-ssh,ssh sshd,pam_unix(sshdauth)
"Oct 24, 2022 @ 23:13:59.392",filebeat-ssh,ssh sshd,pam_unix(sshdauth)
"Oct 24, 2022 @ 23:13:59.392",filebeat-ssh,ssh sshd,pam_unix(sshdauth)
"Oct 24, 2022 @ 23:13:59.392",filebeat-ssh,ssh sshd,pam_unix(sshdauth)
"Oct 24, 2022 @ 23:13:59.392",filebeat-ssh,ssh sshd,pam_unix(sshdauth)
"Oct 24, 2022 @ 23:13:57.392",filebeat-ssh,ssh sshd,pam_unix(sshdauth)
"Oct 24, 2022 @ 23:13:57.391",filebeat-ssh,ssh sshd,pam_unix(sshdauth)
"Oct 24, 2022 @ 23:13:57.391",filebeat-ssh,ssh sshd,pam_unix(sshdauth)
"Oct 24, 2022 @ 23:13:57.391",filebeat-ssh,ssh sshd,pam_unix(sshdauth)
"Oct 24, 2022 @ 23:13:57.391",filebeat-ssh,ssh sshd,pam_unix(sshdauth)
"Oct 24, 2022 @ 23:13:57.391",filebeat-ssh,ssh sshd,pam_unix(sshdauth)
"Oct 24, 2022 @ 23:13:57.391",filebeat-ssh,ssh sshd,pam_unix(sshdauth)
"Oct 24, 2022 @ 23:13:57.391",filebeat-ssh,ssh sshd,pam_unix(sshdauth)
"Oct 24, 2022 @ 23:13:55.391",filebeat-ssh,ssh sshd,pam_unix(sshdauth)
"Oct 24, 2022 @ 23:13:55.391",filebeat-ssh,ssh sshd,pam_unix(sshdauth)
"Oct 24, 2022 @ 23:13:55.391",filebeat-ssh,ssh sshd,pam_unix(sshdauth)
"Oct 24, 2022 @ 23:13:55.391",filebeat-ssh,ssh sshd,pam_unix(sshdauth)
"Oct 24, 2022 @ 23:13:55.391",filebeat-ssh,ssh sshd,pam_unix(sshdauth)
"Oct 24, 2022 @ 23:13:55.391",filebeat-ssh,ssh sshd,pam_unix(sshdauth)
"Oct 24, 2022 @ 23:13:55.391",filebeat-ssh,ssh sshd,pam_unix(sshdauth)
"Oct 24, 2022 @ 23:13:55.391",filebeat-ssh,ssh sshd,pam_unix(sshdauth)
"Oct 24, 2022 @ 23:13:53.389",filebeat-ssh,ssh sshd,pam_unix(sshdauth)
"Oct 24, 2022 @ 23:13:53.389",filebeat-ssh,ssh sshd,pam_unix(sshdauth)
"Oct 24, 2022 @ 23:13:53.389",filebeat-ssh,ssh sshd,pam_unix(sshdauth)
"Oct 24, 2022 @ 23:13:53.389",filebeat-ssh,ssh sshd,pam_unix(sshdauth)
"Oct 24, 2022 @ 23:13:53.389",filebeat-ssh,ssh sshd,pam_unix(sshdauth)
"Oct 24, 2022 @ 23:13:53.389",filebeat-ssh,ssh sshd,pam_unix(sshdauth)
"Oct 24, 2022 @ 23:13:53.389",filebeat-ssh,ssh sshd,pam_unix(sshdauth)
"Oct 24, 2022 @ 23:13:53.389",filebeat-ssh,ssh sshd,pam_unix(sshdauth)
"Oct 24, 2022 @ 23:13:51.389",filebeat-ssh,ssh sshd,pam_unix(sshdauth)
"Oct 24, 2022 @ 23:13:51.389",filebeat-ssh,ssh sshd,pam_unix(sshdauth)
"Oct 24, 2022 @ 23:13:51.389",filebeat-ssh,ssh sshd,pam_unix(sshdauth)
"Oct 24, 2022 @ 23:13:51.389",filebeat-ssh,ssh sshd,pam_unix(sshdauth)
"Oct 24, 2022 @ 23:13:51.389",filebeat-ssh,ssh sshd,pam_unix(sshdauth)
"Oct 24, 2022 @ 23:13:51.389",filebeat-ssh,ssh sshd,pam_unix(sshdauth)
"Oct 24, 2022 @ 23:13:51.389",filebeat-ssh,ssh sshd,pam_unix(sshdauth)
"Oct 24, 2022 @ 23:13:51.389",filebeat-ssh,ssh sshd,pam_unix(sshdauth)
"Oct 24, 2022 @ 23:13:49.387",filebeat-ssh,ssh sshd,pam_unix(sshdauth)
"Oct 24, 2022 @ 23:13:49.387",filebeat-ssh,ssh sshd,pam_unix(sshdauth)
"Oct 24, 2022 @ 23:13:49.387",filebeat-ssh,ssh sshd,pam_unix(sshdauth)
"Oct 24, 2022 @ 23:13:49.387",filebeat-ssh,ssh sshd,pam_unix(sshdauth)
"Oct 24, 2022 @ 23:13:49.387",filebeat-ssh,ssh sshd,pam_unix(sshdauth)
"Oct 24, 2022 @ 23:13:49.387",filebeat-ssh,ssh sshd,pam_unix(sshdauth)
"Oct 24, 2022 @ 23:13:49.387",filebeat-ssh,ssh sshd,pam_unix(sshdauth)
"Oct 24, 2022 @ 23:13:49.387",filebeat-ssh,ssh sshd,pam_unix(sshdauth)
"Oct 24, 2022 @ 23:13:47.387",filebeat-ssh,ssh sshd,pam_unix(sshdauth)
"Oct 24, 2022 @ 23:13:47.387",filebeat-ssh,ssh sshd,pam_unix(sshdauth)
"Oct 24, 2022 @ 23:13:47.387",filebeat-ssh,ssh sshd,pam_unix(sshdauth)
"Oct 24, 2022 @ 23:13:47.387",filebeat-ssh,ssh sshd,pam_unix(sshdauth)
"Oct 24, 2022 @ 23:13:47.387",filebeat-ssh,ssh sshd,pam_unix(sshdauth)
"Oct 24, 2022 @ 23:13:47.387",filebeat-ssh,ssh sshd,pam_unix(sshdauth)
"Oct 24, 2022 @ 23:13:47.387",filebeat-ssh,ssh sshd,pam_unix(sshdauth)
"Oct 24, 2022 @ 23:13:47.387",filebeat-ssh,ssh sshd,pam_unix(sshdauth)
"Oct 24, 2022 @ 23:13:45.386",filebeat-ssh,ssh sshd,pam_unix(sshdauth)
"Oct 24, 2022 @ 23:13:45.386",filebeat-ssh,ssh sshd,pam_unix(sshdauth)
"Oct 24, 2022 @ 23:13:45.386",filebeat-ssh,ssh sshd,pam_unix(sshdauth)
"Oct 24, 2022 @ 23:13:45.386",filebeat-ssh,ssh sshd,pam_unix(sshdauth)
"Oct 24, 2022 @ 23:13:45.386",filebeat-ssh,ssh sshd,pam_unix(sshdauth)
"Oct 24, 2022 @ 23:13:45.386",filebeat-ssh,ssh sshd,pam_unix(sshdauth)
"Oct 24, 2022 @ 23:13:45.386",filebeat-ssh,ssh sshd,pam_unix(sshdauth)
"Oct 24, 2022 @ 23:13:45.386",filebeat-ssh,ssh sshd,pam_unix(sshdauth)
"Oct 24, 2022 @ 23:13:43.385",filebeat-ssh,ssh sshd,pam_unix(sshdauth)
"Oct 24, 2022 @ 23:13:43.385",filebeat-ssh,ssh sshd,pam_unix(sshdauth)
"Oct 24, 2022 @ 23:13:43.385",filebeat-ssh,ssh sshd,pam_unix(sshdauth)
"Oct 24, 2022 @ 23:13:43.385",filebeat-ssh,ssh sshd,pam_unix(sshdauth)
"Oct 24, 2022 @ 23:13:43.385",filebeat-ssh,ssh sshd,pam_unix(sshdauth)
"Oct 24, 2022 @ 23:13:43.385",filebeat-ssh,ssh sshd,pam_unix(sshdauth)
"Oct 24, 2022 @ 23:13:43.385",filebeat-ssh,ssh sshd,pam_unix(sshdauth)
"Oct 24, 2022 @ 23:13:43.385",filebeat-ssh,ssh sshd,pam_unix(sshdauth)
"Oct 24, 2022 @ 23:13:41.385",filebeat-ssh,ssh sshd,pam_unix(sshdauth)
"Oct 24, 2022 @ 23:13:41.385",filebeat-ssh,ssh sshd,pam_unix(sshdauth)
"Oct 24, 2022 @ 23:13:41.385",filebeat-ssh,ssh sshd,pam_unix(sshdauth)
"Oct 24, 2022 @ 23:13:41.385",filebeat-ssh,ssh sshd,pam_unix(sshdauth)
"Oct 24, 2022 @ 23:13:41.384",filebeat-ssh,ssh sshd,pam_unix(sshdauth)
"Oct 24, 2022 @ 23:13:41.384",filebeat-ssh,ssh sshd,pam_unix(sshdauth)
"Oct 24, 2022 @ 23:13:41.384",filebeat-ssh,ssh sshd,pam_unix(sshdauth)
"Oct 24, 2022 @ 23:13:41.384",filebeat-ssh,ssh sshd,pam_unix(sshdauth)
"Oct 24, 2022 @ 23:13:39.383",filebeat-ssh,ssh sshd,message
"Oct 24, 2022 @ 23:13:39.383",filebeat-ssh,ssh sshd,pam_unix(sshdauth)
"Oct 24, 2022 @ 23:13:39.383",filebeat-ssh,ssh sshd,pam_unix(sshdauth)
"Oct 24, 2022 @ 23:13:39.383",filebeat-ssh,ssh sshd,pam_unix(sshdauth)
"Oct 24, 2022 @ 23:13:39.383",filebeat-ssh,ssh sshd,pam_unix(sshdauth)
"Oct 24, 2022 @ 23:13:39.383",filebeat-ssh,ssh sshd,pam_unix(sshdauth)
"Oct 24, 2022 @ 23:13:39.383",filebeat-ssh,ssh sshd,pam_unix(sshdauth)
"Oct 24, 2022 @ 23:13:39.383",filebeat-ssh,ssh sshd,pam_unix(sshdauth)
"Oct 24, 2022 @ 23:13:39.383",filebeat-ssh,ssh sshd,pam_unix(sshdauth)
"Oct 24, 2022 @ 23:13:39.383",filebeat-ssh,ssh sshd,pam_unix(sshdauth)
"Oct 24, 2022 @ 23:13:39.383",filebeat-ssh,ssh sshd,pam_unix(sshdauth)
"Oct 24, 2022 @ 23:13:25.378",filebeat-ssh,ssh sshd,message
"Oct 24, 2022 @ 23:13:25.378",filebeat-ssh,ssh sshd,pam_unix(sshdauth)
"Oct 24, 2022 @ 23:13:11.375",filebeat-ssh,ssh sshd,pam_unix(sshdauth)
"Oct 24, 2022 @ 23:13:11.375",filebeat-ssh,ssh sshd,pam_unix(sshdauth)
"Oct 24, 2022 @ 23:13:11.372",filebeat-ssh,ssh sshd,pam_unix(sshdauth)
"Oct 24, 2022 @ 23:13:11.372",filebeat-ssh,ssh sshd,pam_unix(sshdauth)
"Oct 24, 2022 @ 23:13:11.372",filebeat-ssh,ssh sshd,pam_unix(sshdauth)
"Oct 24, 2022 @ 23:13:11.372",filebeat-ssh,ssh sshd,pam_unix(sshdauth)
"Oct 24, 2022 @ 23:13:11.372",filebeat-ssh,ssh sshd,pam_unix(sshdauth)
"Oct 24, 2022 @ 23:13:09.371",filebeat-ssh,ssh sshd,pam_unix(sshdauth)
"Oct 24, 2022 @ 23:13:09.371",filebeat-ssh,ssh sshd,pam_unix(sshdauth)
"Oct 24, 2022 @ 23:13:09.371",filebeat-ssh,ssh sshd,pam_unix(sshdauth)
"Oct 24, 2022 @ 23:13:09.371",filebeat-ssh,ssh sshd,pam_unix(sshdauth)
"Oct 24, 2022 @ 23:13:09.371",filebeat-ssh,ssh sshd,pam_unix(sshdauth)
"Oct 24, 2022 @ 23:13:09.371",filebeat-ssh,ssh sshd,pam_unix(sshdauth)
"Oct 24, 2022 @ 23:13:09.371",filebeat-ssh,ssh sshd,pam_unix(sshdauth)
"Oct 24, 2022 @ 23:13:09.371",filebeat-ssh,ssh sshd,pam_unix(sshdauth)
"Oct 24, 2022 @ 23:13:07.370",filebeat-ssh,ssh sshd,pam_unix(sshdauth)
"Oct 24, 2022 @ 23:13:07.370",filebeat-ssh,ssh sshd,pam_unix(sshdauth)
"Oct 24, 2022 @ 23:13:07.370",filebeat-ssh,ssh sshd,pam_unix(sshdauth)
"Oct 24, 2022 @ 23:13:07.370",filebeat-ssh,ssh sshd,pam_unix(sshdauth)
"Oct 24, 2022 @ 23:13:07.370",filebeat-ssh,ssh sshd,pam_unix(sshdauth)
"Oct 24, 2022 @ 23:13:07.370",filebeat-ssh,ssh sshd,pam_unix(sshdauth)
"Oct 24, 2022 @ 23:13:07.370",filebeat-ssh,ssh sshd,pam_unix(sshdauth)
"Oct 24, 2022 @ 23:13:07.370",filebeat-ssh,ssh sshd,pam_unix(sshdauth)
"Oct 24, 2022 @ 23:13:07.370",filebeat-ssh,ssh sshd,pam_unix(sshdauth)
"Oct 24, 2022 @ 23:13:07.370",filebeat-ssh,ssh sshd,pam_unix(sshdauth)
"Oct 24, 2022 @ 23:13:05.369",filebeat-ssh,ssh sshd,pam_unix(sshdauth)
"Oct 24, 2022 @ 23:13:05.369",filebeat-ssh,ssh sshd,pam_unix(sshdauth)
"Oct 24, 2022 @ 23:13:05.369",filebeat-ssh,ssh sshd,pam_unix(sshdauth)
"Oct 24, 2022 @ 23:13:05.369",filebeat-ssh,ssh sshd,pam_unix(sshdauth)
"Oct 24, 2022 @ 23:13:05.369",filebeat-ssh,ssh sshd,pam_unix(sshdauth)
"Oct 24, 2022 @ 23:13:05.369",filebeat-ssh,ssh sshd,pam_unix(sshdauth)
"Oct 24, 2022 @ 23:13:05.369",filebeat-ssh,ssh sshd,pam_unix(sshdauth)
"Oct 24, 2022 @ 23:13:05.369",filebeat-ssh,ssh sshd,pam_unix(sshdauth)
"Oct 24, 2022 @ 23:13:03.367",filebeat-ssh,ssh sshd,pam_unix(sshdauth)
"Oct 24, 2022 @ 23:13:03.367",filebeat-ssh,ssh sshd,pam_unix(sshdauth)
"Oct 24, 2022 @ 23:13:03.367",filebeat-ssh,ssh sshd,pam_unix(sshdauth)
"Oct 24, 2022 @ 23:13:03.367",filebeat-ssh,ssh sshd,pam_unix(sshdauth)
"Oct 24, 2022 @ 23:13:03.367",filebeat-ssh,ssh sshd,pam_unix(sshdauth)
"Oct 24, 2022 @ 23:13:03.367",filebeat-ssh,ssh sshd,pam_unix(sshdauth)
"Oct 24, 2022 @ 23:13:03.367",filebeat-ssh,ssh sshd,pam_unix(sshdauth)
"Oct 24, 2022 @ 23:13:03.367",filebeat-ssh,ssh sshd,pam_unix(sshdauth)
"Oct 24, 2022 @ 23:13:01.365",filebeat-ssh,ssh sshd,pam_unix(sshdauth)
"Oct 24, 2022 @ 23:13:01.365",filebeat-ssh,ssh sshd,pam_unix(sshdauth)
"Oct 24, 2022 @ 23:13:01.365",filebeat-ssh,ssh sshd,pam_unix(sshdauth)
"Oct 24, 2022 @ 23:13:01.365",filebeat-ssh,ssh sshd,pam_unix(sshdauth)
"Oct 24, 2022 @ 23:13:01.365",filebeat-ssh,ssh sshd,pam_unix(sshdauth)
"Oct 24, 2022 @ 23:13:01.365",filebeat-ssh,ssh sshd,pam_unix(sshdauth)
"Oct 24, 2022 @ 23:12:59.364",filebeat-ssh,ssh sshd,pam_unix(sshdauth)
"Oct 24, 2022 @ 23:12:59.364",filebeat-ssh,ssh sshd,pam_unix(sshdauth)
"Oct 24, 2022 @ 23:12:59.364",filebeat-ssh,ssh sshd,pam_unix(sshdauth)
"Oct 24, 2022 @ 23:12:59.364",filebeat-ssh,ssh sshd,pam_unix(sshdauth)
"Oct 24, 2022 @ 23:12:59.364",filebeat-ssh,ssh sshd,pam_unix(sshdauth)
"Oct 24, 2022 @ 23:12:59.364",filebeat-ssh,ssh sshd,pam_unix(sshdauth)
"Oct 24, 2022 @ 23:12:59.364",filebeat-ssh,ssh sshd,pam_unix(sshdauth)
"Oct 24, 2022 @ 23:12:59.364",filebeat-ssh,ssh sshd,pam_unix(sshdauth)
"Oct 24, 2022 @ 23:12:57.363",filebeat-ssh,ssh sshd,pam_unix(sshdauth)
"Oct 24, 2022 @ 23:12:57.363",filebeat-ssh,ssh sshd,pam_unix(sshdauth)
"Oct 24, 2022 @ 23:12:57.363",filebeat-ssh,ssh sshd,pam_unix(sshdauth)
"Oct 24, 2022 @ 23:12:57.363",filebeat-ssh,ssh sshd,pam_unix(sshdauth)
"Oct 24, 2022 @ 23:12:57.363",filebeat-ssh,ssh sshd,pam_unix(sshdauth)
"Oct 24, 2022 @ 23:12:57.363",filebeat-ssh,ssh sshd,pam_unix(sshdauth)
"Oct 24, 2022 @ 23:12:57.363",filebeat-ssh,ssh sshd,pam_unix(sshdauth)
"Oct 24, 2022 @ 23:12:57.363",filebeat-ssh,ssh sshd,pam_unix(sshdauth)
"Oct 24, 2022 @ 23:12:55.362",filebeat-ssh,ssh sshd,pam_unix(sshdauth)
"Oct 24, 2022 @ 23:12:55.362",filebeat-ssh,ssh sshd,pam_unix(sshdauth)
"Oct 24, 2022 @ 23:12:55.362",filebeat-ssh,ssh sshd,pam_unix(sshdauth)
"Oct 24, 2022 @ 23:12:55.362",filebeat-ssh,ssh sshd,pam_unix(sshdauth)
"Oct 24, 2022 @ 23:12:55.362",filebeat-ssh,ssh sshd,pam_unix(sshdauth)
"Oct 24, 2022 @ 23:12:55.362",filebeat-ssh,ssh sshd,pam_unix(sshdauth)
"Oct 24, 2022 @ 23:12:55.362",filebeat-ssh,ssh sshd,pam_unix(sshdauth)
"Oct 24, 2022 @ 23:12:55.362",filebeat-ssh,ssh sshd,pam_unix(sshdauth)
"Oct 24, 2022 @ 23:12:53.359",filebeat-ssh,ssh sshd,pam_unix(sshdauth)
"Oct 24, 2022 @ 23:12:53.359",filebeat-ssh,ssh sshd,pam_unix(sshdauth)
"Oct 24, 2022 @ 23:12:53.359",filebeat-ssh,ssh sshd,pam_unix(sshdauth)
"Oct 24, 2022 @ 23:12:53.359",filebeat-ssh,ssh sshd,pam_unix(sshdauth)
"Oct 24, 2022 @ 23:12:53.359",filebeat-ssh,ssh sshd,pam_unix(sshdauth)
"Oct 24, 2022 @ 23:12:53.359",filebeat-ssh,ssh sshd,pam_unix(sshdauth)
"Oct 24, 2022 @ 23:12:53.359",filebeat-ssh,ssh sshd,pam_unix(sshdauth)
"Oct 24, 2022 @ 23:12:53.359",filebeat-ssh,ssh sshd,pam_unix(sshdauth)
"Oct 24, 2022 @ 23:12:51.354",filebeat-ssh,ssh sshd,pam_unix(sshdauth)
"Oct 24, 2022 @ 23:12:51.354",filebeat-ssh,ssh sshd,pam_unix(sshdauth)
"Oct 24, 2022 @ 23:12:51.354",filebeat-ssh,ssh sshd,pam_unix(sshdauth)
"Oct 24, 2022 @ 23:12:51.354",filebeat-ssh,ssh sshd,pam_unix(sshdauth)
"Oct 24, 2022 @ 23:12:51.354",filebeat-ssh,ssh sshd,pam_unix(sshdauth)
"Oct 24, 2022 @ 23:12:51.354",filebeat-ssh,ssh sshd,pam_unix(sshdauth)
"Oct 24, 2022 @ 23:12:51.354",filebeat-ssh,ssh sshd,pam_unix(sshdauth)
"Oct 24, 2022 @ 23:12:51.354",filebeat-ssh,ssh sshd,pam_unix(sshdauth)
"Oct 24, 2022 @ 23:12:49.342",filebeat-ssh,ssh sshd,pam_unix(sshdauth)
"Oct 24, 2022 @ 23:12:49.342",filebeat-ssh,ssh sshd,pam_unix(sshdauth)
"Oct 24, 2022 @ 23:12:49.342",filebeat-ssh,ssh sshd,pam_unix(sshdauth)
"Oct 24, 2022 @ 23:12:49.342",filebeat-ssh,ssh sshd,pam_unix(sshdauth)
"Oct 24, 2022 @ 23:12:47.341",filebeat-ssh,ssh sshd,pam_unix(sshdauth)
"Oct 24, 2022 @ 23:12:47.341",filebeat-ssh,ssh sshd,pam_unix(sshdauth)
"Oct 24, 2022 @ 23:12:47.341",filebeat-ssh,ssh sshd,pam_unix(sshdauth)
"Oct 24, 2022 @ 23:12:47.341",filebeat-ssh,ssh sshd,pam_unix(sshdauth)
"Oct 24, 2022 @ 23:12:47.341",filebeat-ssh,ssh sshd,pam_unix(sshdauth)
"Oct 24, 2022 @ 23:12:47.341",filebeat-ssh,ssh sshd,pam_unix(sshdauth)
"Oct 24, 2022 @ 23:12:47.341",filebeat-ssh,ssh sshd,pam_unix(sshdauth)
"Oct 24, 2022 @ 23:12:47.341",filebeat-ssh,ssh sshd,pam_unix(sshdauth)
"Oct 24, 2022 @ 23:12:47.341",filebeat-ssh,ssh sshd,pam_unix(sshdauth)
"Oct 24, 2022 @ 23:12:47.341",filebeat-ssh,ssh sshd,pam_unix(sshdauth)
"Oct 24, 2022 @ 23:12:45.339",filebeat-ssh,ssh sshd,pam_unix(sshdauth)
"Oct 24, 2022 @ 23:12:45.339",filebeat-ssh,ssh sshd,pam_unix(sshdauth)
"Oct 24, 2022 @ 23:12:45.339",filebeat-ssh,ssh sshd,pam_unix(sshdauth)
"Oct 24, 2022 @ 23:12:45.339",filebeat-ssh,ssh sshd,pam_unix(sshdauth)
"Oct 24, 2022 @ 23:12:45.339",filebeat-ssh,ssh sshd,pam_unix(sshdauth)
"Oct 24, 2022 @ 23:12:45.339",filebeat-ssh,ssh sshd,pam_unix(sshdauth)
"Oct 24, 2022 @ 23:12:43.338",filebeat-ssh,ssh sshd,pam_unix(sshdauth)
"Oct 24, 2022 @ 23:12:43.338",filebeat-ssh,ssh sshd,pam_unix(sshdauth)
"Oct 24, 2022 @ 23:12:43.338",filebeat-ssh,ssh sshd,pam_unix(sshdauth)
"Oct 24, 2022 @ 23:12:43.338",filebeat-ssh,ssh sshd,pam_unix(sshdauth)
"Oct 24, 2022 @ 23:12:43.338",filebeat-ssh,ssh sshd,pam_unix(sshdauth)
"Oct 24, 2022 @ 23:12:43.338",filebeat-ssh,ssh sshd,pam_unix(sshdauth)
"Oct 24, 2022 @ 23:12:43.338",filebeat-ssh,ssh sshd,pam_unix(sshdauth)
"Oct 24, 2022 @ 23:12:43.338",filebeat-ssh,ssh sshd,pam_unix(sshdauth)
"Oct 24, 2022 @ 23:12:41.338",filebeat-ssh,ssh sshd,pam_unix(sshdauth)
"Oct 24, 2022 @ 23:12:41.338",filebeat-ssh,ssh sshd,pam_unix(sshdauth)
"Oct 24, 2022 @ 23:12:41.338",filebeat-ssh,ssh sshd,pam_unix(sshdauth)
"Oct 24, 2022 @ 23:12:41.338",filebeat-ssh,ssh sshd,pam_unix(sshdauth)
"Oct 24, 2022 @ 23:12:41.337",filebeat-ssh,ssh sshd,pam_unix(sshdauth)
"Oct 24, 2022 @ 23:12:41.337",filebeat-ssh,ssh sshd,pam_unix(sshdauth)
"Oct 24, 2022 @ 23:12:41.337",filebeat-ssh,ssh sshd,pam_unix(sshdauth)
"Oct 24, 2022 @ 23:12:41.337",filebeat-ssh,ssh sshd,pam_unix(sshdauth)
"Oct 24, 2022 @ 23:12:41.337",filebeat-ssh,ssh sshd,pam_unix(sshdauth)
"Oct 24, 2022 @ 23:12:41.337",filebeat-ssh,ssh sshd,pam_unix(sshdauth)
"Oct 24, 2022 @ 23:12:39.337",filebeat-ssh,ssh sshd,pam_unix(sshdauth)
"Oct 24, 2022 @ 23:12:39.337",filebeat-ssh,ssh sshd,pam_unix(sshdauth)
"Oct 24, 2022 @ 23:12:39.337",filebeat-ssh,ssh sshd,pam_unix(sshdauth)
"Oct 24, 2022 @ 23:12:39.337",filebeat-ssh,ssh sshd,pam_unix(sshdauth)
"Oct 24, 2022 @ 23:12:39.337",filebeat-ssh,ssh sshd,pam_unix(sshdauth)
"Oct 24, 2022 @ 23:12:39.337",filebeat-ssh,ssh sshd,pam_unix(sshdauth)
"Oct 24, 2022 @ 23:12:37.335",filebeat-ssh,ssh sshd,pam_unix(sshdauth)
"Oct 24, 2022 @ 23:12:37.335",filebeat-ssh,ssh sshd,pam_unix(sshdauth)
"Oct 24, 2022 @ 23:12:37.335",filebeat-ssh,ssh sshd,pam_unix(sshdauth)
"Oct 24, 2022 @ 23:12:37.335",filebeat-ssh,ssh sshd,pam_unix(sshdauth)
"Oct 24, 2022 @ 23:12:37.335",filebeat-ssh,ssh sshd,pam_unix(sshdauth)
"Oct 24, 2022 @ 23:12:37.335",filebeat-ssh,ssh sshd,pam_unix(sshdauth)
"Oct 24, 2022 @ 23:12:37.335",filebeat-ssh,ssh sshd,pam_unix(sshdauth)
"Oct 24, 2022 @ 23:12:37.335",filebeat-ssh,ssh sshd,pam_unix(sshdauth)
"Oct 24, 2022 @ 23:12:35.334",filebeat-ssh,ssh sshd,pam_unix(sshdauth)
"Oct 24, 2022 @ 23:12:35.334",filebeat-ssh,ssh sshd,pam_unix(sshdauth)
"Oct 24, 2022 @ 23:12:35.334",filebeat-ssh,ssh sshd,pam_unix(sshdauth)
"Oct 24, 2022 @ 23:12:35.334",filebeat-ssh,ssh sshd,pam_unix(sshdauth)
"Oct 24, 2022 @ 23:12:35.334",filebeat-ssh,ssh sshd,pam_unix(sshdauth)
"Oct 24, 2022 @ 23:12:35.334",filebeat-ssh,ssh sshd,pam_unix(sshdauth)
"Oct 24, 2022 @ 23:12:35.334",filebeat-ssh,ssh sshd,pam_unix(sshdauth)
"Oct 24, 2022 @ 23:12:35.334",filebeat-ssh,ssh sshd,pam_unix(sshdauth)
"Oct 24, 2022 @ 23:12:35.334",filebeat-ssh,ssh sshd,pam_unix(sshdauth)
"Oct 24, 2022 @ 23:12:35.334",filebeat-ssh,ssh sshd,pam_unix(sshdauth)
"Oct 24, 2022 @ 23:12:33.333",filebeat-ssh,ssh sshd,pam_unix(sshdauth)
"Oct 24, 2022 @ 23:12:33.333",filebeat-ssh,ssh sshd,pam_unix(sshdauth)
"Oct 24, 2022 @ 23:12:33.333",filebeat-ssh,ssh sshd,pam_unix(sshdauth)
"Oct 24, 2022 @ 23:12:33.333",filebeat-ssh,ssh sshd,pam_unix(sshdauth)
"Oct 24, 2022 @ 23:12:33.333",filebeat-ssh,ssh sshd,pam_unix(sshdauth)
"Oct 24, 2022 @ 23:12:33.333",filebeat-ssh,ssh sshd,pam_unix(sshdauth)
"Oct 24, 2022 @ 23:12:31.332",filebeat-ssh,ssh sshd,message
"Oct 24, 2022 @ 23:12:31.332",filebeat-ssh,ssh sshd,pam_unix(sshdauth)
"Oct 24, 2022 @ 23:12:31.332",filebeat-ssh,ssh sshd,pam_unix(sshdauth)
"Oct 24, 2022 @ 23:12:25.330",filebeat-ssh,ssh sshd,message
"Oct 24, 2022 @ 23:12:25.330",filebeat-ssh,ssh sshd,pam_unix(sshdauth)
"Oct 24, 2022 @ 23:12:11.326",filebeat-ssh,ssh sshd,message
"Oct 24, 2022 @ 23:12:11.326",filebeat-ssh,ssh sshd,pam_unix(sshdauth)
"Oct 24, 2022 @ 23:11:57.322",filebeat-ssh,ssh sshd,message
"Oct 24, 2022 @ 23:11:57.322",filebeat-ssh,ssh sshd,pam_unix(sshdauth)
"Oct 24, 2022 @ 23:11:43.307",filebeat-ssh,ssh sshd,message
"Oct 24, 2022 @ 23:11:43.307",filebeat-ssh,ssh sshd,pam_unix(sshdauth)
"Oct 24, 2022 @ 23:11:29.292",filebeat-ssh,ssh sshd,message
"Oct 24, 2022 @ 23:11:29.292",filebeat-ssh,ssh sshd,pam_unix(sshdsession)
"Oct 24, 2022 @ 23:11:29.292",filebeat-ssh,ssh sshd,pam_systemd(sshdsession)
"Oct 24, 2022 @ 23:11:29.292",filebeat-ssh,ssh sshd,pam_env(sshdsession)
"Oct 24, 2022 @ 23:11:29.292",filebeat-ssh,ssh sshd,pam_unix(sshdauth)
"Oct 24, 2022 @ 23:11:27.292",filebeat-ssh,ssh sshd,message
"Oct 24, 2022 @ 23:11:27.292",filebeat-ssh,ssh sshd,pam_unix(sshdauth)
"Oct 24, 2022 @ 23:11:13.288",filebeat-ssh,ssh sshd,pam_unix(sshdauth)
"Oct 24, 2022 @ 23:11:13.288",filebeat-ssh,ssh sshd,pam_unix(sshdauth)
"Oct 24, 2022 @ 23:11:13.288",filebeat-ssh,ssh sshd,pam_unix(sshdauth)
"Oct 24, 2022 @ 23:11:13.288",filebeat-ssh,ssh sshd,pam_unix(sshdauth)
"Oct 24, 2022 @ 23:11:13.288",filebeat-ssh,ssh sshd,pam_unix(sshdauth)
"Oct 24, 2022 @ 23:11:11.288",filebeat-ssh,ssh sshd,pam_unix(sshdauth)
"Oct 24, 2022 @ 23:11:11.288",filebeat-ssh,ssh sshd,pam_unix(sshdauth)
"Oct 24, 2022 @ 23:11:11.288",filebeat-ssh,ssh sshd,pam_unix(sshdauth)
"Oct 24, 2022 @ 23:11:11.288",filebeat-ssh,ssh sshd,pam_unix(sshdauth)
"Oct 24, 2022 @ 23:11:11.288",filebeat-ssh,ssh sshd,pam_unix(sshdauth)
"Oct 24, 2022 @ 23:11:11.288",filebeat-ssh,ssh sshd,pam_unix(sshdauth)
"Oct 24, 2022 @ 23:11:11.288",filebeat-ssh,ssh sshd,pam_unix(sshdauth)
"Oct 24, 2022 @ 23:11:11.288",filebeat-ssh,ssh sshd,pam_unix(sshdauth)
"Oct 24, 2022 @ 23:11:09.287",filebeat-ssh,ssh sshd,pam_unix(sshdauth)
"Oct 24, 2022 @ 23:11:09.287",filebeat-ssh,ssh sshd,pam_unix(sshdauth)
"Oct 24, 2022 @ 23:11:09.287",filebeat-ssh,ssh sshd,pam_unix(sshdauth)
"Oct 24, 2022 @ 23:11:09.287",filebeat-ssh,ssh sshd,pam_unix(sshdauth)
"Oct 24, 2022 @ 23:11:09.287",filebeat-ssh,ssh sshd,pam_unix(sshdauth)
"Oct 24, 2022 @ 23:11:09.287",filebeat-ssh,ssh sshd,pam_unix(sshdauth)
"Oct 24, 2022 @ 23:11:09.287",filebeat-ssh,ssh sshd,pam_unix(sshdauth)
"Oct 24, 2022 @ 23:11:09.287",filebeat-ssh,ssh sshd,pam_unix(sshdauth)
"Oct 24, 2022 @ 23:11:07.286",filebeat-ssh,ssh sshd,pam_unix(sshdauth)
"Oct 24, 2022 @ 23:11:07.286",filebeat-ssh,ssh sshd,pam_unix(sshdauth)
"Oct 24, 2022 @ 23:11:07.286",filebeat-ssh,ssh sshd,pam_unix(sshdauth)
"Oct 24, 2022 @ 23:11:07.286",filebeat-ssh,ssh sshd,pam_unix(sshdauth)
"Oct 24, 2022 @ 23:11:07.286",filebeat-ssh,ssh sshd,pam_unix(sshdauth)
"Oct 24, 2022 @ 23:11:07.286",filebeat-ssh,ssh sshd,pam_unix(sshdauth)
"Oct 24, 2022 @ 23:11:07.286",filebeat-ssh,ssh sshd,pam_unix(sshdauth)
"Oct 24, 2022 @ 23:11:07.286",filebeat-ssh,ssh sshd,pam_unix(sshdauth)
"Oct 24, 2022 @ 23:11:05.285",filebeat-ssh,ssh sshd,pam_unix(sshdauth)
"Oct 24, 2022 @ 23:11:05.285",filebeat-ssh,ssh sshd,pam_unix(sshdauth)
"Oct 24, 2022 @ 23:11:05.285",filebeat-ssh,ssh sshd,pam_unix(sshdauth)
"Oct 24, 2022 @ 23:11:05.285",filebeat-ssh,ssh sshd,pam_unix(sshdauth)
"Oct 24, 2022 @ 23:11:05.285",filebeat-ssh,ssh sshd,pam_unix(sshdauth)
"Oct 24, 2022 @ 23:11:05.285",filebeat-ssh,ssh sshd,pam_unix(sshdauth)
"Oct 24, 2022 @ 23:11:05.285",filebeat-ssh,ssh sshd,pam_unix(sshdauth)
"Oct 24, 2022 @ 23:11:05.285",filebeat-ssh,ssh sshd,pam_unix(sshdauth)
"Oct 24, 2022 @ 23:11:03.285",filebeat-ssh,ssh sshd,pam_unix(sshdauth)
"Oct 24, 2022 @ 23:11:03.285",filebeat-ssh,ssh sshd,pam_unix(sshdauth)
"Oct 24, 2022 @ 23:11:03.285",filebeat-ssh,ssh sshd,pam_unix(sshdauth)
"Oct 24, 2022 @ 23:11:03.285",filebeat-ssh,ssh sshd,pam_unix(sshdauth)
"Oct 24, 2022 @ 23:11:03.285",filebeat-ssh,ssh sshd,pam_unix(sshdauth)
"Oct 24, 2022 @ 23:11:03.285",filebeat-ssh,ssh sshd,pam_unix(sshdauth)
"Oct 24, 2022 @ 23:11:03.285",filebeat-ssh,ssh sshd,pam_unix(sshdauth)
"Oct 24, 2022 @ 23:11:03.285",filebeat-ssh,ssh sshd,pam_unix(sshdauth)
"Oct 24, 2022 @ 23:11:01.283",filebeat-ssh,ssh sshd,pam_unix(sshdauth)
"Oct 24, 2022 @ 23:11:01.283",filebeat-ssh,ssh sshd,pam_unix(sshdauth)
"Oct 24, 2022 @ 23:11:01.283",filebeat-ssh,ssh sshd,pam_unix(sshdauth)
"Oct 24, 2022 @ 23:11:01.283",filebeat-ssh,ssh sshd,pam_unix(sshdauth)
"Oct 24, 2022 @ 23:11:01.283",filebeat-ssh,ssh sshd,pam_unix(sshdauth)
"Oct 24, 2022 @ 23:11:01.283",filebeat-ssh,ssh sshd,pam_unix(sshdauth)
"Oct 24, 2022 @ 23:11:01.283",filebeat-ssh,ssh sshd,pam_unix(sshdauth)
"Oct 24, 2022 @ 23:11:01.283",filebeat-ssh,ssh sshd,pam_unix(sshdauth)
"Oct 24, 2022 @ 23:10:59.283",filebeat-ssh,ssh sshd,pam_unix(sshdauth)
"Oct 24, 2022 @ 23:10:59.283",filebeat-ssh,ssh sshd,pam_unix(sshdauth)
"Oct 24, 2022 @ 23:10:59.283",filebeat-ssh,ssh sshd,pam_unix(sshdauth)
"Oct 24, 2022 @ 23:10:59.283",filebeat-ssh,ssh sshd,pam_unix(sshdauth)
"Oct 24, 2022 @ 23:10:59.283",filebeat-ssh,ssh sshd,pam_unix(sshdauth)
"Oct 24, 2022 @ 23:10:59.283",filebeat-ssh,ssh sshd,pam_unix(sshdauth)
"Oct 24, 2022 @ 23:10:59.283",filebeat-ssh,ssh sshd,pam_unix(sshdauth)
"Oct 24, 2022 @ 23:10:59.283",filebeat-ssh,ssh sshd,pam_unix(sshdauth)
"Oct 24, 2022 @ 23:10:57.281",filebeat-ssh,ssh sshd,pam_unix(sshdauth)
"Oct 24, 2022 @ 23:10:57.281",filebeat-ssh,ssh sshd,pam_unix(sshdauth)
"Oct 24, 2022 @ 23:10:57.281",filebeat-ssh,ssh sshd,pam_unix(sshdauth)
"Oct 24, 2022 @ 23:10:57.281",filebeat-ssh,ssh sshd,pam_unix(sshdauth)
"Oct 24, 2022 @ 23:10:57.281",filebeat-ssh,ssh sshd,pam_unix(sshdauth)
"Oct 24, 2022 @ 23:10:57.281",filebeat-ssh,ssh sshd,pam_unix(sshdauth)
"Oct 24, 2022 @ 23:10:57.281",filebeat-ssh,ssh sshd,pam_unix(sshdauth)
"Oct 24, 2022 @ 23:10:57.281",filebeat-ssh,ssh sshd,pam_unix(sshdauth)
"Oct 24, 2022 @ 23:10:55.279",filebeat-ssh,ssh sshd,pam_unix(sshdauth)
"Oct 24, 2022 @ 23:10:55.279",filebeat-ssh,ssh sshd,pam_unix(sshdauth)
"Oct 24, 2022 @ 23:10:55.279",filebeat-ssh,ssh sshd,pam_unix(sshdauth)
"Oct 24, 2022 @ 23:10:55.279",filebeat-ssh,ssh sshd,pam_unix(sshdauth)
"Oct 24, 2022 @ 23:10:55.279",filebeat-ssh,ssh sshd,pam_unix(sshdauth)
"Oct 24, 2022 @ 23:10:55.279",filebeat-ssh,ssh sshd,pam_unix(sshdauth)
"Oct 24, 2022 @ 23:10:55.279",filebeat-ssh,ssh sshd,pam_unix(sshdauth)
"Oct 24, 2022 @ 23:10:55.279",filebeat-ssh,ssh sshd,pam_unix(sshdauth)
"Oct 24, 2022 @ 23:10:53.276",filebeat-ssh,ssh sshd,pam_unix(sshdauth)
"Oct 24, 2022 @ 23:10:53.276",filebeat-ssh,ssh sshd,pam_unix(sshdauth)
"Oct 24, 2022 @ 23:10:53.276",filebeat-ssh,ssh sshd,pam_unix(sshdauth)
"Oct 24, 2022 @ 23:10:53.276",filebeat-ssh,ssh sshd,pam_unix(sshdauth)
"Oct 24, 2022 @ 23:10:53.276",filebeat-ssh,ssh sshd,pam_unix(sshdauth)
"Oct 24, 2022 @ 23:10:53.276",filebeat-ssh,ssh sshd,pam_unix(sshdauth)
"Oct 24, 2022 @ 23:10:53.276",filebeat-ssh,ssh sshd,pam_unix(sshdauth)
"Oct 24, 2022 @ 23:10:53.276",filebeat-ssh,ssh sshd,pam_unix(sshdauth)
"Oct 24, 2022 @ 23:10:51.276",filebeat-ssh,ssh sshd,pam_unix(sshdauth)
"Oct 24, 2022 @ 23:10:51.276",filebeat-ssh,ssh sshd,pam_unix(sshdauth)
"Oct 24, 2022 @ 23:10:51.276",filebeat-ssh,ssh sshd,pam_unix(sshdauth)
"Oct 24, 2022 @ 23:10:51.276",filebeat-ssh,ssh sshd,pam_unix(sshdauth)
"Oct 24, 2022 @ 23:10:51.276",filebeat-ssh,ssh sshd,pam_unix(sshdauth)
"Oct 24, 2022 @ 23:10:51.275",filebeat-ssh,ssh sshd,pam_unix(sshdauth)
"Oct 24, 2022 @ 23:10:51.275",filebeat-ssh,ssh sshd,pam_unix(sshdauth)
"Oct 24, 2022 @ 23:10:51.275",filebeat-ssh,ssh sshd,pam_unix(sshdauth)
"Oct 24, 2022 @ 23:10:49.271",filebeat-ssh,ssh sshd,message
"Oct 24, 2022 @ 23:10:49.271",filebeat-ssh,ssh sshd,pam_unix(sshdauth)
"Oct 24, 2022 @ 23:10:49.271",filebeat-ssh,ssh sshd,pam_unix(sshdauth)
"Oct 24, 2022 @ 23:10:49.271",filebeat-ssh,ssh sshd,pam_unix(sshdauth)
"Oct 24, 2022 @ 23:10:49.271",filebeat-ssh,ssh sshd,pam_unix(sshdauth)
"Oct 24, 2022 @ 23:10:49.271",filebeat-ssh,ssh sshd,pam_unix(sshdauth)
"Oct 24, 2022 @ 23:10:49.271",filebeat-ssh,ssh sshd,pam_unix(sshdauth)
"Oct 24, 2022 @ 23:10:49.271",filebeat-ssh,ssh sshd,pam_unix(sshdauth)
"Oct 24, 2022 @ 23:10:49.271",filebeat-ssh,ssh sshd,pam_unix(sshdauth)
"Oct 24, 2022 @ 23:10:49.271",filebeat-ssh,ssh sshd,pam_unix(sshdauth)
"Oct 24, 2022 @ 23:10:49.271",filebeat-ssh,ssh sshd,pam_unix(sshdauth)
"Oct 24, 2022 @ 23:10:49.271",filebeat-ssh,ssh sshd,pam_unix(sshdauth)
"Oct 24, 2022 @ 23:10:49.271",filebeat-ssh,ssh sshd,pam_unix(sshdauth)
"Oct 24, 2022 @ 23:10:35.255",filebeat-ssh,ssh sshd,pam_unix(sshdauth)
"Oct 24, 2022 @ 23:10:33.254",filebeat-ssh,ssh sshd,pam_unix(sshdauth)
"Oct 24, 2022 @ 23:10:33.254",filebeat-ssh,ssh sshd,pam_unix(sshdauth)
"Oct 24, 2022 @ 23:10:33.254",filebeat-ssh,ssh sshd,pam_unix(sshdauth)
"Oct 24, 2022 @ 23:10:33.254",filebeat-ssh,ssh sshd,pam_unix(sshdauth)
"Oct 24, 2022 @ 23:10:33.254",filebeat-ssh,ssh sshd,pam_unix(sshdauth)
"Oct 24, 2022 @ 23:10:33.254",filebeat-ssh,ssh sshd,pam_unix(sshdauth)
"Oct 24, 2022 @ 23:10:33.254",filebeat-ssh,ssh sshd,pam_unix(sshdauth)
"Oct 24, 2022 @ 23:10:33.254",filebeat-ssh,ssh sshd,pam_unix(sshdauth)
"Oct 24, 2022 @ 23:10:31.253",filebeat-ssh,ssh sshd,pam_unix(sshdauth)
"Oct 24, 2022 @ 23:10:31.253",filebeat-ssh,ssh sshd,pam_unix(sshdauth)
"Oct 24, 2022 @ 23:10:31.253",filebeat-ssh,ssh sshd,pam_unix(sshdauth)
"Oct 24, 2022 @ 23:10:31.253",filebeat-ssh,ssh sshd,pam_unix(sshdauth)
"Oct 24, 2022 @ 23:10:31.253",filebeat-ssh,ssh sshd,pam_unix(sshdauth)
"Oct 24, 2022 @ 23:10:31.253",filebeat-ssh,ssh sshd,pam_unix(sshdauth)
"Oct 24, 2022 @ 23:10:31.253",filebeat-ssh,ssh sshd,pam_unix(sshdauth)
"Oct 24, 2022 @ 23:10:31.253",filebeat-ssh,ssh sshd,pam_unix(sshdauth)
"Oct 24, 2022 @ 23:10:29.252",filebeat-ssh,ssh sshd,pam_unix(sshdauth)
"Oct 24, 2022 @ 23:10:29.252",filebeat-ssh,ssh sshd,pam_unix(sshdauth)
"Oct 24, 2022 @ 23:10:29.252",filebeat-ssh,ssh sshd,pam_unix(sshdauth)
"Oct 24, 2022 @ 23:10:29.252",filebeat-ssh,ssh sshd,pam_unix(sshdauth)
"Oct 24, 2022 @ 23:10:29.252",filebeat-ssh,ssh sshd,pam_unix(sshdauth)
"Oct 24, 2022 @ 23:10:29.252",filebeat-ssh,ssh sshd,pam_unix(sshdauth)
"Oct 24, 2022 @ 23:10:29.252",filebeat-ssh,ssh sshd,pam_unix(sshdauth)
"Oct 24, 2022 @ 23:10:29.252",filebeat-ssh,ssh sshd,pam_unix(sshdauth)
"Oct 24, 2022 @ 23:10:27.250",filebeat-ssh,ssh sshd,pam_unix(sshdauth)
"Oct 24, 2022 @ 23:10:27.250",filebeat-ssh,ssh sshd,pam_unix(sshdauth)
"Oct 24, 2022 @ 23:10:27.250",filebeat-ssh,ssh sshd,pam_unix(sshdauth)
"Oct 24, 2022 @ 23:10:27.250",filebeat-ssh,ssh sshd,pam_unix(sshdauth)
"Oct 24, 2022 @ 23:10:27.250",filebeat-ssh,ssh sshd,pam_unix(sshdauth)
"Oct 24, 2022 @ 23:10:27.250",filebeat-ssh,ssh sshd,pam_unix(sshdauth)
"Oct 24, 2022 @ 23:10:27.250",filebeat-ssh,ssh sshd,pam_unix(sshdauth)
"Oct 24, 2022 @ 23:10:27.250",filebeat-ssh,ssh sshd,pam_unix(sshdauth)
"Oct 24, 2022 @ 23:10:25.249",filebeat-ssh,ssh sshd,pam_unix(sshdauth)
"Oct 24, 2022 @ 23:10:25.249",filebeat-ssh,ssh sshd,pam_unix(sshdauth)
"Oct 24, 2022 @ 23:10:25.249",filebeat-ssh,ssh sshd,pam_unix(sshdauth)
"Oct 24, 2022 @ 23:10:25.249",filebeat-ssh,ssh sshd,pam_unix(sshdauth)
"Oct 24, 2022 @ 23:10:25.249",filebeat-ssh,ssh sshd,pam_unix(sshdauth)
"Oct 24, 2022 @ 23:10:25.249",filebeat-ssh,ssh sshd,pam_unix(sshdauth)
"Oct 24, 2022 @ 23:10:25.249",filebeat-ssh,ssh sshd,pam_unix(sshdauth)
"Oct 24, 2022 @ 23:10:25.249",filebeat-ssh,ssh sshd,pam_unix(sshdauth)
"Oct 24, 2022 @ 23:10:23.247",filebeat-ssh,ssh sshd,pam_unix(sshdauth)
"Oct 24, 2022 @ 23:10:23.247",filebeat-ssh,ssh sshd,pam_unix(sshdauth)
"Oct 24, 2022 @ 23:10:23.247",filebeat-ssh,ssh sshd,pam_unix(sshdauth)
"Oct 24, 2022 @ 23:10:23.247",filebeat-ssh,ssh sshd,pam_unix(sshdauth)
"Oct 24, 2022 @ 23:10:23.247",filebeat-ssh,ssh sshd,pam_unix(sshdauth)
"Oct 24, 2022 @ 23:10:23.247",filebeat-ssh,ssh sshd,pam_unix(sshdauth)
"Oct 24, 2022 @ 23:10:23.247",filebeat-ssh,ssh sshd,pam_unix(sshdauth)
"Oct 24, 2022 @ 23:10:23.247",filebeat-ssh,ssh sshd,pam_unix(sshdauth)
"Oct 24, 2022 @ 23:10:21.245",filebeat-ssh,ssh sshd,pam_unix(sshdauth)
"Oct 24, 2022 @ 23:10:21.245",filebeat-ssh,ssh sshd,pam_unix(sshdauth)
"Oct 24, 2022 @ 23:10:21.245",filebeat-ssh,ssh sshd,pam_unix(sshdauth)
"Oct 24, 2022 @ 23:10:21.245",filebeat-ssh,ssh sshd,pam_unix(sshdauth)
"Oct 24, 2022 @ 23:10:21.245",filebeat-ssh,ssh sshd,pam_unix(sshdauth)
"Oct 24, 2022 @ 23:10:21.245",filebeat-ssh,ssh sshd,pam_unix(sshdauth)
"Oct 24, 2022 @ 23:10:21.245",filebeat-ssh,ssh sshd,pam_unix(sshdauth)
"Oct 24, 2022 @ 23:10:21.245",filebeat-ssh,ssh sshd,pam_unix(sshdauth)
"Oct 24, 2022 @ 23:10:19.245",filebeat-ssh,ssh sshd,pam_unix(sshdauth)
"Oct 24, 2022 @ 23:10:19.245",filebeat-ssh,ssh sshd,pam_unix(sshdauth)
"Oct 24, 2022 @ 23:10:19.245",filebeat-ssh,ssh sshd,pam_unix(sshdauth)
"Oct 24, 2022 @ 23:10:19.245",filebeat-ssh,ssh sshd,pam_unix(sshdauth)
"Oct 24, 2022 @ 23:10:19.245",filebeat-ssh,ssh sshd,pam_unix(sshdauth)
"Oct 24, 2022 @ 23:10:19.245",filebeat-ssh,ssh sshd,pam_unix(sshdauth)
"Oct 24, 2022 @ 23:10:19.245",filebeat-ssh,ssh sshd,pam_unix(sshdauth)
"Oct 24, 2022 @ 23:10:19.245",filebeat-ssh,ssh sshd,pam_unix(sshdauth)
"Oct 24, 2022 @ 23:10:17.243",filebeat-ssh,ssh sshd,pam_unix(sshdauth)
"Oct 24, 2022 @ 23:10:17.243",filebeat-ssh,ssh sshd,pam_unix(sshdauth)
"Oct 24, 2022 @ 23:10:17.243",filebeat-ssh,ssh sshd,pam_unix(sshdauth)
"Oct 24, 2022 @ 23:10:17.243",filebeat-ssh,ssh sshd,pam_unix(sshdauth)
"Oct 24, 2022 @ 23:10:17.243",filebeat-ssh,ssh sshd,pam_unix(sshdauth)
"Oct 24, 2022 @ 23:10:17.243",filebeat-ssh,ssh sshd,pam_unix(sshdauth)
"Oct 24, 2022 @ 23:10:17.243",filebeat-ssh,ssh sshd,pam_unix(sshdauth)
"Oct 24, 2022 @ 23:10:17.243",filebeat-ssh,ssh sshd,pam_unix(sshdauth)
"Oct 24, 2022 @ 23:10:15.242",filebeat-ssh,ssh sshd,pam_unix(sshdauth)
"Oct 24, 2022 @ 23:10:15.242",filebeat-ssh,ssh sshd,pam_unix(sshdauth)
"Oct 24, 2022 @ 23:10:15.242",filebeat-ssh,ssh sshd,pam_unix(sshdauth)
"Oct 24, 2022 @ 23:10:15.242",filebeat-ssh,ssh sshd,pam_unix(sshdauth)
"Oct 24, 2022 @ 23:10:15.242",filebeat-ssh,ssh sshd,pam_unix(sshdauth)
"Oct 24, 2022 @ 23:10:15.242",filebeat-ssh,ssh sshd,pam_unix(sshdauth)
"Oct 24, 2022 @ 23:10:15.242",filebeat-ssh,ssh sshd,pam_unix(sshdauth)
"Oct 24, 2022 @ 23:10:15.242",filebeat-ssh,ssh sshd,pam_unix(sshdauth)
"Oct 24, 2022 @ 23:10:13.239",filebeat-ssh,ssh sshd,pam_unix(sshdauth)
"Oct 24, 2022 @ 23:10:13.239",filebeat-ssh,ssh sshd,pam_unix(sshdauth)
"Oct 24, 2022 @ 23:10:13.239",filebeat-ssh,ssh sshd,pam_unix(sshdauth)
"Oct 24, 2022 @ 23:10:13.239",filebeat-ssh,ssh sshd,pam_unix(sshdauth)
"Oct 24, 2022 @ 23:10:13.239",filebeat-ssh,ssh sshd,pam_unix(sshdauth)
"Oct 24, 2022 @ 23:10:13.239",filebeat-ssh,ssh sshd,pam_unix(sshdauth)
"Oct 24, 2022 @ 23:10:13.239",filebeat-ssh,ssh sshd,pam_unix(sshdauth)
"Oct 24, 2022 @ 23:10:13.239",filebeat-ssh,ssh sshd,pam_unix(sshdauth)
"Oct 24, 2022 @ 23:10:11.228",filebeat-ssh,ssh sshd,pam_unix(sshdauth)
"Oct 24, 2022 @ 23:10:11.228",filebeat-ssh,ssh sshd,pam_unix(sshdauth)
"Oct 24, 2022 @ 23:10:11.228",filebeat-ssh,ssh sshd,pam_unix(sshdauth)
"Oct 24, 2022 @ 23:10:11.228",filebeat-ssh,ssh sshd,pam_unix(sshdauth)
"Oct 24, 2022 @ 23:10:11.228",filebeat-ssh,ssh sshd,pam_unix(sshdauth)
"Oct 24, 2022 @ 23:10:11.228",filebeat-ssh,ssh sshd,pam_unix(sshdauth)
"Oct 24, 2022 @ 23:10:11.228",filebeat-ssh,ssh sshd,pam_unix(sshdauth)
"Oct 24, 2022 @ 23:10:11.228",filebeat-ssh,ssh sshd,pam_unix(sshdauth)
"Oct 24, 2022 @ 23:10:09.215",filebeat-ssh,ssh sshd,message
"Oct 24, 2022 @ 23:10:09.215",filebeat-ssh,ssh sshd,pam_unix(sshdauth)
"Oct 24, 2022 @ 23:10:09.215",filebeat-ssh,ssh sshd,pam_unix(sshdauth)
"Oct 24, 2022 @ 23:10:09.215",filebeat-ssh,ssh sshd,pam_unix(sshdauth)
"Oct 24, 2022 @ 23:10:09.215",filebeat-ssh,ssh sshd,pam_unix(sshdauth)
"Oct 24, 2022 @ 23:10:09.215",filebeat-ssh,ssh sshd,pam_unix(sshdauth)
"Oct 24, 2022 @ 23:10:09.215",filebeat-ssh,ssh sshd,pam_unix(sshdauth)
"Oct 24, 2022 @ 23:10:09.215",filebeat-ssh,ssh sshd,pam_unix(sshdauth)
"Oct 24, 2022 @ 23:10:09.215",filebeat-ssh,ssh sshd,pam_unix(sshdauth)
"Oct 24, 2022 @ 23:09:55.186",filebeat-ssh,ssh sshd,pam_unix(sshdauth)
"Oct 24, 2022 @ 23:09:55.186",filebeat-ssh,ssh sshd,pam_unix(sshdauth)
"Oct 24, 2022 @ 23:09:55.186",filebeat-ssh,ssh sshd,pam_unix(sshdauth)
"Oct 24, 2022 @ 23:09:55.186",filebeat-ssh,ssh sshd,pam_unix(sshdauth)
"Oct 24, 2022 @ 23:09:55.186",filebeat-ssh,ssh sshd,pam_unix(sshdauth)
"Oct 24, 2022 @ 23:09:53.186",filebeat-ssh,ssh sshd,pam_unix(sshdauth)
"Oct 24, 2022 @ 23:09:53.186",filebeat-ssh,ssh sshd,pam_unix(sshdauth)
"Oct 24, 2022 @ 23:09:53.186",filebeat-ssh,ssh sshd,pam_unix(sshdauth)
"Oct 24, 2022 @ 23:09:53.186",filebeat-ssh,ssh sshd,pam_unix(sshdauth)
"Oct 24, 2022 @ 23:09:53.186",filebeat-ssh,ssh sshd,pam_unix(sshdauth)
"Oct 24, 2022 @ 23:09:53.186",filebeat-ssh,ssh sshd,pam_unix(sshdauth)
"Oct 24, 2022 @ 23:09:53.186",filebeat-ssh,ssh sshd,pam_unix(sshdauth)
"Oct 24, 2022 @ 23:09:53.185",filebeat-ssh,ssh sshd,pam_unix(sshdauth)
"Oct 24, 2022 @ 23:09:51.185",filebeat-ssh,ssh sshd,pam_unix(sshdauth)
"Oct 24, 2022 @ 23:09:51.185",filebeat-ssh,ssh sshd,pam_unix(sshdauth)
"Oct 24, 2022 @ 23:09:51.185",filebeat-ssh,ssh sshd,pam_unix(sshdauth)
"Oct 24, 2022 @ 23:09:51.185",filebeat-ssh,ssh sshd,pam_unix(sshdauth)
"Oct 24, 2022 @ 23:09:51.184",filebeat-ssh,ssh sshd,pam_unix(sshdauth)
"Oct 24, 2022 @ 23:09:51.184",filebeat-ssh,ssh sshd,pam_unix(sshdauth)
"Oct 24, 2022 @ 23:09:51.184",filebeat-ssh,ssh sshd,pam_unix(sshdauth)
"Oct 24, 2022 @ 23:09:51.184",filebeat-ssh,ssh sshd,pam_unix(sshdauth)
"Oct 24, 2022 @ 23:09:49.183",filebeat-ssh,ssh sshd,pam_unix(sshdauth)
"Oct 24, 2022 @ 23:09:49.183",filebeat-ssh,ssh sshd,pam_unix(sshdauth)
"Oct 24, 2022 @ 23:09:49.183",filebeat-ssh,ssh sshd,pam_unix(sshdauth)
"Oct 24, 2022 @ 23:09:49.183",filebeat-ssh,ssh sshd,pam_unix(sshdauth)
"Oct 24, 2022 @ 23:09:49.183",filebeat-ssh,ssh sshd,pam_unix(sshdauth)
"Oct 24, 2022 @ 23:09:49.183",filebeat-ssh,ssh sshd,pam_unix(sshdauth)
"Oct 24, 2022 @ 23:09:49.183",filebeat-ssh,ssh sshd,pam_unix(sshdauth)
"Oct 24, 2022 @ 23:09:49.183",filebeat-ssh,ssh sshd,pam_unix(sshdauth)
"Oct 24, 2022 @ 23:09:47.182",filebeat-ssh,ssh sshd,pam_unix(sshdauth)
"Oct 24, 2022 @ 23:09:47.182",filebeat-ssh,ssh sshd,pam_unix(sshdauth)
"Oct 24, 2022 @ 23:09:47.182",filebeat-ssh,ssh sshd,pam_unix(sshdauth)
"Oct 24, 2022 @ 23:09:47.182",filebeat-ssh,ssh sshd,pam_unix(sshdauth)
"Oct 24, 2022 @ 23:09:47.182",filebeat-ssh,ssh sshd,pam_unix(sshdauth)
"Oct 24, 2022 @ 23:09:47.182",filebeat-ssh,ssh sshd,pam_unix(sshdauth)
"Oct 24, 2022 @ 23:09:47.182",filebeat-ssh,ssh sshd,pam_unix(sshdauth)
"Oct 24, 2022 @ 23:09:47.182",filebeat-ssh,ssh sshd,pam_unix(sshdauth)
"Oct 24, 2022 @ 23:09:45.181",filebeat-ssh,ssh sshd,pam_unix(sshdauth)
"Oct 24, 2022 @ 23:09:45.181",filebeat-ssh,ssh sshd,pam_unix(sshdauth)
"Oct 24, 2022 @ 23:09:45.181",filebeat-ssh,ssh sshd,pam_unix(sshdauth)
"Oct 24, 2022 @ 23:09:45.181",filebeat-ssh,ssh sshd,pam_unix(sshdauth)
"Oct 24, 2022 @ 23:09:45.181",filebeat-ssh,ssh sshd,pam_unix(sshdauth)
"Oct 24, 2022 @ 23:09:45.181",filebeat-ssh,ssh sshd,pam_unix(sshdauth)
"Oct 24, 2022 @ 23:09:45.181",filebeat-ssh,ssh sshd,pam_unix(sshdauth)
"Oct 24, 2022 @ 23:09:45.181",filebeat-ssh,ssh sshd,pam_unix(sshdauth)
"Oct 24, 2022 @ 23:09:43.179",filebeat-ssh,ssh sshd,message
"Oct 24, 2022 @ 23:09:43.179",filebeat-ssh,ssh sshd,pam_unix(sshdauth)
"Oct 24, 2022 @ 23:09:43.179",filebeat-ssh,ssh sshd,pam_unix(sshdauth)
"Oct 24, 2022 @ 23:09:43.179",filebeat-ssh,ssh sshd,pam_unix(sshdauth)
"Oct 24, 2022 @ 23:09:43.179",filebeat-ssh,ssh sshd,pam_unix(sshdauth)
"Oct 24, 2022 @ 23:09:43.179",filebeat-ssh,ssh sshd,pam_unix(sshdauth)
"Oct 24, 2022 @ 23:09:43.179",filebeat-ssh,ssh sshd,pam_unix(sshdauth)
"Oct 24, 2022 @ 23:09:43.179",filebeat-ssh,ssh sshd,pam_unix(sshdauth)
"Oct 24, 2022 @ 23:09:43.179",filebeat-ssh,ssh sshd,pam_unix(sshdauth)
"Oct 24, 2022 @ 23:09:29.176",filebeat-ssh,ssh sshd,message
"Oct 24, 2022 @ 23:09:29.176",filebeat-ssh,ssh sshd,pam_unix(sshdauth)
"Oct 24, 2022 @ 23:09:15.174",filebeat-ssh,ssh sshd,pam_unix(sshdauth)
"Oct 24, 2022 @ 23:09:15.174",filebeat-ssh,ssh sshd,pam_unix(sshdauth)
"Oct 24, 2022 @ 23:09:15.174",filebeat-ssh,ssh sshd,pam_unix(sshdauth)
"Oct 24, 2022 @ 23:09:15.174",filebeat-ssh,ssh sshd,pam_unix(sshdauth)
"Oct 24, 2022 @ 23:09:15.174",filebeat-ssh,ssh sshd,pam_unix(sshdauth)
"Oct 24, 2022 @ 23:09:15.174",filebeat-ssh,ssh sshd,pam_unix(sshdauth)
"Oct 24, 2022 @ 23:09:15.174",filebeat-ssh,ssh sshd,pam_unix(sshdauth)
"Oct 24, 2022 @ 23:09:13.173",filebeat-ssh,ssh sshd,pam_unix(sshdauth)
"Oct 24, 2022 @ 23:09:13.173",filebeat-ssh,ssh sshd,pam_unix(sshdauth)
"Oct 24, 2022 @ 23:09:13.173",filebeat-ssh,ssh sshd,pam_unix(sshdauth)
"Oct 24, 2022 @ 23:09:13.173",filebeat-ssh,ssh sshd,pam_unix(sshdauth)
"Oct 24, 2022 @ 23:09:13.173",filebeat-ssh,ssh sshd,pam_unix(sshdauth)
"Oct 24, 2022 @ 23:09:13.173",filebeat-ssh,ssh sshd,pam_unix(sshdauth)
"Oct 24, 2022 @ 23:09:13.173",filebeat-ssh,ssh sshd,pam_unix(sshdauth)
"Oct 24, 2022 @ 23:09:13.173",filebeat-ssh,ssh sshd,pam_unix(sshdauth)
"Oct 24, 2022 @ 23:09:11.173",filebeat-ssh,ssh sshd,pam_unix(sshdauth)
"Oct 24, 2022 @ 23:09:11.173",filebeat-ssh,ssh sshd,pam_unix(sshdauth)
"Oct 24, 2022 @ 23:09:11.173",filebeat-ssh,ssh sshd,pam_unix(sshdauth)
"Oct 24, 2022 @ 23:09:11.172",filebeat-ssh,ssh sshd,pam_unix(sshdauth)
"Oct 24, 2022 @ 23:09:11.172",filebeat-ssh,ssh sshd,pam_unix(sshdauth)
"Oct 24, 2022 @ 23:09:11.172",filebeat-ssh,ssh sshd,pam_unix(sshdauth)
"Oct 24, 2022 @ 23:09:11.172",filebeat-ssh,ssh sshd,pam_unix(sshdauth)
"Oct 24, 2022 @ 23:09:11.172",filebeat-ssh,ssh sshd,pam_unix(sshdauth)
"Oct 24, 2022 @ 23:09:11.172",filebeat-ssh,ssh sshd,pam_unix(sshdauth)
"Oct 24, 2022 @ 23:09:11.172",filebeat-ssh,ssh sshd,pam_unix(sshdauth)
"Oct 24, 2022 @ 23:09:09.172",filebeat-ssh,ssh sshd,pam_unix(sshdauth)
"Oct 24, 2022 @ 23:09:09.172",filebeat-ssh,ssh sshd,pam_unix(sshdauth)
"Oct 24, 2022 @ 23:09:09.172",filebeat-ssh,ssh sshd,pam_unix(sshdauth)
"Oct 24, 2022 @ 23:09:09.172",filebeat-ssh,ssh sshd,pam_unix(sshdauth)
"Oct 24, 2022 @ 23:09:09.172",filebeat-ssh,ssh sshd,pam_unix(sshdauth)
"Oct 24, 2022 @ 23:09:09.172",filebeat-ssh,ssh sshd,pam_unix(sshdauth)
"Oct 24, 2022 @ 23:09:07.171",filebeat-ssh,ssh sshd,pam_unix(sshdauth)
"Oct 24, 2022 @ 23:09:07.171",filebeat-ssh,ssh sshd,pam_unix(sshdauth)
"Oct 24, 2022 @ 23:09:07.171",filebeat-ssh,ssh sshd,pam_unix(sshdauth)
"Oct 24, 2022 @ 23:09:07.171",filebeat-ssh,ssh sshd,pam_unix(sshdauth)
"Oct 24, 2022 @ 23:09:07.171",filebeat-ssh,ssh sshd,pam_unix(sshdauth)
"Oct 24, 2022 @ 23:09:07.171",filebeat-ssh,ssh sshd,pam_unix(sshdauth)
"Oct 24, 2022 @ 23:09:07.171",filebeat-ssh,ssh sshd,pam_unix(sshdauth)
"Oct 24, 2022 @ 23:09:07.171",filebeat-ssh,ssh sshd,pam_unix(sshdauth)
"Oct 24, 2022 @ 23:09:05.169",filebeat-ssh,ssh sshd,pam_unix(sshdauth)
"Oct 24, 2022 @ 23:09:05.169",filebeat-ssh,ssh sshd,pam_unix(sshdauth)
"Oct 24, 2022 @ 23:09:05.169",filebeat-ssh,ssh sshd,pam_unix(sshdauth)
"Oct 24, 2022 @ 23:09:05.169",filebeat-ssh,ssh sshd,pam_unix(sshdauth)
"Oct 24, 2022 @ 23:09:05.169",filebeat-ssh,ssh sshd,pam_unix(sshdauth)
"Oct 24, 2022 @ 23:09:05.169",filebeat-ssh,ssh sshd,pam_unix(sshdauth)
"Oct 24, 2022 @ 23:09:05.169",filebeat-ssh,ssh sshd,pam_unix(sshdauth)
"Oct 24, 2022 @ 23:09:05.169",filebeat-ssh,ssh sshd,pam_unix(sshdauth)
"Oct 24, 2022 @ 23:09:03.169",filebeat-ssh,ssh sshd,pam_unix(sshdauth)
"Oct 24, 2022 @ 23:09:03.169",filebeat-ssh,ssh sshd,pam_unix(sshdauth)
"Oct 24, 2022 @ 23:09:03.169",filebeat-ssh,ssh sshd,pam_unix(sshdauth)
"Oct 24, 2022 @ 23:09:03.169",filebeat-ssh,ssh sshd,pam_unix(sshdauth)
"Oct 24, 2022 @ 23:09:03.169",filebeat-ssh,ssh sshd,pam_unix(sshdauth)
"Oct 24, 2022 @ 23:09:03.169",filebeat-ssh,ssh sshd,pam_unix(sshdauth)
"Oct 24, 2022 @ 23:09:03.169",filebeat-ssh,ssh sshd,pam_unix(sshdauth)
"Oct 24, 2022 @ 23:09:03.169",filebeat-ssh,ssh sshd,pam_unix(sshdauth)
"Oct 24, 2022 @ 23:09:01.169",filebeat-ssh,ssh sshd,pam_unix(sshdauth)
"Oct 24, 2022 @ 23:09:01.169",filebeat-ssh,ssh sshd,pam_unix(sshdauth)
"Oct 24, 2022 @ 23:09:01.169",filebeat-ssh,ssh sshd,pam_unix(sshdauth)
"Oct 24, 2022 @ 23:09:01.169",filebeat-ssh,ssh sshd,pam_unix(sshdauth)
"Oct 24, 2022 @ 23:09:01.169",filebeat-ssh,ssh sshd,pam_unix(sshdauth)
"Oct 24, 2022 @ 23:09:01.169",filebeat-ssh,ssh sshd,pam_unix(sshdauth)
"Oct 24, 2022 @ 23:09:01.169",filebeat-ssh,ssh sshd,pam_unix(sshdauth)
"Oct 24, 2022 @ 23:09:01.169",filebeat-ssh,ssh sshd,pam_unix(sshdauth)
"Oct 24, 2022 @ 23:08:59.167",filebeat-ssh,ssh sshd,pam_unix(sshdauth)
"Oct 24, 2022 @ 23:08:59.167",filebeat-ssh,ssh sshd,pam_unix(sshdauth)
"Oct 24, 2022 @ 23:08:59.167",filebeat-ssh,ssh sshd,pam_unix(sshdauth)
"Oct 24, 2022 @ 23:08:59.167",filebeat-ssh,ssh sshd,pam_unix(sshdauth)
"Oct 24, 2022 @ 23:08:59.167",filebeat-ssh,ssh sshd,pam_unix(sshdauth)
"Oct 24, 2022 @ 23:08:59.167",filebeat-ssh,ssh sshd,pam_unix(sshdauth)
"Oct 24, 2022 @ 23:08:59.167",filebeat-ssh,ssh sshd,pam_unix(sshdauth)
"Oct 24, 2022 @ 23:08:59.167",filebeat-ssh,ssh sshd,pam_unix(sshdauth)
"Oct 24, 2022 @ 23:08:57.165",filebeat-ssh,ssh sshd,pam_unix(sshdauth)
"Oct 24, 2022 @ 23:08:57.165",filebeat-ssh,ssh sshd,pam_unix(sshdauth)
"Oct 24, 2022 @ 23:08:57.165",filebeat-ssh,ssh sshd,pam_unix(sshdauth)
"Oct 24, 2022 @ 23:08:57.165",filebeat-ssh,ssh sshd,pam_unix(sshdauth)
"Oct 24, 2022 @ 23:08:57.165",filebeat-ssh,ssh sshd,pam_unix(sshdauth)
"Oct 24, 2022 @ 23:08:57.165",filebeat-ssh,ssh sshd,pam_unix(sshdauth)
"Oct 24, 2022 @ 23:08:57.165",filebeat-ssh,ssh sshd,pam_unix(sshdauth)
"Oct 24, 2022 @ 23:08:57.165",filebeat-ssh,ssh sshd,pam_unix(sshdauth)
"Oct 24, 2022 @ 23:08:55.164",filebeat-ssh,ssh sshd,pam_unix(sshdauth)
"Oct 24, 2022 @ 23:08:55.164",filebeat-ssh,ssh sshd,pam_unix(sshdauth)
"Oct 24, 2022 @ 23:08:55.164",filebeat-ssh,ssh sshd,pam_unix(sshdauth)
"Oct 24, 2022 @ 23:08:55.164",filebeat-ssh,ssh sshd,pam_unix(sshdauth)
"Oct 24, 2022 @ 23:08:55.164",filebeat-ssh,ssh sshd,pam_unix(sshdauth)
"Oct 24, 2022 @ 23:08:55.164",filebeat-ssh,ssh sshd,pam_unix(sshdauth)
"Oct 24, 2022 @ 23:08:55.164",filebeat-ssh,ssh sshd,pam_unix(sshdauth)
"Oct 24, 2022 @ 23:08:55.164",filebeat-ssh,ssh sshd,pam_unix(sshdauth)
"Oct 24, 2022 @ 23:08:53.163",filebeat-ssh,ssh sshd,pam_unix(sshdauth)
"Oct 24, 2022 @ 23:08:53.163",filebeat-ssh,ssh sshd,pam_unix(sshdauth)
"Oct 24, 2022 @ 23:08:53.163",filebeat-ssh,ssh sshd,pam_unix(sshdauth)
"Oct 24, 2022 @ 23:08:53.163",filebeat-ssh,ssh sshd,pam_unix(sshdauth)
"Oct 24, 2022 @ 23:08:53.163",filebeat-ssh,ssh sshd,pam_unix(sshdauth)
"Oct 24, 2022 @ 23:08:53.163",filebeat-ssh,ssh sshd,pam_unix(sshdauth)
"Oct 24, 2022 @ 23:08:53.163",filebeat-ssh,ssh sshd,pam_unix(sshdauth)
"Oct 24, 2022 @ 23:08:53.163",filebeat-ssh,ssh sshd,pam_unix(sshdauth)
"Oct 24, 2022 @ 23:08:51.160",filebeat-ssh,ssh sshd,pam_unix(sshdauth)
"Oct 24, 2022 @ 23:08:51.160",filebeat-ssh,ssh sshd,pam_unix(sshdauth)
"Oct 24, 2022 @ 23:08:51.160",filebeat-ssh,ssh sshd,pam_unix(sshdauth)
"Oct 24, 2022 @ 23:08:51.160",filebeat-ssh,ssh sshd,pam_unix(sshdauth)
"Oct 24, 2022 @ 23:08:51.160",filebeat-ssh,ssh sshd,pam_unix(sshdauth)
"Oct 24, 2022 @ 23:08:51.160",filebeat-ssh,ssh sshd,pam_unix(sshdauth)
"Oct 24, 2022 @ 23:08:51.160",filebeat-ssh,ssh sshd,pam_unix(sshdauth)
"Oct 24, 2022 @ 23:08:51.160",filebeat-ssh,ssh sshd,pam_unix(sshdauth)
"Oct 24, 2022 @ 23:08:49.159",filebeat-ssh,ssh sshd,message
"Oct 24, 2022 @ 23:08:49.159",filebeat-ssh,ssh sshd,pam_unix(sshdauth)
"Oct 24, 2022 @ 23:08:49.159",filebeat-ssh,ssh sshd,pam_unix(sshdauth)
"Oct 24, 2022 @ 23:08:47.158",filebeat-ssh,ssh sshd,pam_env(sshdsession)
"Oct 24, 2022 @ 23:08:47.158",filebeat-ssh,ssh sshd,pam_unix(sshdauth)
"Oct 24, 2022 @ 23:08:45.157",filebeat-ssh,ssh sshd,message
"Oct 24, 2022 @ 23:08:45.157",filebeat-ssh,ssh sshd,pam_unix(sshdsession)
"Oct 24, 2022 @ 23:08:45.157",filebeat-ssh,ssh sshd,pam_systemd(sshdsession)
"Oct 24, 2022 @ 23:08:39.148",filebeat-ssh,ssh sshd,pam_unix(sshdauth)
"Oct 24, 2022 @ 23:08:39.148",filebeat-ssh,ssh sshd,pam_unix(sshdauth)
