@timestamp,agent.name,username attempted,public key attempted
"Oct 24, 2022 @ 23:19:29.978",filebeat-honeypot,"""www-data""","""SHA256:kOAWI6TohqpqkFc6K5Jr9o8jgzqHjDUCx2eCLct2GgI"""
"Oct 24, 2022 @ 23:19:29.978",filebeat-honeypot,"""www-data""","""SHA256:kOAWI6TohqpqkFc6K5Jr9o8jgzqHjDUCx2eCLct2GgI"""
"Oct 24, 2022 @ 23:19:29.978",filebeat-honeypot,"""www-data""","""SHA256:kOAWI6TohqpqkFc6K5Jr9o8jgzqHjDUCx2eCLct2GgI"""
"Oct 24, 2022 @ 23:19:29.978",filebeat-honeypot,"""www-data""","""SHA256:kOAWI6TohqpqkFc6K5Jr9o8jgzqHjDUCx2eCLct2GgI"""
"Oct 24, 2022 @ 23:19:27.976",filebeat-honeypot,"""www-data""","""SHA256:kOAWI6TohqpqkFc6K5Jr9o8jgzqHjDUCx2eCLct2GgI"""
"Oct 24, 2022 @ 23:19:27.976",filebeat-honeypot,"""www-data""","""SHA256:kOAWI6TohqpqkFc6K5Jr9o8jgzqHjDUCx2eCLct2GgI"""
"Oct 24, 2022 @ 23:19:27.976",filebeat-honeypot,"""www-data""","""SHA256:kOAWI6TohqpqkFc6K5Jr9o8jgzqHjDUCx2eCLct2GgI"""
"Oct 24, 2022 @ 23:19:27.976",filebeat-honeypot,"""www-data""","""SHA256:kOAWI6TohqpqkFc6K5Jr9o8jgzqHjDUCx2eCLct2GgI"""
"Oct 24, 2022 @ 23:19:25.975",filebeat-honeypot,"""www-data""","""SHA256:kOAWI6TohqpqkFc6K5Jr9o8jgzqHjDUCx2eCLct2GgI"""
"Oct 24, 2022 @ 23:19:25.975",filebeat-honeypot,"""www-data""","""SHA256:kOAWI6TohqpqkFc6K5Jr9o8jgzqHjDUCx2eCLct2GgI"""
"Oct 24, 2022 @ 23:19:25.975",filebeat-honeypot,"""www-data""","""SHA256:kOAWI6TohqpqkFc6K5Jr9o8jgzqHjDUCx2eCLct2GgI"""
"Oct 24, 2022 @ 23:19:25.975",filebeat-honeypot,"""www-data""","""SHA256:kOAWI6TohqpqkFc6K5Jr9o8jgzqHjDUCx2eCLct2GgI"""
"Oct 24, 2022 @ 23:19:23.974",filebeat-honeypot,"""www-data""","""SHA256:kOAWI6TohqpqkFc6K5Jr9o8jgzqHjDUCx2eCLct2GgI"""
"Oct 24, 2022 @ 23:19:23.974",filebeat-honeypot,"""www-data""","""SHA256:kOAWI6TohqpqkFc6K5Jr9o8jgzqHjDUCx2eCLct2GgI"""
"Oct 24, 2022 @ 23:19:23.974",filebeat-honeypot,"""www-data""","""SHA256:kOAWI6TohqpqkFc6K5Jr9o8jgzqHjDUCx2eCLct2GgI"""
"Oct 24, 2022 @ 23:19:23.974",filebeat-honeypot,"""www-data""","""SHA256:kOAWI6TohqpqkFc6K5Jr9o8jgzqHjDUCx2eCLct2GgI"""
"Oct 24, 2022 @ 23:19:21.971",filebeat-honeypot,"""www-data""","""SHA256:kOAWI6TohqpqkFc6K5Jr9o8jgzqHjDUCx2eCLct2GgI"""
"Oct 24, 2022 @ 23:19:21.971",filebeat-honeypot,"""www-data""","""SHA256:kOAWI6TohqpqkFc6K5Jr9o8jgzqHjDUCx2eCLct2GgI"""
"Oct 24, 2022 @ 23:19:21.971",filebeat-honeypot,"""www-data""","""SHA256:kOAWI6TohqpqkFc6K5Jr9o8jgzqHjDUCx2eCLct2GgI"""
"Oct 24, 2022 @ 23:19:21.971",filebeat-honeypot,"""www-data""","""SHA256:kOAWI6TohqpqkFc6K5Jr9o8jgzqHjDUCx2eCLct2GgI"""
"Oct 24, 2022 @ 23:19:19.968",filebeat-honeypot,"""www-data""","""SHA256:kOAWI6TohqpqkFc6K5Jr9o8jgzqHjDUCx2eCLct2GgI"""
"Oct 24, 2022 @ 23:19:19.968",filebeat-honeypot,"""www-data""","""SHA256:kOAWI6TohqpqkFc6K5Jr9o8jgzqHjDUCx2eCLct2GgI"""
"Oct 24, 2022 @ 23:19:19.968",filebeat-honeypot,"""www-data""","""SHA256:kOAWI6TohqpqkFc6K5Jr9o8jgzqHjDUCx2eCLct2GgI"""
"Oct 24, 2022 @ 23:19:19.968",filebeat-honeypot,"""www-data""","""SHA256:kOAWI6TohqpqkFc6K5Jr9o8jgzqHjDUCx2eCLct2GgI"""
"Oct 24, 2022 @ 23:19:17.959",filebeat-honeypot,"""root""","""SHA256:kOAWI6TohqpqkFc6K5Jr9o8jgzqHjDUCx2eCLct2GgI"""
"Oct 24, 2022 @ 23:19:17.959",filebeat-honeypot,"""www-data""","""SHA256:kOAWI6TohqpqkFc6K5Jr9o8jgzqHjDUCx2eCLct2GgI"""
"Oct 24, 2022 @ 23:19:17.959",filebeat-honeypot,"""www-data""","""SHA256:kOAWI6TohqpqkFc6K5Jr9o8jgzqHjDUCx2eCLct2GgI"""
"Oct 24, 2022 @ 23:19:17.958",filebeat-honeypot,"""root""","""SHA256:kOAWI6TohqpqkFc6K5Jr9o8jgzqHjDUCx2eCLct2GgI"""
"Oct 24, 2022 @ 23:19:15.947",filebeat-honeypot,"""root""","""SHA256:kOAWI6TohqpqkFc6K5Jr9o8jgzqHjDUCx2eCLct2GgI"""
"Oct 24, 2022 @ 23:19:15.947",filebeat-honeypot,"""root""","""SHA256:kOAWI6TohqpqkFc6K5Jr9o8jgzqHjDUCx2eCLct2GgI"""
"Oct 24, 2022 @ 23:19:15.947",filebeat-honeypot,"""root""","""SHA256:kOAWI6TohqpqkFc6K5Jr9o8jgzqHjDUCx2eCLct2GgI"""
"Oct 24, 2022 @ 23:19:13.945",filebeat-honeypot,"""root""","""SHA256:kOAWI6TohqpqkFc6K5Jr9o8jgzqHjDUCx2eCLct2GgI"""
"Oct 24, 2022 @ 23:19:13.945",filebeat-honeypot,"""root""","""SHA256:kOAWI6TohqpqkFc6K5Jr9o8jgzqHjDUCx2eCLct2GgI"""
"Oct 24, 2022 @ 23:19:13.945",filebeat-honeypot,"""root""","""SHA256:kOAWI6TohqpqkFc6K5Jr9o8jgzqHjDUCx2eCLct2GgI"""
"Oct 24, 2022 @ 23:19:13.944",filebeat-honeypot,"""root""","""SHA256:kOAWI6TohqpqkFc6K5Jr9o8jgzqHjDUCx2eCLct2GgI"""
"Oct 24, 2022 @ 23:19:11.943",filebeat-honeypot,"""root""","""SHA256:kOAWI6TohqpqkFc6K5Jr9o8jgzqHjDUCx2eCLct2GgI"""
"Oct 24, 2022 @ 23:19:11.943",filebeat-honeypot,"""root""","""SHA256:kOAWI6TohqpqkFc6K5Jr9o8jgzqHjDUCx2eCLct2GgI"""
"Oct 24, 2022 @ 23:19:11.943",filebeat-honeypot,"""root""","""SHA256:kOAWI6TohqpqkFc6K5Jr9o8jgzqHjDUCx2eCLct2GgI"""
"Oct 24, 2022 @ 23:19:11.943",filebeat-honeypot,"""root""","""SHA256:kOAWI6TohqpqkFc6K5Jr9o8jgzqHjDUCx2eCLct2GgI"""
"Oct 24, 2022 @ 23:19:09.942",filebeat-honeypot,"""root""","""SHA256:kOAWI6TohqpqkFc6K5Jr9o8jgzqHjDUCx2eCLct2GgI"""
"Oct 24, 2022 @ 23:19:09.942",filebeat-honeypot,"""root""","""SHA256:kOAWI6TohqpqkFc6K5Jr9o8jgzqHjDUCx2eCLct2GgI"""
"Oct 24, 2022 @ 23:19:09.942",filebeat-honeypot,"""root""","""SHA256:kOAWI6TohqpqkFc6K5Jr9o8jgzqHjDUCx2eCLct2GgI"""
"Oct 24, 2022 @ 23:19:09.942",filebeat-honeypot,"""root""","""SHA256:kOAWI6TohqpqkFc6K5Jr9o8jgzqHjDUCx2eCLct2GgI"""
"Oct 24, 2022 @ 23:19:07.941",filebeat-honeypot,"""root""","""SHA256:kOAWI6TohqpqkFc6K5Jr9o8jgzqHjDUCx2eCLct2GgI"""
"Oct 24, 2022 @ 23:19:07.941",filebeat-honeypot,"""root""","""SHA256:kOAWI6TohqpqkFc6K5Jr9o8jgzqHjDUCx2eCLct2GgI"""
"Oct 24, 2022 @ 23:19:07.941",filebeat-honeypot,"""root""","""SHA256:kOAWI6TohqpqkFc6K5Jr9o8jgzqHjDUCx2eCLct2GgI"""
"Oct 24, 2022 @ 23:19:07.941",filebeat-honeypot,"""root""","""SHA256:kOAWI6TohqpqkFc6K5Jr9o8jgzqHjDUCx2eCLct2GgI"""
"Oct 24, 2022 @ 23:19:05.939",filebeat-honeypot,"""root""","""SHA256:kOAWI6TohqpqkFc6K5Jr9o8jgzqHjDUCx2eCLct2GgI"""
"Oct 24, 2022 @ 23:19:05.939",filebeat-honeypot,"""root""","""SHA256:kOAWI6TohqpqkFc6K5Jr9o8jgzqHjDUCx2eCLct2GgI"""
"Oct 24, 2022 @ 23:19:05.939",filebeat-honeypot,"""root""","""SHA256:kOAWI6TohqpqkFc6K5Jr9o8jgzqHjDUCx2eCLct2GgI"""
"Oct 24, 2022 @ 23:19:05.939",filebeat-honeypot,"""root""","""SHA256:kOAWI6TohqpqkFc6K5Jr9o8jgzqHjDUCx2eCLct2GgI"""
"Oct 24, 2022 @ 23:19:03.938",filebeat-honeypot,"""user""","""SHA256:kOAWI6TohqpqkFc6K5Jr9o8jgzqHjDUCx2eCLct2GgI"""
"Oct 24, 2022 @ 23:19:03.938",filebeat-honeypot,"""user""","""SHA256:kOAWI6TohqpqkFc6K5Jr9o8jgzqHjDUCx2eCLct2GgI"""
"Oct 24, 2022 @ 23:19:03.938",filebeat-honeypot,"""user""","""SHA256:kOAWI6TohqpqkFc6K5Jr9o8jgzqHjDUCx2eCLct2GgI"""
"Oct 24, 2022 @ 23:19:03.938",filebeat-honeypot,"""root""","""SHA256:kOAWI6TohqpqkFc6K5Jr9o8jgzqHjDUCx2eCLct2GgI"""
"Oct 24, 2022 @ 23:19:01.936",filebeat-honeypot,"""user""","""SHA256:kOAWI6TohqpqkFc6K5Jr9o8jgzqHjDUCx2eCLct2GgI"""
"Oct 24, 2022 @ 23:19:01.936",filebeat-honeypot,"""user""","""SHA256:kOAWI6TohqpqkFc6K5Jr9o8jgzqHjDUCx2eCLct2GgI"""
"Oct 24, 2022 @ 23:19:01.936",filebeat-honeypot,"""user""","""SHA256:kOAWI6TohqpqkFc6K5Jr9o8jgzqHjDUCx2eCLct2GgI"""
"Oct 24, 2022 @ 23:19:01.936",filebeat-honeypot,"""user""","""SHA256:kOAWI6TohqpqkFc6K5Jr9o8jgzqHjDUCx2eCLct2GgI"""
"Oct 24, 2022 @ 23:18:59.935",filebeat-honeypot,"""user""","""SHA256:kOAWI6TohqpqkFc6K5Jr9o8jgzqHjDUCx2eCLct2GgI"""
"Oct 24, 2022 @ 23:18:59.935",filebeat-honeypot,"""user""","""SHA256:kOAWI6TohqpqkFc6K5Jr9o8jgzqHjDUCx2eCLct2GgI"""
"Oct 24, 2022 @ 23:18:59.934",filebeat-honeypot,"""user""","""SHA256:kOAWI6TohqpqkFc6K5Jr9o8jgzqHjDUCx2eCLct2GgI"""
"Oct 24, 2022 @ 23:18:59.934",filebeat-honeypot,"""user""","""SHA256:kOAWI6TohqpqkFc6K5Jr9o8jgzqHjDUCx2eCLct2GgI"""
"Oct 24, 2022 @ 23:18:57.934",filebeat-honeypot,"""user""","""SHA256:kOAWI6TohqpqkFc6K5Jr9o8jgzqHjDUCx2eCLct2GgI"""
"Oct 24, 2022 @ 23:18:57.934",filebeat-honeypot,"""user""","""SHA256:kOAWI6TohqpqkFc6K5Jr9o8jgzqHjDUCx2eCLct2GgI"""
"Oct 24, 2022 @ 23:18:57.934",filebeat-honeypot,"""user""","""SHA256:kOAWI6TohqpqkFc6K5Jr9o8jgzqHjDUCx2eCLct2GgI"""
"Oct 24, 2022 @ 23:18:57.934",filebeat-honeypot,"""user""","""SHA256:kOAWI6TohqpqkFc6K5Jr9o8jgzqHjDUCx2eCLct2GgI"""
"Oct 24, 2022 @ 23:18:55.933",filebeat-honeypot,"""user""","""SHA256:kOAWI6TohqpqkFc6K5Jr9o8jgzqHjDUCx2eCLct2GgI"""
"Oct 24, 2022 @ 23:18:55.933",filebeat-honeypot,"""user""","""SHA256:kOAWI6TohqpqkFc6K5Jr9o8jgzqHjDUCx2eCLct2GgI"""
"Oct 24, 2022 @ 23:18:55.933",filebeat-honeypot,"""user""","""SHA256:kOAWI6TohqpqkFc6K5Jr9o8jgzqHjDUCx2eCLct2GgI"""
"Oct 24, 2022 @ 23:18:55.933",filebeat-honeypot,"""user""","""SHA256:kOAWI6TohqpqkFc6K5Jr9o8jgzqHjDUCx2eCLct2GgI"""
"Oct 24, 2022 @ 23:18:53.931",filebeat-honeypot,"""user""","""SHA256:kOAWI6TohqpqkFc6K5Jr9o8jgzqHjDUCx2eCLct2GgI"""
"Oct 24, 2022 @ 23:18:53.931",filebeat-honeypot,"""user""","""SHA256:kOAWI6TohqpqkFc6K5Jr9o8jgzqHjDUCx2eCLct2GgI"""
"Oct 24, 2022 @ 23:18:53.931",filebeat-honeypot,"""user""","""SHA256:kOAWI6TohqpqkFc6K5Jr9o8jgzqHjDUCx2eCLct2GgI"""
"Oct 24, 2022 @ 23:18:53.931",filebeat-honeypot,"""user""","""SHA256:kOAWI6TohqpqkFc6K5Jr9o8jgzqHjDUCx2eCLct2GgI"""
"Oct 24, 2022 @ 23:18:51.928",filebeat-honeypot,"""toor""","""SHA256:kOAWI6TohqpqkFc6K5Jr9o8jgzqHjDUCx2eCLct2GgI"""
"Oct 24, 2022 @ 23:18:51.928",filebeat-honeypot,"""user""","""SHA256:kOAWI6TohqpqkFc6K5Jr9o8jgzqHjDUCx2eCLct2GgI"""
"Oct 24, 2022 @ 23:18:51.928",filebeat-honeypot,"""user""","""SHA256:kOAWI6TohqpqkFc6K5Jr9o8jgzqHjDUCx2eCLct2GgI"""
"Oct 24, 2022 @ 23:18:51.928",filebeat-honeypot,"""user""","""SHA256:kOAWI6TohqpqkFc6K5Jr9o8jgzqHjDUCx2eCLct2GgI"""
"Oct 24, 2022 @ 23:18:49.928",filebeat-honeypot,"""toor""","""SHA256:kOAWI6TohqpqkFc6K5Jr9o8jgzqHjDUCx2eCLct2GgI"""
"Oct 24, 2022 @ 23:18:49.928",filebeat-honeypot,"""toor""","""SHA256:kOAWI6TohqpqkFc6K5Jr9o8jgzqHjDUCx2eCLct2GgI"""
"Oct 24, 2022 @ 23:18:49.928",filebeat-honeypot,"""toor""","""SHA256:kOAWI6TohqpqkFc6K5Jr9o8jgzqHjDUCx2eCLct2GgI"""
"Oct 24, 2022 @ 23:18:49.928",filebeat-honeypot,"""toor""","""SHA256:kOAWI6TohqpqkFc6K5Jr9o8jgzqHjDUCx2eCLct2GgI"""
"Oct 24, 2022 @ 23:18:47.926",filebeat-honeypot,"""toor""","""SHA256:kOAWI6TohqpqkFc6K5Jr9o8jgzqHjDUCx2eCLct2GgI"""
"Oct 24, 2022 @ 23:18:47.926",filebeat-honeypot,"""toor""","""SHA256:kOAWI6TohqpqkFc6K5Jr9o8jgzqHjDUCx2eCLct2GgI"""
"Oct 24, 2022 @ 23:18:47.926",filebeat-honeypot,"""toor""","""SHA256:kOAWI6TohqpqkFc6K5Jr9o8jgzqHjDUCx2eCLct2GgI"""
"Oct 24, 2022 @ 23:18:47.926",filebeat-honeypot,"""toor""","""SHA256:kOAWI6TohqpqkFc6K5Jr9o8jgzqHjDUCx2eCLct2GgI"""
"Oct 24, 2022 @ 23:18:45.925",filebeat-honeypot,"""toor""","""SHA256:kOAWI6TohqpqkFc6K5Jr9o8jgzqHjDUCx2eCLct2GgI"""
"Oct 24, 2022 @ 23:18:45.925",filebeat-honeypot,"""toor""","""SHA256:kOAWI6TohqpqkFc6K5Jr9o8jgzqHjDUCx2eCLct2GgI"""
"Oct 24, 2022 @ 23:18:45.925",filebeat-honeypot,"""toor""","""SHA256:kOAWI6TohqpqkFc6K5Jr9o8jgzqHjDUCx2eCLct2GgI"""
"Oct 24, 2022 @ 23:18:45.925",filebeat-honeypot,"""toor""","""SHA256:kOAWI6TohqpqkFc6K5Jr9o8jgzqHjDUCx2eCLct2GgI"""
"Oct 24, 2022 @ 23:18:43.923",filebeat-honeypot,"""toor""","""SHA256:kOAWI6TohqpqkFc6K5Jr9o8jgzqHjDUCx2eCLct2GgI"""
"Oct 24, 2022 @ 23:18:43.923",filebeat-honeypot,"""toor""","""SHA256:kOAWI6TohqpqkFc6K5Jr9o8jgzqHjDUCx2eCLct2GgI"""
"Oct 24, 2022 @ 23:18:43.923",filebeat-honeypot,"""toor""","""SHA256:kOAWI6TohqpqkFc6K5Jr9o8jgzqHjDUCx2eCLct2GgI"""
"Oct 24, 2022 @ 23:18:43.923",filebeat-honeypot,"""toor""","""SHA256:kOAWI6TohqpqkFc6K5Jr9o8jgzqHjDUCx2eCLct2GgI"""
"Oct 24, 2022 @ 23:18:41.921",filebeat-honeypot,"""toor""","""SHA256:kOAWI6TohqpqkFc6K5Jr9o8jgzqHjDUCx2eCLct2GgI"""
"Oct 24, 2022 @ 23:18:41.921",filebeat-honeypot,"""toor""","""SHA256:kOAWI6TohqpqkFc6K5Jr9o8jgzqHjDUCx2eCLct2GgI"""
"Oct 24, 2022 @ 23:18:41.921",filebeat-honeypot,"""toor""","""SHA256:kOAWI6TohqpqkFc6K5Jr9o8jgzqHjDUCx2eCLct2GgI"""
"Oct 24, 2022 @ 23:18:41.921",filebeat-honeypot,"""toor""","""SHA256:kOAWI6TohqpqkFc6K5Jr9o8jgzqHjDUCx2eCLct2GgI"""
"Oct 24, 2022 @ 23:18:39.920",filebeat-honeypot,"""toor""","""SHA256:kOAWI6TohqpqkFc6K5Jr9o8jgzqHjDUCx2eCLct2GgI"""
"Oct 24, 2022 @ 23:18:39.920",filebeat-honeypot,"""toor""","""SHA256:kOAWI6TohqpqkFc6K5Jr9o8jgzqHjDUCx2eCLct2GgI"""
"Oct 24, 2022 @ 23:18:39.920",filebeat-honeypot,"""toor""","""SHA256:kOAWI6TohqpqkFc6K5Jr9o8jgzqHjDUCx2eCLct2GgI"""
"Oct 24, 2022 @ 23:18:39.920",filebeat-honeypot,"""toor""","""SHA256:kOAWI6TohqpqkFc6K5Jr9o8jgzqHjDUCx2eCLct2GgI"""
"Oct 24, 2022 @ 23:18:37.918",filebeat-honeypot,"""admin""","""SHA256:kOAWI6TohqpqkFc6K5Jr9o8jgzqHjDUCx2eCLct2GgI"""
"Oct 24, 2022 @ 23:18:37.918",filebeat-honeypot,"""admin""","""SHA256:kOAWI6TohqpqkFc6K5Jr9o8jgzqHjDUCx2eCLct2GgI"""
"Oct 24, 2022 @ 23:18:37.918",filebeat-honeypot,"""admin""","""SHA256:kOAWI6TohqpqkFc6K5Jr9o8jgzqHjDUCx2eCLct2GgI"""
"Oct 24, 2022 @ 23:18:37.918",filebeat-honeypot,"""toor""","""SHA256:kOAWI6TohqpqkFc6K5Jr9o8jgzqHjDUCx2eCLct2GgI"""
"Oct 24, 2022 @ 23:18:35.916",filebeat-honeypot,"""admin""","""SHA256:kOAWI6TohqpqkFc6K5Jr9o8jgzqHjDUCx2eCLct2GgI"""
"Oct 24, 2022 @ 23:18:35.916",filebeat-honeypot,"""admin""","""SHA256:kOAWI6TohqpqkFc6K5Jr9o8jgzqHjDUCx2eCLct2GgI"""
"Oct 24, 2022 @ 23:18:35.916",filebeat-honeypot,"""admin""","""SHA256:kOAWI6TohqpqkFc6K5Jr9o8jgzqHjDUCx2eCLct2GgI"""
"Oct 24, 2022 @ 23:18:35.916",filebeat-honeypot,"""admin""","""SHA256:kOAWI6TohqpqkFc6K5Jr9o8jgzqHjDUCx2eCLct2GgI"""
"Oct 24, 2022 @ 23:18:33.915",filebeat-honeypot,"""admin""","""SHA256:kOAWI6TohqpqkFc6K5Jr9o8jgzqHjDUCx2eCLct2GgI"""
"Oct 24, 2022 @ 23:18:33.915",filebeat-honeypot,"""admin""","""SHA256:kOAWI6TohqpqkFc6K5Jr9o8jgzqHjDUCx2eCLct2GgI"""
"Oct 24, 2022 @ 23:18:33.915",filebeat-honeypot,"""admin""","""SHA256:kOAWI6TohqpqkFc6K5Jr9o8jgzqHjDUCx2eCLct2GgI"""
"Oct 24, 2022 @ 23:18:33.914",filebeat-honeypot,"""admin""","""SHA256:kOAWI6TohqpqkFc6K5Jr9o8jgzqHjDUCx2eCLct2GgI"""
"Oct 24, 2022 @ 23:18:31.913",filebeat-honeypot,"""admin""","""SHA256:kOAWI6TohqpqkFc6K5Jr9o8jgzqHjDUCx2eCLct2GgI"""
"Oct 24, 2022 @ 23:18:31.913",filebeat-honeypot,"""admin""","""SHA256:kOAWI6TohqpqkFc6K5Jr9o8jgzqHjDUCx2eCLct2GgI"""
"Oct 24, 2022 @ 23:18:31.913",filebeat-honeypot,"""admin""","""SHA256:kOAWI6TohqpqkFc6K5Jr9o8jgzqHjDUCx2eCLct2GgI"""
"Oct 24, 2022 @ 23:18:31.913",filebeat-honeypot,"""admin""","""SHA256:kOAWI6TohqpqkFc6K5Jr9o8jgzqHjDUCx2eCLct2GgI"""
"Oct 24, 2022 @ 23:18:29.910",filebeat-honeypot,"""admin""","""SHA256:kOAWI6TohqpqkFc6K5Jr9o8jgzqHjDUCx2eCLct2GgI"""
"Oct 24, 2022 @ 23:18:29.910",filebeat-honeypot,"""admin""","""SHA256:kOAWI6TohqpqkFc6K5Jr9o8jgzqHjDUCx2eCLct2GgI"""
"Oct 24, 2022 @ 23:18:29.910",filebeat-honeypot,"""admin""","""SHA256:kOAWI6TohqpqkFc6K5Jr9o8jgzqHjDUCx2eCLct2GgI"""
"Oct 24, 2022 @ 23:18:29.910",filebeat-honeypot,"""admin""","""SHA256:kOAWI6TohqpqkFc6K5Jr9o8jgzqHjDUCx2eCLct2GgI"""
"Oct 24, 2022 @ 23:18:27.909",filebeat-honeypot,"""admin""","""SHA256:kOAWI6TohqpqkFc6K5Jr9o8jgzqHjDUCx2eCLct2GgI"""
"Oct 24, 2022 @ 23:18:27.909",filebeat-honeypot,"""admin""","""SHA256:kOAWI6TohqpqkFc6K5Jr9o8jgzqHjDUCx2eCLct2GgI"""
"Oct 24, 2022 @ 23:18:27.909",filebeat-honeypot,"""admin""","""SHA256:kOAWI6TohqpqkFc6K5Jr9o8jgzqHjDUCx2eCLct2GgI"""
"Oct 24, 2022 @ 23:18:27.909",filebeat-honeypot,"""admin""","""SHA256:kOAWI6TohqpqkFc6K5Jr9o8jgzqHjDUCx2eCLct2GgI"""
"Oct 24, 2022 @ 23:18:25.908",filebeat-honeypot,"""test""","""SHA256:kOAWI6TohqpqkFc6K5Jr9o8jgzqHjDUCx2eCLct2GgI"""
"Oct 24, 2022 @ 23:18:25.908",filebeat-honeypot,"""admin""","""SHA256:kOAWI6TohqpqkFc6K5Jr9o8jgzqHjDUCx2eCLct2GgI"""
"Oct 24, 2022 @ 23:18:25.908",filebeat-honeypot,"""admin""","""SHA256:kOAWI6TohqpqkFc6K5Jr9o8jgzqHjDUCx2eCLct2GgI"""
"Oct 24, 2022 @ 23:18:25.908",filebeat-honeypot,"""admin""","""SHA256:kOAWI6TohqpqkFc6K5Jr9o8jgzqHjDUCx2eCLct2GgI"""
"Oct 24, 2022 @ 23:18:23.907",filebeat-honeypot,"""test""","""SHA256:kOAWI6TohqpqkFc6K5Jr9o8jgzqHjDUCx2eCLct2GgI"""
"Oct 24, 2022 @ 23:18:23.907",filebeat-honeypot,"""test""","""SHA256:kOAWI6TohqpqkFc6K5Jr9o8jgzqHjDUCx2eCLct2GgI"""
"Oct 24, 2022 @ 23:18:23.907",filebeat-honeypot,"""test""","""SHA256:kOAWI6TohqpqkFc6K5Jr9o8jgzqHjDUCx2eCLct2GgI"""
"Oct 24, 2022 @ 23:18:23.907",filebeat-honeypot,"""test""","""SHA256:kOAWI6TohqpqkFc6K5Jr9o8jgzqHjDUCx2eCLct2GgI"""
"Oct 24, 2022 @ 23:18:21.906",filebeat-honeypot,"""test""","""SHA256:kOAWI6TohqpqkFc6K5Jr9o8jgzqHjDUCx2eCLct2GgI"""
"Oct 24, 2022 @ 23:18:21.906",filebeat-honeypot,"""test""","""SHA256:kOAWI6TohqpqkFc6K5Jr9o8jgzqHjDUCx2eCLct2GgI"""
"Oct 24, 2022 @ 23:18:21.906",filebeat-honeypot,"""test""","""SHA256:kOAWI6TohqpqkFc6K5Jr9o8jgzqHjDUCx2eCLct2GgI"""
"Oct 24, 2022 @ 23:18:21.906",filebeat-honeypot,"""test""","""SHA256:kOAWI6TohqpqkFc6K5Jr9o8jgzqHjDUCx2eCLct2GgI"""
"Oct 24, 2022 @ 23:18:19.904",filebeat-honeypot,"""test""","""SHA256:kOAWI6TohqpqkFc6K5Jr9o8jgzqHjDUCx2eCLct2GgI"""
"Oct 24, 2022 @ 23:18:19.904",filebeat-honeypot,"""test""","""SHA256:kOAWI6TohqpqkFc6K5Jr9o8jgzqHjDUCx2eCLct2GgI"""
"Oct 24, 2022 @ 23:18:19.904",filebeat-honeypot,"""test""","""SHA256:kOAWI6TohqpqkFc6K5Jr9o8jgzqHjDUCx2eCLct2GgI"""
"Oct 24, 2022 @ 23:18:19.904",filebeat-honeypot,"""test""","""SHA256:kOAWI6TohqpqkFc6K5Jr9o8jgzqHjDUCx2eCLct2GgI"""
"Oct 24, 2022 @ 23:18:17.903",filebeat-honeypot,"""test""","""SHA256:kOAWI6TohqpqkFc6K5Jr9o8jgzqHjDUCx2eCLct2GgI"""
"Oct 24, 2022 @ 23:18:17.903",filebeat-honeypot,"""test""","""SHA256:kOAWI6TohqpqkFc6K5Jr9o8jgzqHjDUCx2eCLct2GgI"""
"Oct 24, 2022 @ 23:18:17.903",filebeat-honeypot,"""test""","""SHA256:kOAWI6TohqpqkFc6K5Jr9o8jgzqHjDUCx2eCLct2GgI"""
"Oct 24, 2022 @ 23:18:17.903",filebeat-honeypot,"""test""","""SHA256:kOAWI6TohqpqkFc6K5Jr9o8jgzqHjDUCx2eCLct2GgI"""
"Oct 24, 2022 @ 23:18:15.903",filebeat-honeypot,"""test""","""SHA256:kOAWI6TohqpqkFc6K5Jr9o8jgzqHjDUCx2eCLct2GgI"""
"Oct 24, 2022 @ 23:18:15.903",filebeat-honeypot,"""test""","""SHA256:kOAWI6TohqpqkFc6K5Jr9o8jgzqHjDUCx2eCLct2GgI"""
"Oct 24, 2022 @ 23:18:15.903",filebeat-honeypot,"""test""","""SHA256:kOAWI6TohqpqkFc6K5Jr9o8jgzqHjDUCx2eCLct2GgI"""
"Oct 24, 2022 @ 23:18:15.903",filebeat-honeypot,"""test""","""SHA256:kOAWI6TohqpqkFc6K5Jr9o8jgzqHjDUCx2eCLct2GgI"""
"Oct 24, 2022 @ 23:18:13.902",filebeat-honeypot,"""test""","""SHA256:kOAWI6TohqpqkFc6K5Jr9o8jgzqHjDUCx2eCLct2GgI"""
"Oct 24, 2022 @ 23:18:13.902",filebeat-honeypot,"""test""","""SHA256:kOAWI6TohqpqkFc6K5Jr9o8jgzqHjDUCx2eCLct2GgI"""
"Oct 24, 2022 @ 23:18:13.902",filebeat-honeypot,"""test""","""SHA256:kOAWI6TohqpqkFc6K5Jr9o8jgzqHjDUCx2eCLct2GgI"""
"Oct 24, 2022 @ 23:18:13.902",filebeat-honeypot,"""test""","""SHA256:kOAWI6TohqpqkFc6K5Jr9o8jgzqHjDUCx2eCLct2GgI"""
"Oct 24, 2022 @ 23:18:11.902",filebeat-honeypot,"""system""","""SHA256:kOAWI6TohqpqkFc6K5Jr9o8jgzqHjDUCx2eCLct2GgI"""
"Oct 24, 2022 @ 23:18:11.902",filebeat-honeypot,"""system""","""SHA256:kOAWI6TohqpqkFc6K5Jr9o8jgzqHjDUCx2eCLct2GgI"""
"Oct 24, 2022 @ 23:18:11.902",filebeat-honeypot,"""system""","""SHA256:kOAWI6TohqpqkFc6K5Jr9o8jgzqHjDUCx2eCLct2GgI"""
"Oct 24, 2022 @ 23:18:11.902",filebeat-honeypot,"""test""","""SHA256:kOAWI6TohqpqkFc6K5Jr9o8jgzqHjDUCx2eCLct2GgI"""
"Oct 24, 2022 @ 23:18:09.901",filebeat-honeypot,"""system""","""SHA256:kOAWI6TohqpqkFc6K5Jr9o8jgzqHjDUCx2eCLct2GgI"""
"Oct 24, 2022 @ 23:18:09.901",filebeat-honeypot,"""system""","""SHA256:kOAWI6TohqpqkFc6K5Jr9o8jgzqHjDUCx2eCLct2GgI"""
"Oct 24, 2022 @ 23:18:09.901",filebeat-honeypot,"""system""","""SHA256:kOAWI6TohqpqkFc6K5Jr9o8jgzqHjDUCx2eCLct2GgI"""
"Oct 24, 2022 @ 23:18:09.901",filebeat-honeypot,"""system""","""SHA256:kOAWI6TohqpqkFc6K5Jr9o8jgzqHjDUCx2eCLct2GgI"""
"Oct 24, 2022 @ 23:18:07.899",filebeat-honeypot,"""system""","""SHA256:kOAWI6TohqpqkFc6K5Jr9o8jgzqHjDUCx2eCLct2GgI"""
"Oct 24, 2022 @ 23:18:07.899",filebeat-honeypot,"""system""","""SHA256:kOAWI6TohqpqkFc6K5Jr9o8jgzqHjDUCx2eCLct2GgI"""
"Oct 24, 2022 @ 23:18:07.899",filebeat-honeypot,"""system""","""SHA256:kOAWI6TohqpqkFc6K5Jr9o8jgzqHjDUCx2eCLct2GgI"""
"Oct 24, 2022 @ 23:18:07.899",filebeat-honeypot,"""system""","""SHA256:kOAWI6TohqpqkFc6K5Jr9o8jgzqHjDUCx2eCLct2GgI"""
"Oct 24, 2022 @ 23:18:05.898",filebeat-honeypot,"""system""","""SHA256:kOAWI6TohqpqkFc6K5Jr9o8jgzqHjDUCx2eCLct2GgI"""
"Oct 24, 2022 @ 23:18:05.898",filebeat-honeypot,"""system""","""SHA256:kOAWI6TohqpqkFc6K5Jr9o8jgzqHjDUCx2eCLct2GgI"""
"Oct 24, 2022 @ 23:18:05.898",filebeat-honeypot,"""system""","""SHA256:kOAWI6TohqpqkFc6K5Jr9o8jgzqHjDUCx2eCLct2GgI"""
"Oct 24, 2022 @ 23:18:05.898",filebeat-honeypot,"""system""","""SHA256:kOAWI6TohqpqkFc6K5Jr9o8jgzqHjDUCx2eCLct2GgI"""
"Oct 24, 2022 @ 23:18:03.897",filebeat-honeypot,"""system""","""SHA256:kOAWI6TohqpqkFc6K5Jr9o8jgzqHjDUCx2eCLct2GgI"""
"Oct 24, 2022 @ 23:18:03.897",filebeat-honeypot,"""system""","""SHA256:kOAWI6TohqpqkFc6K5Jr9o8jgzqHjDUCx2eCLct2GgI"""
"Oct 24, 2022 @ 23:18:03.897",filebeat-honeypot,"""system""","""SHA256:kOAWI6TohqpqkFc6K5Jr9o8jgzqHjDUCx2eCLct2GgI"""
"Oct 24, 2022 @ 23:18:03.897",filebeat-honeypot,"""system""","""SHA256:kOAWI6TohqpqkFc6K5Jr9o8jgzqHjDUCx2eCLct2GgI"""
"Oct 24, 2022 @ 23:18:01.896",filebeat-honeypot,"""system""","""SHA256:kOAWI6TohqpqkFc6K5Jr9o8jgzqHjDUCx2eCLct2GgI"""
"Oct 24, 2022 @ 23:18:01.896",filebeat-honeypot,"""system""","""SHA256:kOAWI6TohqpqkFc6K5Jr9o8jgzqHjDUCx2eCLct2GgI"""
"Oct 24, 2022 @ 23:18:01.896",filebeat-honeypot,"""system""","""SHA256:kOAWI6TohqpqkFc6K5Jr9o8jgzqHjDUCx2eCLct2GgI"""
"Oct 24, 2022 @ 23:18:01.895",filebeat-honeypot,"""system""","""SHA256:kOAWI6TohqpqkFc6K5Jr9o8jgzqHjDUCx2eCLct2GgI"""
"Oct 24, 2022 @ 23:17:59.894",filebeat-honeypot,"""sys""","""SHA256:kOAWI6TohqpqkFc6K5Jr9o8jgzqHjDUCx2eCLct2GgI"""
"Oct 24, 2022 @ 23:17:59.894",filebeat-honeypot,"""system""","""SHA256:kOAWI6TohqpqkFc6K5Jr9o8jgzqHjDUCx2eCLct2GgI"""
"Oct 24, 2022 @ 23:17:59.894",filebeat-honeypot,"""system""","""SHA256:kOAWI6TohqpqkFc6K5Jr9o8jgzqHjDUCx2eCLct2GgI"""
"Oct 24, 2022 @ 23:17:59.894",filebeat-honeypot,"""system""","""SHA256:kOAWI6TohqpqkFc6K5Jr9o8jgzqHjDUCx2eCLct2GgI"""
"Oct 24, 2022 @ 23:17:57.893",filebeat-honeypot,"""sys""","""SHA256:kOAWI6TohqpqkFc6K5Jr9o8jgzqHjDUCx2eCLct2GgI"""
"Oct 24, 2022 @ 23:17:57.893",filebeat-honeypot,"""sys""","""SHA256:kOAWI6TohqpqkFc6K5Jr9o8jgzqHjDUCx2eCLct2GgI"""
"Oct 24, 2022 @ 23:17:57.893",filebeat-honeypot,"""sys""","""SHA256:kOAWI6TohqpqkFc6K5Jr9o8jgzqHjDUCx2eCLct2GgI"""
"Oct 24, 2022 @ 23:17:57.893",filebeat-honeypot,"""sys""","""SHA256:kOAWI6TohqpqkFc6K5Jr9o8jgzqHjDUCx2eCLct2GgI"""
"Oct 24, 2022 @ 23:17:55.893",filebeat-honeypot,"""sys""","""SHA256:kOAWI6TohqpqkFc6K5Jr9o8jgzqHjDUCx2eCLct2GgI"""
"Oct 24, 2022 @ 23:17:55.892",filebeat-honeypot,"""sys""","""SHA256:kOAWI6TohqpqkFc6K5Jr9o8jgzqHjDUCx2eCLct2GgI"""
"Oct 24, 2022 @ 23:17:55.892",filebeat-honeypot,"""sys""","""SHA256:kOAWI6TohqpqkFc6K5Jr9o8jgzqHjDUCx2eCLct2GgI"""
"Oct 24, 2022 @ 23:17:55.892",filebeat-honeypot,"""sys""","""SHA256:kOAWI6TohqpqkFc6K5Jr9o8jgzqHjDUCx2eCLct2GgI"""
"Oct 24, 2022 @ 23:17:53.892",filebeat-honeypot,"""sys""","""SHA256:kOAWI6TohqpqkFc6K5Jr9o8jgzqHjDUCx2eCLct2GgI"""
"Oct 24, 2022 @ 23:17:53.892",filebeat-honeypot,"""sys""","""SHA256:kOAWI6TohqpqkFc6K5Jr9o8jgzqHjDUCx2eCLct2GgI"""
"Oct 24, 2022 @ 23:17:53.892",filebeat-honeypot,"""sys""","""SHA256:kOAWI6TohqpqkFc6K5Jr9o8jgzqHjDUCx2eCLct2GgI"""
"Oct 24, 2022 @ 23:17:53.892",filebeat-honeypot,"""sys""","""SHA256:kOAWI6TohqpqkFc6K5Jr9o8jgzqHjDUCx2eCLct2GgI"""
"Oct 24, 2022 @ 23:17:51.883",filebeat-honeypot,"""sys""","""SHA256:kOAWI6TohqpqkFc6K5Jr9o8jgzqHjDUCx2eCLct2GgI"""
"Oct 24, 2022 @ 23:17:51.883",filebeat-honeypot,"""sys""","""SHA256:kOAWI6TohqpqkFc6K5Jr9o8jgzqHjDUCx2eCLct2GgI"""
"Oct 24, 2022 @ 23:17:51.883",filebeat-honeypot,"""sys""","""SHA256:kOAWI6TohqpqkFc6K5Jr9o8jgzqHjDUCx2eCLct2GgI"""
"Oct 24, 2022 @ 23:17:51.883",filebeat-honeypot,"""sys""","""SHA256:kOAWI6TohqpqkFc6K5Jr9o8jgzqHjDUCx2eCLct2GgI"""
"Oct 24, 2022 @ 23:17:49.880",filebeat-honeypot,"""sys""","""SHA256:kOAWI6TohqpqkFc6K5Jr9o8jgzqHjDUCx2eCLct2GgI"""
"Oct 24, 2022 @ 23:17:49.880",filebeat-honeypot,"""sys""","""SHA256:kOAWI6TohqpqkFc6K5Jr9o8jgzqHjDUCx2eCLct2GgI"""
"Oct 24, 2022 @ 23:17:49.880",filebeat-honeypot,"""sys""","""SHA256:kOAWI6TohqpqkFc6K5Jr9o8jgzqHjDUCx2eCLct2GgI"""
"Oct 24, 2022 @ 23:17:49.880",filebeat-honeypot,"""sys""","""SHA256:kOAWI6TohqpqkFc6K5Jr9o8jgzqHjDUCx2eCLct2GgI"""
"Oct 24, 2022 @ 23:17:47.879",filebeat-honeypot,"""sys""","""SHA256:kOAWI6TohqpqkFc6K5Jr9o8jgzqHjDUCx2eCLct2GgI"""
"Oct 24, 2022 @ 23:17:47.879",filebeat-honeypot,"""sys""","""SHA256:kOAWI6TohqpqkFc6K5Jr9o8jgzqHjDUCx2eCLct2GgI"""
"Oct 24, 2022 @ 23:17:47.879",filebeat-honeypot,"""sys""","""SHA256:kOAWI6TohqpqkFc6K5Jr9o8jgzqHjDUCx2eCLct2GgI"""
"Oct 24, 2022 @ 23:17:47.879",filebeat-honeypot,"""sys""","""SHA256:kOAWI6TohqpqkFc6K5Jr9o8jgzqHjDUCx2eCLct2GgI"""
"Oct 24, 2022 @ 23:17:45.878",filebeat-honeypot,"""sshd""","""SHA256:kOAWI6TohqpqkFc6K5Jr9o8jgzqHjDUCx2eCLct2GgI"""
"Oct 24, 2022 @ 23:17:45.878",filebeat-honeypot,"""sshd""","""SHA256:kOAWI6TohqpqkFc6K5Jr9o8jgzqHjDUCx2eCLct2GgI"""
"Oct 24, 2022 @ 23:17:45.878",filebeat-honeypot,"""sshd""","""SHA256:kOAWI6TohqpqkFc6K5Jr9o8jgzqHjDUCx2eCLct2GgI"""
"Oct 24, 2022 @ 23:17:45.878",filebeat-honeypot,"""sys""","""SHA256:kOAWI6TohqpqkFc6K5Jr9o8jgzqHjDUCx2eCLct2GgI"""
"Oct 24, 2022 @ 23:17:43.877",filebeat-honeypot,"""sshd""","""SHA256:kOAWI6TohqpqkFc6K5Jr9o8jgzqHjDUCx2eCLct2GgI"""
"Oct 24, 2022 @ 23:17:43.877",filebeat-honeypot,"""sshd""","""SHA256:kOAWI6TohqpqkFc6K5Jr9o8jgzqHjDUCx2eCLct2GgI"""
"Oct 24, 2022 @ 23:17:43.877",filebeat-honeypot,"""sshd""","""SHA256:kOAWI6TohqpqkFc6K5Jr9o8jgzqHjDUCx2eCLct2GgI"""
"Oct 24, 2022 @ 23:17:43.877",filebeat-honeypot,"""sshd""","""SHA256:kOAWI6TohqpqkFc6K5Jr9o8jgzqHjDUCx2eCLct2GgI"""
"Oct 24, 2022 @ 23:17:41.876",filebeat-honeypot,"""sshd""","""SHA256:kOAWI6TohqpqkFc6K5Jr9o8jgzqHjDUCx2eCLct2GgI"""
"Oct 24, 2022 @ 23:17:41.876",filebeat-honeypot,"""sshd""","""SHA256:kOAWI6TohqpqkFc6K5Jr9o8jgzqHjDUCx2eCLct2GgI"""
"Oct 24, 2022 @ 23:17:41.876",filebeat-honeypot,"""sshd""","""SHA256:kOAWI6TohqpqkFc6K5Jr9o8jgzqHjDUCx2eCLct2GgI"""
"Oct 24, 2022 @ 23:17:41.875",filebeat-honeypot,"""sshd""","""SHA256:kOAWI6TohqpqkFc6K5Jr9o8jgzqHjDUCx2eCLct2GgI"""
"Oct 24, 2022 @ 23:17:39.874",filebeat-honeypot,"""sshd""","""SHA256:kOAWI6TohqpqkFc6K5Jr9o8jgzqHjDUCx2eCLct2GgI"""
"Oct 24, 2022 @ 23:17:39.874",filebeat-honeypot,"""sshd""","""SHA256:kOAWI6TohqpqkFc6K5Jr9o8jgzqHjDUCx2eCLct2GgI"""
"Oct 24, 2022 @ 23:17:39.874",filebeat-honeypot,"""sshd""","""SHA256:kOAWI6TohqpqkFc6K5Jr9o8jgzqHjDUCx2eCLct2GgI"""
"Oct 24, 2022 @ 23:17:39.874",filebeat-honeypot,"""sshd""","""SHA256:kOAWI6TohqpqkFc6K5Jr9o8jgzqHjDUCx2eCLct2GgI"""
"Oct 24, 2022 @ 23:17:37.872",filebeat-honeypot,"""sshd""","""SHA256:kOAWI6TohqpqkFc6K5Jr9o8jgzqHjDUCx2eCLct2GgI"""
"Oct 24, 2022 @ 23:17:37.872",filebeat-honeypot,"""sshd""","""SHA256:kOAWI6TohqpqkFc6K5Jr9o8jgzqHjDUCx2eCLct2GgI"""
"Oct 24, 2022 @ 23:17:37.872",filebeat-honeypot,"""sshd""","""SHA256:kOAWI6TohqpqkFc6K5Jr9o8jgzqHjDUCx2eCLct2GgI"""
"Oct 24, 2022 @ 23:17:37.872",filebeat-honeypot,"""sshd""","""SHA256:kOAWI6TohqpqkFc6K5Jr9o8jgzqHjDUCx2eCLct2GgI"""
"Oct 24, 2022 @ 23:17:35.872",filebeat-honeypot,"""sshd""","""SHA256:kOAWI6TohqpqkFc6K5Jr9o8jgzqHjDUCx2eCLct2GgI"""
"Oct 24, 2022 @ 23:17:35.872",filebeat-honeypot,"""sshd""","""SHA256:kOAWI6TohqpqkFc6K5Jr9o8jgzqHjDUCx2eCLct2GgI"""
"Oct 24, 2022 @ 23:17:35.872",filebeat-honeypot,"""sshd""","""SHA256:kOAWI6TohqpqkFc6K5Jr9o8jgzqHjDUCx2eCLct2GgI"""
"Oct 24, 2022 @ 23:17:35.872",filebeat-honeypot,"""sshd""","""SHA256:kOAWI6TohqpqkFc6K5Jr9o8jgzqHjDUCx2eCLct2GgI"""
"Oct 24, 2022 @ 23:17:33.871",filebeat-honeypot,"""public""","""SHA256:kOAWI6TohqpqkFc6K5Jr9o8jgzqHjDUCx2eCLct2GgI"""
"Oct 24, 2022 @ 23:17:33.871",filebeat-honeypot,"""sshd""","""SHA256:kOAWI6TohqpqkFc6K5Jr9o8jgzqHjDUCx2eCLct2GgI"""
"Oct 24, 2022 @ 23:17:33.871",filebeat-honeypot,"""sshd""","""SHA256:kOAWI6TohqpqkFc6K5Jr9o8jgzqHjDUCx2eCLct2GgI"""
"Oct 24, 2022 @ 23:17:33.871",filebeat-honeypot,"""sshd""","""SHA256:kOAWI6TohqpqkFc6K5Jr9o8jgzqHjDUCx2eCLct2GgI"""
"Oct 24, 2022 @ 23:17:31.870",filebeat-honeypot,"""public""","""SHA256:kOAWI6TohqpqkFc6K5Jr9o8jgzqHjDUCx2eCLct2GgI"""
"Oct 24, 2022 @ 23:17:31.870",filebeat-honeypot,"""public""","""SHA256:kOAWI6TohqpqkFc6K5Jr9o8jgzqHjDUCx2eCLct2GgI"""
"Oct 24, 2022 @ 23:17:31.870",filebeat-honeypot,"""public""","""SHA256:kOAWI6TohqpqkFc6K5Jr9o8jgzqHjDUCx2eCLct2GgI"""
"Oct 24, 2022 @ 23:17:31.870",filebeat-honeypot,"""public""","""SHA256:kOAWI6TohqpqkFc6K5Jr9o8jgzqHjDUCx2eCLct2GgI"""
"Oct 24, 2022 @ 23:17:29.870",filebeat-honeypot,"""public""","""SHA256:kOAWI6TohqpqkFc6K5Jr9o8jgzqHjDUCx2eCLct2GgI"""
"Oct 24, 2022 @ 23:17:29.870",filebeat-honeypot,"""public""","""SHA256:kOAWI6TohqpqkFc6K5Jr9o8jgzqHjDUCx2eCLct2GgI"""
"Oct 24, 2022 @ 23:17:29.870",filebeat-honeypot,"""public""","""SHA256:kOAWI6TohqpqkFc6K5Jr9o8jgzqHjDUCx2eCLct2GgI"""
"Oct 24, 2022 @ 23:17:29.870",filebeat-honeypot,"""public""","""SHA256:kOAWI6TohqpqkFc6K5Jr9o8jgzqHjDUCx2eCLct2GgI"""
"Oct 24, 2022 @ 23:17:27.869",filebeat-honeypot,"""public""","""SHA256:kOAWI6TohqpqkFc6K5Jr9o8jgzqHjDUCx2eCLct2GgI"""
"Oct 24, 2022 @ 23:17:27.869",filebeat-honeypot,"""public""","""SHA256:kOAWI6TohqpqkFc6K5Jr9o8jgzqHjDUCx2eCLct2GgI"""
"Oct 24, 2022 @ 23:17:27.869",filebeat-honeypot,"""public""","""SHA256:kOAWI6TohqpqkFc6K5Jr9o8jgzqHjDUCx2eCLct2GgI"""
"Oct 24, 2022 @ 23:17:27.869",filebeat-honeypot,"""public""","""SHA256:kOAWI6TohqpqkFc6K5Jr9o8jgzqHjDUCx2eCLct2GgI"""
"Oct 24, 2022 @ 23:17:25.867",filebeat-honeypot,"""public""","""SHA256:kOAWI6TohqpqkFc6K5Jr9o8jgzqHjDUCx2eCLct2GgI"""
"Oct 24, 2022 @ 23:17:25.867",filebeat-honeypot,"""public""","""SHA256:kOAWI6TohqpqkFc6K5Jr9o8jgzqHjDUCx2eCLct2GgI"""
"Oct 24, 2022 @ 23:17:25.867",filebeat-honeypot,"""public""","""SHA256:kOAWI6TohqpqkFc6K5Jr9o8jgzqHjDUCx2eCLct2GgI"""
"Oct 24, 2022 @ 23:17:25.867",filebeat-honeypot,"""public""","""SHA256:kOAWI6TohqpqkFc6K5Jr9o8jgzqHjDUCx2eCLct2GgI"""
"Oct 24, 2022 @ 23:17:23.866",filebeat-honeypot,"""public""","""SHA256:kOAWI6TohqpqkFc6K5Jr9o8jgzqHjDUCx2eCLct2GgI"""
"Oct 24, 2022 @ 23:17:23.866",filebeat-honeypot,"""public""","""SHA256:kOAWI6TohqpqkFc6K5Jr9o8jgzqHjDUCx2eCLct2GgI"""
"Oct 24, 2022 @ 23:17:23.866",filebeat-honeypot,"""public""","""SHA256:kOAWI6TohqpqkFc6K5Jr9o8jgzqHjDUCx2eCLct2GgI"""
"Oct 24, 2022 @ 23:17:23.866",filebeat-honeypot,"""public""","""SHA256:kOAWI6TohqpqkFc6K5Jr9o8jgzqHjDUCx2eCLct2GgI"""
"Oct 24, 2022 @ 23:17:21.865",filebeat-honeypot,"""public""","""SHA256:kOAWI6TohqpqkFc6K5Jr9o8jgzqHjDUCx2eCLct2GgI"""
"Oct 24, 2022 @ 23:17:21.865",filebeat-honeypot,"""public""","""SHA256:kOAWI6TohqpqkFc6K5Jr9o8jgzqHjDUCx2eCLct2GgI"""
"Oct 24, 2022 @ 23:17:21.865",filebeat-honeypot,"""public""","""SHA256:kOAWI6TohqpqkFc6K5Jr9o8jgzqHjDUCx2eCLct2GgI"""
"Oct 24, 2022 @ 23:17:19.864",filebeat-honeypot,"""operator""","""SHA256:kOAWI6TohqpqkFc6K5Jr9o8jgzqHjDUCx2eCLct2GgI"""
"Oct 24, 2022 @ 23:17:19.864",filebeat-honeypot,"""operator""","""SHA256:kOAWI6TohqpqkFc6K5Jr9o8jgzqHjDUCx2eCLct2GgI"""
"Oct 24, 2022 @ 23:17:19.864",filebeat-honeypot,"""public""","""SHA256:kOAWI6TohqpqkFc6K5Jr9o8jgzqHjDUCx2eCLct2GgI"""
"Oct 24, 2022 @ 23:17:19.864",filebeat-honeypot,"""public""","""SHA256:kOAWI6TohqpqkFc6K5Jr9o8jgzqHjDUCx2eCLct2GgI"""
"Oct 24, 2022 @ 23:17:17.862",filebeat-honeypot,"""operator""","""SHA256:kOAWI6TohqpqkFc6K5Jr9o8jgzqHjDUCx2eCLct2GgI"""
"Oct 24, 2022 @ 23:17:17.862",filebeat-honeypot,"""operator""","""SHA256:kOAWI6TohqpqkFc6K5Jr9o8jgzqHjDUCx2eCLct2GgI"""
"Oct 24, 2022 @ 23:17:17.862",filebeat-honeypot,"""operator""","""SHA256:kOAWI6TohqpqkFc6K5Jr9o8jgzqHjDUCx2eCLct2GgI"""
"Oct 24, 2022 @ 23:17:17.862",filebeat-honeypot,"""operator""","""SHA256:kOAWI6TohqpqkFc6K5Jr9o8jgzqHjDUCx2eCLct2GgI"""
"Oct 24, 2022 @ 23:17:15.859",filebeat-honeypot,"""operator""","""SHA256:kOAWI6TohqpqkFc6K5Jr9o8jgzqHjDUCx2eCLct2GgI"""
"Oct 24, 2022 @ 23:17:15.859",filebeat-honeypot,"""operator""","""SHA256:kOAWI6TohqpqkFc6K5Jr9o8jgzqHjDUCx2eCLct2GgI"""
"Oct 24, 2022 @ 23:17:15.859",filebeat-honeypot,"""operator""","""SHA256:kOAWI6TohqpqkFc6K5Jr9o8jgzqHjDUCx2eCLct2GgI"""
"Oct 24, 2022 @ 23:17:15.859",filebeat-honeypot,"""operator""","""SHA256:kOAWI6TohqpqkFc6K5Jr9o8jgzqHjDUCx2eCLct2GgI"""
"Oct 24, 2022 @ 23:17:13.856",filebeat-honeypot,"""operator""","""SHA256:kOAWI6TohqpqkFc6K5Jr9o8jgzqHjDUCx2eCLct2GgI"""
"Oct 24, 2022 @ 23:17:13.856",filebeat-honeypot,"""operator""","""SHA256:kOAWI6TohqpqkFc6K5Jr9o8jgzqHjDUCx2eCLct2GgI"""
"Oct 24, 2022 @ 23:17:13.856",filebeat-honeypot,"""operator""","""SHA256:kOAWI6TohqpqkFc6K5Jr9o8jgzqHjDUCx2eCLct2GgI"""
"Oct 24, 2022 @ 23:17:13.856",filebeat-honeypot,"""operator""","""SHA256:kOAWI6TohqpqkFc6K5Jr9o8jgzqHjDUCx2eCLct2GgI"""
"Oct 24, 2022 @ 23:17:11.853",filebeat-honeypot,"""operator""","""SHA256:kOAWI6TohqpqkFc6K5Jr9o8jgzqHjDUCx2eCLct2GgI"""
"Oct 24, 2022 @ 23:17:11.853",filebeat-honeypot,"""operator""","""SHA256:kOAWI6TohqpqkFc6K5Jr9o8jgzqHjDUCx2eCLct2GgI"""
"Oct 24, 2022 @ 23:17:11.853",filebeat-honeypot,"""operator""","""SHA256:kOAWI6TohqpqkFc6K5Jr9o8jgzqHjDUCx2eCLct2GgI"""
"Oct 24, 2022 @ 23:17:11.853",filebeat-honeypot,"""operator""","""SHA256:kOAWI6TohqpqkFc6K5Jr9o8jgzqHjDUCx2eCLct2GgI"""
"Oct 24, 2022 @ 23:17:09.853",filebeat-honeypot,"""operator""","""SHA256:kOAWI6TohqpqkFc6K5Jr9o8jgzqHjDUCx2eCLct2GgI"""
"Oct 24, 2022 @ 23:17:09.853",filebeat-honeypot,"""operator""","""SHA256:kOAWI6TohqpqkFc6K5Jr9o8jgzqHjDUCx2eCLct2GgI"""
"Oct 24, 2022 @ 23:17:09.853",filebeat-honeypot,"""operator""","""SHA256:kOAWI6TohqpqkFc6K5Jr9o8jgzqHjDUCx2eCLct2GgI"""
"Oct 24, 2022 @ 23:17:09.853",filebeat-honeypot,"""operator""","""SHA256:kOAWI6TohqpqkFc6K5Jr9o8jgzqHjDUCx2eCLct2GgI"""
"Oct 24, 2022 @ 23:17:07.840",filebeat-honeypot,"""operator""","""SHA256:kOAWI6TohqpqkFc6K5Jr9o8jgzqHjDUCx2eCLct2GgI"""
"Oct 24, 2022 @ 23:17:07.840",filebeat-honeypot,"""operator""","""SHA256:kOAWI6TohqpqkFc6K5Jr9o8jgzqHjDUCx2eCLct2GgI"""
"Oct 24, 2022 @ 23:17:07.840",filebeat-honeypot,"""operator""","""SHA256:kOAWI6TohqpqkFc6K5Jr9o8jgzqHjDUCx2eCLct2GgI"""
"Oct 24, 2022 @ 23:17:07.840",filebeat-honeypot,"""operator""","""SHA256:kOAWI6TohqpqkFc6K5Jr9o8jgzqHjDUCx2eCLct2GgI"""
"Oct 24, 2022 @ 23:17:05.834",filebeat-honeypot,"""ntp""","""SHA256:kOAWI6TohqpqkFc6K5Jr9o8jgzqHjDUCx2eCLct2GgI"""
"Oct 24, 2022 @ 23:17:05.834",filebeat-honeypot,"""ntp""","""SHA256:kOAWI6TohqpqkFc6K5Jr9o8jgzqHjDUCx2eCLct2GgI"""
"Oct 24, 2022 @ 23:17:05.834",filebeat-honeypot,"""ntp""","""SHA256:kOAWI6TohqpqkFc6K5Jr9o8jgzqHjDUCx2eCLct2GgI"""
"Oct 24, 2022 @ 23:17:05.834",filebeat-honeypot,"""ntp""","""SHA256:kOAWI6TohqpqkFc6K5Jr9o8jgzqHjDUCx2eCLct2GgI"""
"Oct 24, 2022 @ 23:17:03.827",filebeat-honeypot,"""ntp""","""SHA256:kOAWI6TohqpqkFc6K5Jr9o8jgzqHjDUCx2eCLct2GgI"""
"Oct 24, 2022 @ 23:17:03.827",filebeat-honeypot,"""ntp""","""SHA256:kOAWI6TohqpqkFc6K5Jr9o8jgzqHjDUCx2eCLct2GgI"""
"Oct 24, 2022 @ 23:17:03.827",filebeat-honeypot,"""ntp""","""SHA256:kOAWI6TohqpqkFc6K5Jr9o8jgzqHjDUCx2eCLct2GgI"""
"Oct 24, 2022 @ 23:17:03.827",filebeat-honeypot,"""ntp""","""SHA256:kOAWI6TohqpqkFc6K5Jr9o8jgzqHjDUCx2eCLct2GgI"""
"Oct 24, 2022 @ 23:17:01.825",filebeat-honeypot,"""ntp""","""SHA256:kOAWI6TohqpqkFc6K5Jr9o8jgzqHjDUCx2eCLct2GgI"""
"Oct 24, 2022 @ 23:17:01.825",filebeat-honeypot,"""ntp""","""SHA256:kOAWI6TohqpqkFc6K5Jr9o8jgzqHjDUCx2eCLct2GgI"""
"Oct 24, 2022 @ 23:17:01.825",filebeat-honeypot,"""ntp""","""SHA256:kOAWI6TohqpqkFc6K5Jr9o8jgzqHjDUCx2eCLct2GgI"""
"Oct 24, 2022 @ 23:17:01.825",filebeat-honeypot,"""ntp""","""SHA256:kOAWI6TohqpqkFc6K5Jr9o8jgzqHjDUCx2eCLct2GgI"""
"Oct 24, 2022 @ 23:16:59.812",filebeat-honeypot,"""ntp""","""SHA256:kOAWI6TohqpqkFc6K5Jr9o8jgzqHjDUCx2eCLct2GgI"""
"Oct 24, 2022 @ 23:16:59.812",filebeat-honeypot,"""ntp""","""SHA256:kOAWI6TohqpqkFc6K5Jr9o8jgzqHjDUCx2eCLct2GgI"""
"Oct 24, 2022 @ 23:16:59.812",filebeat-honeypot,"""ntp""","""SHA256:kOAWI6TohqpqkFc6K5Jr9o8jgzqHjDUCx2eCLct2GgI"""
"Oct 24, 2022 @ 23:16:59.812",filebeat-honeypot,"""ntp""","""SHA256:kOAWI6TohqpqkFc6K5Jr9o8jgzqHjDUCx2eCLct2GgI"""
"Oct 24, 2022 @ 23:16:57.802",filebeat-honeypot,"""ntp""","""SHA256:kOAWI6TohqpqkFc6K5Jr9o8jgzqHjDUCx2eCLct2GgI"""
"Oct 24, 2022 @ 23:16:57.802",filebeat-honeypot,"""ntp""","""SHA256:kOAWI6TohqpqkFc6K5Jr9o8jgzqHjDUCx2eCLct2GgI"""
"Oct 24, 2022 @ 23:16:57.802",filebeat-honeypot,"""ntp""","""SHA256:kOAWI6TohqpqkFc6K5Jr9o8jgzqHjDUCx2eCLct2GgI"""
"Oct 24, 2022 @ 23:16:57.802",filebeat-honeypot,"""ntp""","""SHA256:kOAWI6TohqpqkFc6K5Jr9o8jgzqHjDUCx2eCLct2GgI"""
"Oct 24, 2022 @ 23:16:55.794",filebeat-honeypot,"""ntp""","""SHA256:kOAWI6TohqpqkFc6K5Jr9o8jgzqHjDUCx2eCLct2GgI"""
"Oct 24, 2022 @ 23:16:55.793",filebeat-honeypot,"""ntp""","""SHA256:kOAWI6TohqpqkFc6K5Jr9o8jgzqHjDUCx2eCLct2GgI"""
"Oct 24, 2022 @ 23:16:55.793",filebeat-honeypot,"""ntp""","""SHA256:kOAWI6TohqpqkFc6K5Jr9o8jgzqHjDUCx2eCLct2GgI"""
"Oct 24, 2022 @ 23:16:55.793",filebeat-honeypot,"""ntp""","""SHA256:kOAWI6TohqpqkFc6K5Jr9o8jgzqHjDUCx2eCLct2GgI"""
"Oct 24, 2022 @ 23:16:53.791",filebeat-honeypot,"""nobody""","""SHA256:kOAWI6TohqpqkFc6K5Jr9o8jgzqHjDUCx2eCLct2GgI"""
"Oct 24, 2022 @ 23:16:53.791",filebeat-honeypot,"""nobody""","""SHA256:kOAWI6TohqpqkFc6K5Jr9o8jgzqHjDUCx2eCLct2GgI"""
"Oct 24, 2022 @ 23:16:53.791",filebeat-honeypot,"""ntp""","""SHA256:kOAWI6TohqpqkFc6K5Jr9o8jgzqHjDUCx2eCLct2GgI"""
"Oct 24, 2022 @ 23:16:53.791",filebeat-honeypot,"""ntp""","""SHA256:kOAWI6TohqpqkFc6K5Jr9o8jgzqHjDUCx2eCLct2GgI"""
"Oct 24, 2022 @ 23:16:51.791",filebeat-honeypot,"""nobody""","""SHA256:kOAWI6TohqpqkFc6K5Jr9o8jgzqHjDUCx2eCLct2GgI"""
"Oct 24, 2022 @ 23:16:51.791",filebeat-honeypot,"""nobody""","""SHA256:kOAWI6TohqpqkFc6K5Jr9o8jgzqHjDUCx2eCLct2GgI"""
"Oct 24, 2022 @ 23:16:51.791",filebeat-honeypot,"""nobody""","""SHA256:kOAWI6TohqpqkFc6K5Jr9o8jgzqHjDUCx2eCLct2GgI"""
"Oct 24, 2022 @ 23:16:51.791",filebeat-honeypot,"""nobody""","""SHA256:kOAWI6TohqpqkFc6K5Jr9o8jgzqHjDUCx2eCLct2GgI"""
"Oct 24, 2022 @ 23:16:49.789",filebeat-honeypot,"""nobody""","""SHA256:kOAWI6TohqpqkFc6K5Jr9o8jgzqHjDUCx2eCLct2GgI"""
"Oct 24, 2022 @ 23:16:49.789",filebeat-honeypot,"""nobody""","""SHA256:kOAWI6TohqpqkFc6K5Jr9o8jgzqHjDUCx2eCLct2GgI"""
"Oct 24, 2022 @ 23:16:49.789",filebeat-honeypot,"""nobody""","""SHA256:kOAWI6TohqpqkFc6K5Jr9o8jgzqHjDUCx2eCLct2GgI"""
"Oct 24, 2022 @ 23:16:49.789",filebeat-honeypot,"""nobody""","""SHA256:kOAWI6TohqpqkFc6K5Jr9o8jgzqHjDUCx2eCLct2GgI"""
"Oct 24, 2022 @ 23:16:47.788",filebeat-honeypot,"""nobody""","""SHA256:kOAWI6TohqpqkFc6K5Jr9o8jgzqHjDUCx2eCLct2GgI"""
"Oct 24, 2022 @ 23:16:47.788",filebeat-honeypot,"""nobody""","""SHA256:kOAWI6TohqpqkFc6K5Jr9o8jgzqHjDUCx2eCLct2GgI"""
"Oct 24, 2022 @ 23:16:47.788",filebeat-honeypot,"""nobody""","""SHA256:kOAWI6TohqpqkFc6K5Jr9o8jgzqHjDUCx2eCLct2GgI"""
"Oct 24, 2022 @ 23:16:47.788",filebeat-honeypot,"""nobody""","""SHA256:kOAWI6TohqpqkFc6K5Jr9o8jgzqHjDUCx2eCLct2GgI"""
"Oct 24, 2022 @ 23:16:45.787",filebeat-honeypot,"""nobody""","""SHA256:kOAWI6TohqpqkFc6K5Jr9o8jgzqHjDUCx2eCLct2GgI"""
"Oct 24, 2022 @ 23:16:45.787",filebeat-honeypot,"""nobody""","""SHA256:kOAWI6TohqpqkFc6K5Jr9o8jgzqHjDUCx2eCLct2GgI"""
"Oct 24, 2022 @ 23:16:45.787",filebeat-honeypot,"""nobody""","""SHA256:kOAWI6TohqpqkFc6K5Jr9o8jgzqHjDUCx2eCLct2GgI"""
"Oct 24, 2022 @ 23:16:45.787",filebeat-honeypot,"""nobody""","""SHA256:kOAWI6TohqpqkFc6K5Jr9o8jgzqHjDUCx2eCLct2GgI"""
"Oct 24, 2022 @ 23:16:43.786",filebeat-honeypot,"""nobody""","""SHA256:kOAWI6TohqpqkFc6K5Jr9o8jgzqHjDUCx2eCLct2GgI"""
"Oct 24, 2022 @ 23:16:43.786",filebeat-honeypot,"""nobody""","""SHA256:kOAWI6TohqpqkFc6K5Jr9o8jgzqHjDUCx2eCLct2GgI"""
"Oct 24, 2022 @ 23:16:43.786",filebeat-honeypot,"""nobody""","""SHA256:kOAWI6TohqpqkFc6K5Jr9o8jgzqHjDUCx2eCLct2GgI"""
"Oct 24, 2022 @ 23:16:43.786",filebeat-honeypot,"""nobody""","""SHA256:kOAWI6TohqpqkFc6K5Jr9o8jgzqHjDUCx2eCLct2GgI"""
"Oct 24, 2022 @ 23:16:41.784",filebeat-honeypot,"""nobody""","""SHA256:kOAWI6TohqpqkFc6K5Jr9o8jgzqHjDUCx2eCLct2GgI"""
"Oct 24, 2022 @ 23:16:41.784",filebeat-honeypot,"""nobody""","""SHA256:kOAWI6TohqpqkFc6K5Jr9o8jgzqHjDUCx2eCLct2GgI"""
"Oct 24, 2022 @ 23:16:41.784",filebeat-honeypot,"""nobody""","""SHA256:kOAWI6TohqpqkFc6K5Jr9o8jgzqHjDUCx2eCLct2GgI"""
"Oct 24, 2022 @ 23:16:41.784",filebeat-honeypot,"""nobody""","""SHA256:kOAWI6TohqpqkFc6K5Jr9o8jgzqHjDUCx2eCLct2GgI"""
"Oct 24, 2022 @ 23:16:39.783",filebeat-honeypot,"""man""","""SHA256:kOAWI6TohqpqkFc6K5Jr9o8jgzqHjDUCx2eCLct2GgI"""
"Oct 24, 2022 @ 23:16:39.783",filebeat-honeypot,"""man""","""SHA256:kOAWI6TohqpqkFc6K5Jr9o8jgzqHjDUCx2eCLct2GgI"""
"Oct 24, 2022 @ 23:16:39.783",filebeat-honeypot,"""man""","""SHA256:kOAWI6TohqpqkFc6K5Jr9o8jgzqHjDUCx2eCLct2GgI"""
"Oct 24, 2022 @ 23:16:39.783",filebeat-honeypot,"""man""","""SHA256:kOAWI6TohqpqkFc6K5Jr9o8jgzqHjDUCx2eCLct2GgI"""
"Oct 24, 2022 @ 23:16:37.782",filebeat-honeypot,"""man""","""SHA256:kOAWI6TohqpqkFc6K5Jr9o8jgzqHjDUCx2eCLct2GgI"""
"Oct 24, 2022 @ 23:16:37.782",filebeat-honeypot,"""man""","""SHA256:kOAWI6TohqpqkFc6K5Jr9o8jgzqHjDUCx2eCLct2GgI"""
"Oct 24, 2022 @ 23:16:37.782",filebeat-honeypot,"""man""","""SHA256:kOAWI6TohqpqkFc6K5Jr9o8jgzqHjDUCx2eCLct2GgI"""
"Oct 24, 2022 @ 23:16:37.782",filebeat-honeypot,"""man""","""SHA256:kOAWI6TohqpqkFc6K5Jr9o8jgzqHjDUCx2eCLct2GgI"""
"Oct 24, 2022 @ 23:16:35.781",filebeat-honeypot,"""man""","""SHA256:kOAWI6TohqpqkFc6K5Jr9o8jgzqHjDUCx2eCLct2GgI"""
"Oct 24, 2022 @ 23:16:35.781",filebeat-honeypot,"""man""","""SHA256:kOAWI6TohqpqkFc6K5Jr9o8jgzqHjDUCx2eCLct2GgI"""
"Oct 24, 2022 @ 23:16:35.781",filebeat-honeypot,"""man""","""SHA256:kOAWI6TohqpqkFc6K5Jr9o8jgzqHjDUCx2eCLct2GgI"""
"Oct 24, 2022 @ 23:16:35.781",filebeat-honeypot,"""man""","""SHA256:kOAWI6TohqpqkFc6K5Jr9o8jgzqHjDUCx2eCLct2GgI"""
"Oct 24, 2022 @ 23:16:33.779",filebeat-honeypot,"""man""","""SHA256:kOAWI6TohqpqkFc6K5Jr9o8jgzqHjDUCx2eCLct2GgI"""
"Oct 24, 2022 @ 23:16:33.779",filebeat-honeypot,"""man""","""SHA256:kOAWI6TohqpqkFc6K5Jr9o8jgzqHjDUCx2eCLct2GgI"""
"Oct 24, 2022 @ 23:16:33.779",filebeat-honeypot,"""man""","""SHA256:kOAWI6TohqpqkFc6K5Jr9o8jgzqHjDUCx2eCLct2GgI"""
"Oct 24, 2022 @ 23:16:33.779",filebeat-honeypot,"""man""","""SHA256:kOAWI6TohqpqkFc6K5Jr9o8jgzqHjDUCx2eCLct2GgI"""
"Oct 24, 2022 @ 23:16:31.778",filebeat-honeypot,"""man""","""SHA256:kOAWI6TohqpqkFc6K5Jr9o8jgzqHjDUCx2eCLct2GgI"""
"Oct 24, 2022 @ 23:16:31.778",filebeat-honeypot,"""man""","""SHA256:kOAWI6TohqpqkFc6K5Jr9o8jgzqHjDUCx2eCLct2GgI"""
"Oct 24, 2022 @ 23:16:31.778",filebeat-honeypot,"""man""","""SHA256:kOAWI6TohqpqkFc6K5Jr9o8jgzqHjDUCx2eCLct2GgI"""
"Oct 24, 2022 @ 23:16:31.777",filebeat-honeypot,"""man""","""SHA256:kOAWI6TohqpqkFc6K5Jr9o8jgzqHjDUCx2eCLct2GgI"""
"Oct 24, 2022 @ 23:16:29.776",filebeat-honeypot,"""man""","""SHA256:kOAWI6TohqpqkFc6K5Jr9o8jgzqHjDUCx2eCLct2GgI"""
"Oct 24, 2022 @ 23:16:29.776",filebeat-honeypot,"""man""","""SHA256:kOAWI6TohqpqkFc6K5Jr9o8jgzqHjDUCx2eCLct2GgI"""
"Oct 24, 2022 @ 23:16:29.776",filebeat-honeypot,"""man""","""SHA256:kOAWI6TohqpqkFc6K5Jr9o8jgzqHjDUCx2eCLct2GgI"""
"Oct 24, 2022 @ 23:16:29.776",filebeat-honeypot,"""man""","""SHA256:kOAWI6TohqpqkFc6K5Jr9o8jgzqHjDUCx2eCLct2GgI"""
"Oct 24, 2022 @ 23:16:27.775",filebeat-honeypot,"""lp""","""SHA256:kOAWI6TohqpqkFc6K5Jr9o8jgzqHjDUCx2eCLct2GgI"""
"Oct 24, 2022 @ 23:16:27.775",filebeat-honeypot,"""lp""","""SHA256:kOAWI6TohqpqkFc6K5Jr9o8jgzqHjDUCx2eCLct2GgI"""
"Oct 24, 2022 @ 23:16:27.775",filebeat-honeypot,"""man""","""SHA256:kOAWI6TohqpqkFc6K5Jr9o8jgzqHjDUCx2eCLct2GgI"""
"Oct 24, 2022 @ 23:16:27.775",filebeat-honeypot,"""man""","""SHA256:kOAWI6TohqpqkFc6K5Jr9o8jgzqHjDUCx2eCLct2GgI"""
"Oct 24, 2022 @ 23:16:25.773",filebeat-honeypot,"""lp""","""SHA256:kOAWI6TohqpqkFc6K5Jr9o8jgzqHjDUCx2eCLct2GgI"""
"Oct 24, 2022 @ 23:16:25.773",filebeat-honeypot,"""lp""","""SHA256:kOAWI6TohqpqkFc6K5Jr9o8jgzqHjDUCx2eCLct2GgI"""
"Oct 24, 2022 @ 23:16:25.773",filebeat-honeypot,"""lp""","""SHA256:kOAWI6TohqpqkFc6K5Jr9o8jgzqHjDUCx2eCLct2GgI"""
"Oct 24, 2022 @ 23:16:25.773",filebeat-honeypot,"""lp""","""SHA256:kOAWI6TohqpqkFc6K5Jr9o8jgzqHjDUCx2eCLct2GgI"""
"Oct 24, 2022 @ 23:16:23.771",filebeat-honeypot,"""lp""","""SHA256:kOAWI6TohqpqkFc6K5Jr9o8jgzqHjDUCx2eCLct2GgI"""
"Oct 24, 2022 @ 23:16:23.771",filebeat-honeypot,"""lp""","""SHA256:kOAWI6TohqpqkFc6K5Jr9o8jgzqHjDUCx2eCLct2GgI"""
"Oct 24, 2022 @ 23:16:23.771",filebeat-honeypot,"""lp""","""SHA256:kOAWI6TohqpqkFc6K5Jr9o8jgzqHjDUCx2eCLct2GgI"""
"Oct 24, 2022 @ 23:16:23.771",filebeat-honeypot,"""lp""","""SHA256:kOAWI6TohqpqkFc6K5Jr9o8jgzqHjDUCx2eCLct2GgI"""
"Oct 24, 2022 @ 23:16:21.769",filebeat-honeypot,"""lp""","""SHA256:kOAWI6TohqpqkFc6K5Jr9o8jgzqHjDUCx2eCLct2GgI"""
"Oct 24, 2022 @ 23:16:21.769",filebeat-honeypot,"""lp""","""SHA256:kOAWI6TohqpqkFc6K5Jr9o8jgzqHjDUCx2eCLct2GgI"""
"Oct 24, 2022 @ 23:16:21.769",filebeat-honeypot,"""lp""","""SHA256:kOAWI6TohqpqkFc6K5Jr9o8jgzqHjDUCx2eCLct2GgI"""
"Oct 24, 2022 @ 23:16:21.769",filebeat-honeypot,"""lp""","""SHA256:kOAWI6TohqpqkFc6K5Jr9o8jgzqHjDUCx2eCLct2GgI"""
"Oct 24, 2022 @ 23:16:19.768",filebeat-honeypot,"""lp""","""SHA256:kOAWI6TohqpqkFc6K5Jr9o8jgzqHjDUCx2eCLct2GgI"""
"Oct 24, 2022 @ 23:16:19.768",filebeat-honeypot,"""lp""","""SHA256:kOAWI6TohqpqkFc6K5Jr9o8jgzqHjDUCx2eCLct2GgI"""
"Oct 24, 2022 @ 23:16:19.768",filebeat-honeypot,"""lp""","""SHA256:kOAWI6TohqpqkFc6K5Jr9o8jgzqHjDUCx2eCLct2GgI"""
"Oct 24, 2022 @ 23:16:19.768",filebeat-honeypot,"""lp""","""SHA256:kOAWI6TohqpqkFc6K5Jr9o8jgzqHjDUCx2eCLct2GgI"""
"Oct 24, 2022 @ 23:16:17.765",filebeat-honeypot,"""lp""","""SHA256:kOAWI6TohqpqkFc6K5Jr9o8jgzqHjDUCx2eCLct2GgI"""
"Oct 24, 2022 @ 23:16:17.765",filebeat-honeypot,"""lp""","""SHA256:kOAWI6TohqpqkFc6K5Jr9o8jgzqHjDUCx2eCLct2GgI"""
"Oct 24, 2022 @ 23:16:17.765",filebeat-honeypot,"""lp""","""SHA256:kOAWI6TohqpqkFc6K5Jr9o8jgzqHjDUCx2eCLct2GgI"""
"Oct 24, 2022 @ 23:16:17.765",filebeat-honeypot,"""lp""","""SHA256:kOAWI6TohqpqkFc6K5Jr9o8jgzqHjDUCx2eCLct2GgI"""
"Oct 24, 2022 @ 23:16:15.763",filebeat-honeypot,"""lp""","""SHA256:kOAWI6TohqpqkFc6K5Jr9o8jgzqHjDUCx2eCLct2GgI"""
"Oct 24, 2022 @ 23:16:15.763",filebeat-honeypot,"""lp""","""SHA256:kOAWI6TohqpqkFc6K5Jr9o8jgzqHjDUCx2eCLct2GgI"""
"Oct 24, 2022 @ 23:16:15.763",filebeat-honeypot,"""lp""","""SHA256:kOAWI6TohqpqkFc6K5Jr9o8jgzqHjDUCx2eCLct2GgI"""
"Oct 24, 2022 @ 23:16:15.763",filebeat-honeypot,"""lp""","""SHA256:kOAWI6TohqpqkFc6K5Jr9o8jgzqHjDUCx2eCLct2GgI"""
"Oct 24, 2022 @ 23:16:13.762",filebeat-honeypot,"""list""","""SHA256:kOAWI6TohqpqkFc6K5Jr9o8jgzqHjDUCx2eCLct2GgI"""
"Oct 24, 2022 @ 23:16:13.762",filebeat-honeypot,"""list""","""SHA256:kOAWI6TohqpqkFc6K5Jr9o8jgzqHjDUCx2eCLct2GgI"""
"Oct 24, 2022 @ 23:16:13.762",filebeat-honeypot,"""list""","""SHA256:kOAWI6TohqpqkFc6K5Jr9o8jgzqHjDUCx2eCLct2GgI"""
"Oct 24, 2022 @ 23:16:13.762",filebeat-honeypot,"""list""","""SHA256:kOAWI6TohqpqkFc6K5Jr9o8jgzqHjDUCx2eCLct2GgI"""
"Oct 24, 2022 @ 23:16:11.761",filebeat-honeypot,"""list""","""SHA256:kOAWI6TohqpqkFc6K5Jr9o8jgzqHjDUCx2eCLct2GgI"""
"Oct 24, 2022 @ 23:16:11.761",filebeat-honeypot,"""list""","""SHA256:kOAWI6TohqpqkFc6K5Jr9o8jgzqHjDUCx2eCLct2GgI"""
"Oct 24, 2022 @ 23:16:11.761",filebeat-honeypot,"""list""","""SHA256:kOAWI6TohqpqkFc6K5Jr9o8jgzqHjDUCx2eCLct2GgI"""
"Oct 24, 2022 @ 23:16:11.761",filebeat-honeypot,"""list""","""SHA256:kOAWI6TohqpqkFc6K5Jr9o8jgzqHjDUCx2eCLct2GgI"""
"Oct 24, 2022 @ 23:16:09.759",filebeat-honeypot,"""list""","""SHA256:kOAWI6TohqpqkFc6K5Jr9o8jgzqHjDUCx2eCLct2GgI"""
"Oct 24, 2022 @ 23:16:09.759",filebeat-honeypot,"""list""","""SHA256:kOAWI6TohqpqkFc6K5Jr9o8jgzqHjDUCx2eCLct2GgI"""
"Oct 24, 2022 @ 23:16:09.759",filebeat-honeypot,"""list""","""SHA256:kOAWI6TohqpqkFc6K5Jr9o8jgzqHjDUCx2eCLct2GgI"""
"Oct 24, 2022 @ 23:16:09.759",filebeat-honeypot,"""list""","""SHA256:kOAWI6TohqpqkFc6K5Jr9o8jgzqHjDUCx2eCLct2GgI"""
"Oct 24, 2022 @ 23:16:07.757",filebeat-honeypot,"""list""","""SHA256:kOAWI6TohqpqkFc6K5Jr9o8jgzqHjDUCx2eCLct2GgI"""
"Oct 24, 2022 @ 23:16:07.757",filebeat-honeypot,"""list""","""SHA256:kOAWI6TohqpqkFc6K5Jr9o8jgzqHjDUCx2eCLct2GgI"""
"Oct 24, 2022 @ 23:16:07.757",filebeat-honeypot,"""list""","""SHA256:kOAWI6TohqpqkFc6K5Jr9o8jgzqHjDUCx2eCLct2GgI"""
"Oct 24, 2022 @ 23:16:07.757",filebeat-honeypot,"""list""","""SHA256:kOAWI6TohqpqkFc6K5Jr9o8jgzqHjDUCx2eCLct2GgI"""
"Oct 24, 2022 @ 23:16:05.756",filebeat-honeypot,"""list""","""SHA256:kOAWI6TohqpqkFc6K5Jr9o8jgzqHjDUCx2eCLct2GgI"""
"Oct 24, 2022 @ 23:16:05.756",filebeat-honeypot,"""list""","""SHA256:kOAWI6TohqpqkFc6K5Jr9o8jgzqHjDUCx2eCLct2GgI"""
"Oct 24, 2022 @ 23:16:05.756",filebeat-honeypot,"""list""","""SHA256:kOAWI6TohqpqkFc6K5Jr9o8jgzqHjDUCx2eCLct2GgI"""
"Oct 24, 2022 @ 23:16:05.756",filebeat-honeypot,"""list""","""SHA256:kOAWI6TohqpqkFc6K5Jr9o8jgzqHjDUCx2eCLct2GgI"""
"Oct 24, 2022 @ 23:16:03.755",filebeat-honeypot,"""list""","""SHA256:kOAWI6TohqpqkFc6K5Jr9o8jgzqHjDUCx2eCLct2GgI"""
"Oct 24, 2022 @ 23:16:03.755",filebeat-honeypot,"""list""","""SHA256:kOAWI6TohqpqkFc6K5Jr9o8jgzqHjDUCx2eCLct2GgI"""
"Oct 24, 2022 @ 23:16:03.755",filebeat-honeypot,"""list""","""SHA256:kOAWI6TohqpqkFc6K5Jr9o8jgzqHjDUCx2eCLct2GgI"""
"Oct 24, 2022 @ 23:16:03.755",filebeat-honeypot,"""list""","""SHA256:kOAWI6TohqpqkFc6K5Jr9o8jgzqHjDUCx2eCLct2GgI"""
"Oct 24, 2022 @ 23:16:01.754",filebeat-honeypot,"""john""","""SHA256:kOAWI6TohqpqkFc6K5Jr9o8jgzqHjDUCx2eCLct2GgI"""
"Oct 24, 2022 @ 23:16:01.754",filebeat-honeypot,"""john""","""SHA256:kOAWI6TohqpqkFc6K5Jr9o8jgzqHjDUCx2eCLct2GgI"""
"Oct 24, 2022 @ 23:16:01.754",filebeat-honeypot,"""list""","""SHA256:kOAWI6TohqpqkFc6K5Jr9o8jgzqHjDUCx2eCLct2GgI"""
"Oct 24, 2022 @ 23:16:01.754",filebeat-honeypot,"""list""","""SHA256:kOAWI6TohqpqkFc6K5Jr9o8jgzqHjDUCx2eCLct2GgI"""
"Oct 24, 2022 @ 23:15:59.754",filebeat-honeypot,"""john""","""SHA256:kOAWI6TohqpqkFc6K5Jr9o8jgzqHjDUCx2eCLct2GgI"""
"Oct 24, 2022 @ 23:15:59.754",filebeat-honeypot,"""john""","""SHA256:kOAWI6TohqpqkFc6K5Jr9o8jgzqHjDUCx2eCLct2GgI"""
"Oct 24, 2022 @ 23:15:59.754",filebeat-honeypot,"""john""","""SHA256:kOAWI6TohqpqkFc6K5Jr9o8jgzqHjDUCx2eCLct2GgI"""
"Oct 24, 2022 @ 23:15:59.754",filebeat-honeypot,"""john""","""SHA256:kOAWI6TohqpqkFc6K5Jr9o8jgzqHjDUCx2eCLct2GgI"""
"Oct 24, 2022 @ 23:15:57.753",filebeat-honeypot,"""john""","""SHA256:kOAWI6TohqpqkFc6K5Jr9o8jgzqHjDUCx2eCLct2GgI"""
"Oct 24, 2022 @ 23:15:57.753",filebeat-honeypot,"""john""","""SHA256:kOAWI6TohqpqkFc6K5Jr9o8jgzqHjDUCx2eCLct2GgI"""
"Oct 24, 2022 @ 23:15:57.753",filebeat-honeypot,"""john""","""SHA256:kOAWI6TohqpqkFc6K5Jr9o8jgzqHjDUCx2eCLct2GgI"""
"Oct 24, 2022 @ 23:15:57.753",filebeat-honeypot,"""john""","""SHA256:kOAWI6TohqpqkFc6K5Jr9o8jgzqHjDUCx2eCLct2GgI"""
"Oct 24, 2022 @ 23:15:55.752",filebeat-honeypot,"""john""","""SHA256:kOAWI6TohqpqkFc6K5Jr9o8jgzqHjDUCx2eCLct2GgI"""
"Oct 24, 2022 @ 23:15:55.752",filebeat-honeypot,"""john""","""SHA256:kOAWI6TohqpqkFc6K5Jr9o8jgzqHjDUCx2eCLct2GgI"""
"Oct 24, 2022 @ 23:15:55.752",filebeat-honeypot,"""john""","""SHA256:kOAWI6TohqpqkFc6K5Jr9o8jgzqHjDUCx2eCLct2GgI"""
"Oct 24, 2022 @ 23:15:55.752",filebeat-honeypot,"""john""","""SHA256:kOAWI6TohqpqkFc6K5Jr9o8jgzqHjDUCx2eCLct2GgI"""
"Oct 24, 2022 @ 23:15:53.752",filebeat-honeypot,"""john""","""SHA256:kOAWI6TohqpqkFc6K5Jr9o8jgzqHjDUCx2eCLct2GgI"""
"Oct 24, 2022 @ 23:15:53.752",filebeat-honeypot,"""john""","""SHA256:kOAWI6TohqpqkFc6K5Jr9o8jgzqHjDUCx2eCLct2GgI"""
"Oct 24, 2022 @ 23:15:53.752",filebeat-honeypot,"""john""","""SHA256:kOAWI6TohqpqkFc6K5Jr9o8jgzqHjDUCx2eCLct2GgI"""
"Oct 24, 2022 @ 23:15:53.752",filebeat-honeypot,"""john""","""SHA256:kOAWI6TohqpqkFc6K5Jr9o8jgzqHjDUCx2eCLct2GgI"""
"Oct 24, 2022 @ 23:15:51.749",filebeat-honeypot,"""john""","""SHA256:kOAWI6TohqpqkFc6K5Jr9o8jgzqHjDUCx2eCLct2GgI"""
"Oct 24, 2022 @ 23:15:51.749",filebeat-honeypot,"""john""","""SHA256:kOAWI6TohqpqkFc6K5Jr9o8jgzqHjDUCx2eCLct2GgI"""
"Oct 24, 2022 @ 23:15:51.749",filebeat-honeypot,"""john""","""SHA256:kOAWI6TohqpqkFc6K5Jr9o8jgzqHjDUCx2eCLct2GgI"""
"Oct 24, 2022 @ 23:15:51.749",filebeat-honeypot,"""john""","""SHA256:kOAWI6TohqpqkFc6K5Jr9o8jgzqHjDUCx2eCLct2GgI"""
"Oct 24, 2022 @ 23:15:49.746",filebeat-honeypot,"""john""","""SHA256:kOAWI6TohqpqkFc6K5Jr9o8jgzqHjDUCx2eCLct2GgI"""
"Oct 24, 2022 @ 23:15:49.746",filebeat-honeypot,"""john""","""SHA256:kOAWI6TohqpqkFc6K5Jr9o8jgzqHjDUCx2eCLct2GgI"""
"Oct 24, 2022 @ 23:15:49.746",filebeat-honeypot,"""john""","""SHA256:kOAWI6TohqpqkFc6K5Jr9o8jgzqHjDUCx2eCLct2GgI"""
"Oct 24, 2022 @ 23:15:47.742",filebeat-honeypot,"""irc""","""SHA256:kOAWI6TohqpqkFc6K5Jr9o8jgzqHjDUCx2eCLct2GgI"""
"Oct 24, 2022 @ 23:15:47.742",filebeat-honeypot,"""irc""","""SHA256:kOAWI6TohqpqkFc6K5Jr9o8jgzqHjDUCx2eCLct2GgI"""
"Oct 24, 2022 @ 23:15:47.742",filebeat-honeypot,"""irc""","""SHA256:kOAWI6TohqpqkFc6K5Jr9o8jgzqHjDUCx2eCLct2GgI"""
"Oct 24, 2022 @ 23:15:47.742",filebeat-honeypot,"""john""","""SHA256:kOAWI6TohqpqkFc6K5Jr9o8jgzqHjDUCx2eCLct2GgI"""
"Oct 24, 2022 @ 23:15:45.732",filebeat-honeypot,"""irc""","""SHA256:kOAWI6TohqpqkFc6K5Jr9o8jgzqHjDUCx2eCLct2GgI"""
"Oct 24, 2022 @ 23:15:45.732",filebeat-honeypot,"""irc""","""SHA256:kOAWI6TohqpqkFc6K5Jr9o8jgzqHjDUCx2eCLct2GgI"""
"Oct 24, 2022 @ 23:15:45.732",filebeat-honeypot,"""irc""","""SHA256:kOAWI6TohqpqkFc6K5Jr9o8jgzqHjDUCx2eCLct2GgI"""
"Oct 24, 2022 @ 23:15:45.732",filebeat-honeypot,"""irc""","""SHA256:kOAWI6TohqpqkFc6K5Jr9o8jgzqHjDUCx2eCLct2GgI"""
"Oct 24, 2022 @ 23:15:43.718",filebeat-honeypot,"""irc""","""SHA256:kOAWI6TohqpqkFc6K5Jr9o8jgzqHjDUCx2eCLct2GgI"""
"Oct 24, 2022 @ 23:15:43.718",filebeat-honeypot,"""irc""","""SHA256:kOAWI6TohqpqkFc6K5Jr9o8jgzqHjDUCx2eCLct2GgI"""
"Oct 24, 2022 @ 23:15:43.718",filebeat-honeypot,"""irc""","""SHA256:kOAWI6TohqpqkFc6K5Jr9o8jgzqHjDUCx2eCLct2GgI"""
"Oct 24, 2022 @ 23:15:43.718",filebeat-honeypot,"""irc""","""SHA256:kOAWI6TohqpqkFc6K5Jr9o8jgzqHjDUCx2eCLct2GgI"""
"Oct 24, 2022 @ 23:15:41.704",filebeat-honeypot,"""irc""","""SHA256:kOAWI6TohqpqkFc6K5Jr9o8jgzqHjDUCx2eCLct2GgI"""
"Oct 24, 2022 @ 23:15:41.704",filebeat-honeypot,"""irc""","""SHA256:kOAWI6TohqpqkFc6K5Jr9o8jgzqHjDUCx2eCLct2GgI"""
"Oct 24, 2022 @ 23:15:41.703",filebeat-honeypot,"""irc""","""SHA256:kOAWI6TohqpqkFc6K5Jr9o8jgzqHjDUCx2eCLct2GgI"""
"Oct 24, 2022 @ 23:15:41.703",filebeat-honeypot,"""irc""","""SHA256:kOAWI6TohqpqkFc6K5Jr9o8jgzqHjDUCx2eCLct2GgI"""
"Oct 24, 2022 @ 23:15:39.692",filebeat-honeypot,"""irc""","""SHA256:kOAWI6TohqpqkFc6K5Jr9o8jgzqHjDUCx2eCLct2GgI"""
"Oct 24, 2022 @ 23:15:39.692",filebeat-honeypot,"""irc""","""SHA256:kOAWI6TohqpqkFc6K5Jr9o8jgzqHjDUCx2eCLct2GgI"""
"Oct 24, 2022 @ 23:15:39.692",filebeat-honeypot,"""irc""","""SHA256:kOAWI6TohqpqkFc6K5Jr9o8jgzqHjDUCx2eCLct2GgI"""
"Oct 24, 2022 @ 23:15:39.692",filebeat-honeypot,"""irc""","""SHA256:kOAWI6TohqpqkFc6K5Jr9o8jgzqHjDUCx2eCLct2GgI"""
"Oct 24, 2022 @ 23:15:37.683",filebeat-honeypot,"""irc""","""SHA256:kOAWI6TohqpqkFc6K5Jr9o8jgzqHjDUCx2eCLct2GgI"""
"Oct 24, 2022 @ 23:15:37.683",filebeat-honeypot,"""irc""","""SHA256:kOAWI6TohqpqkFc6K5Jr9o8jgzqHjDUCx2eCLct2GgI"""
"Oct 24, 2022 @ 23:15:37.683",filebeat-honeypot,"""irc""","""SHA256:kOAWI6TohqpqkFc6K5Jr9o8jgzqHjDUCx2eCLct2GgI"""
"Oct 24, 2022 @ 23:15:37.683",filebeat-honeypot,"""irc""","""SHA256:kOAWI6TohqpqkFc6K5Jr9o8jgzqHjDUCx2eCLct2GgI"""
"Oct 24, 2022 @ 23:15:35.682",filebeat-honeypot,"""halt""","""SHA256:kOAWI6TohqpqkFc6K5Jr9o8jgzqHjDUCx2eCLct2GgI"""
"Oct 24, 2022 @ 23:15:35.682",filebeat-honeypot,"""irc""","""SHA256:kOAWI6TohqpqkFc6K5Jr9o8jgzqHjDUCx2eCLct2GgI"""
"Oct 24, 2022 @ 23:15:35.682",filebeat-honeypot,"""irc""","""SHA256:kOAWI6TohqpqkFc6K5Jr9o8jgzqHjDUCx2eCLct2GgI"""
"Oct 24, 2022 @ 23:15:35.682",filebeat-honeypot,"""irc""","""SHA256:kOAWI6TohqpqkFc6K5Jr9o8jgzqHjDUCx2eCLct2GgI"""
"Oct 24, 2022 @ 23:15:33.679",filebeat-honeypot,"""halt""","""SHA256:kOAWI6TohqpqkFc6K5Jr9o8jgzqHjDUCx2eCLct2GgI"""
"Oct 24, 2022 @ 23:15:33.679",filebeat-honeypot,"""halt""","""SHA256:kOAWI6TohqpqkFc6K5Jr9o8jgzqHjDUCx2eCLct2GgI"""
"Oct 24, 2022 @ 23:15:33.679",filebeat-honeypot,"""halt""","""SHA256:kOAWI6TohqpqkFc6K5Jr9o8jgzqHjDUCx2eCLct2GgI"""
"Oct 24, 2022 @ 23:15:33.679",filebeat-honeypot,"""halt""","""SHA256:kOAWI6TohqpqkFc6K5Jr9o8jgzqHjDUCx2eCLct2GgI"""
"Oct 24, 2022 @ 23:15:31.673",filebeat-honeypot,"""halt""","""SHA256:kOAWI6TohqpqkFc6K5Jr9o8jgzqHjDUCx2eCLct2GgI"""
"Oct 24, 2022 @ 23:15:31.673",filebeat-honeypot,"""halt""","""SHA256:kOAWI6TohqpqkFc6K5Jr9o8jgzqHjDUCx2eCLct2GgI"""
"Oct 24, 2022 @ 23:15:31.673",filebeat-honeypot,"""halt""","""SHA256:kOAWI6TohqpqkFc6K5Jr9o8jgzqHjDUCx2eCLct2GgI"""
"Oct 24, 2022 @ 23:15:31.673",filebeat-honeypot,"""halt""","""SHA256:kOAWI6TohqpqkFc6K5Jr9o8jgzqHjDUCx2eCLct2GgI"""
"Oct 24, 2022 @ 23:15:29.672",filebeat-honeypot,"""halt""","""SHA256:kOAWI6TohqpqkFc6K5Jr9o8jgzqHjDUCx2eCLct2GgI"""
"Oct 24, 2022 @ 23:15:29.672",filebeat-honeypot,"""halt""","""SHA256:kOAWI6TohqpqkFc6K5Jr9o8jgzqHjDUCx2eCLct2GgI"""
"Oct 24, 2022 @ 23:15:29.672",filebeat-honeypot,"""halt""","""SHA256:kOAWI6TohqpqkFc6K5Jr9o8jgzqHjDUCx2eCLct2GgI"""
"Oct 24, 2022 @ 23:15:29.672",filebeat-honeypot,"""halt""","""SHA256:kOAWI6TohqpqkFc6K5Jr9o8jgzqHjDUCx2eCLct2GgI"""
"Oct 24, 2022 @ 23:15:27.670",filebeat-honeypot,"""halt""","""SHA256:kOAWI6TohqpqkFc6K5Jr9o8jgzqHjDUCx2eCLct2GgI"""
"Oct 24, 2022 @ 23:15:27.670",filebeat-honeypot,"""halt""","""SHA256:kOAWI6TohqpqkFc6K5Jr9o8jgzqHjDUCx2eCLct2GgI"""
"Oct 24, 2022 @ 23:15:27.670",filebeat-honeypot,"""halt""","""SHA256:kOAWI6TohqpqkFc6K5Jr9o8jgzqHjDUCx2eCLct2GgI"""
"Oct 24, 2022 @ 23:15:27.670",filebeat-honeypot,"""halt""","""SHA256:kOAWI6TohqpqkFc6K5Jr9o8jgzqHjDUCx2eCLct2GgI"""
"Oct 24, 2022 @ 23:15:25.668",filebeat-honeypot,"""halt""","""SHA256:kOAWI6TohqpqkFc6K5Jr9o8jgzqHjDUCx2eCLct2GgI"""
"Oct 24, 2022 @ 23:15:25.668",filebeat-honeypot,"""halt""","""SHA256:kOAWI6TohqpqkFc6K5Jr9o8jgzqHjDUCx2eCLct2GgI"""
"Oct 24, 2022 @ 23:15:25.668",filebeat-honeypot,"""halt""","""SHA256:kOAWI6TohqpqkFc6K5Jr9o8jgzqHjDUCx2eCLct2GgI"""
"Oct 24, 2022 @ 23:15:25.668",filebeat-honeypot,"""halt""","""SHA256:kOAWI6TohqpqkFc6K5Jr9o8jgzqHjDUCx2eCLct2GgI"""
"Oct 24, 2022 @ 23:15:23.668",filebeat-honeypot,"""halt""","""SHA256:kOAWI6TohqpqkFc6K5Jr9o8jgzqHjDUCx2eCLct2GgI"""
"Oct 24, 2022 @ 23:15:23.668",filebeat-honeypot,"""halt""","""SHA256:kOAWI6TohqpqkFc6K5Jr9o8jgzqHjDUCx2eCLct2GgI"""
"Oct 24, 2022 @ 23:15:23.667",filebeat-honeypot,"""halt""","""SHA256:kOAWI6TohqpqkFc6K5Jr9o8jgzqHjDUCx2eCLct2GgI"""
"Oct 24, 2022 @ 23:15:23.667",filebeat-honeypot,"""halt""","""SHA256:kOAWI6TohqpqkFc6K5Jr9o8jgzqHjDUCx2eCLct2GgI"""
"Oct 24, 2022 @ 23:15:21.666",filebeat-honeypot,"""guest""","""SHA256:kOAWI6TohqpqkFc6K5Jr9o8jgzqHjDUCx2eCLct2GgI"""
"Oct 24, 2022 @ 23:15:21.666",filebeat-honeypot,"""guest""","""SHA256:kOAWI6TohqpqkFc6K5Jr9o8jgzqHjDUCx2eCLct2GgI"""
"Oct 24, 2022 @ 23:15:21.666",filebeat-honeypot,"""guest""","""SHA256:kOAWI6TohqpqkFc6K5Jr9o8jgzqHjDUCx2eCLct2GgI"""
"Oct 24, 2022 @ 23:15:21.666",filebeat-honeypot,"""halt""","""SHA256:kOAWI6TohqpqkFc6K5Jr9o8jgzqHjDUCx2eCLct2GgI"""
"Oct 24, 2022 @ 23:15:19.665",filebeat-honeypot,"""guest""","""SHA256:kOAWI6TohqpqkFc6K5Jr9o8jgzqHjDUCx2eCLct2GgI"""
"Oct 24, 2022 @ 23:15:19.665",filebeat-honeypot,"""guest""","""SHA256:kOAWI6TohqpqkFc6K5Jr9o8jgzqHjDUCx2eCLct2GgI"""
"Oct 24, 2022 @ 23:15:19.665",filebeat-honeypot,"""guest""","""SHA256:kOAWI6TohqpqkFc6K5Jr9o8jgzqHjDUCx2eCLct2GgI"""
"Oct 24, 2022 @ 23:15:19.665",filebeat-honeypot,"""guest""","""SHA256:kOAWI6TohqpqkFc6K5Jr9o8jgzqHjDUCx2eCLct2GgI"""
"Oct 24, 2022 @ 23:15:17.663",filebeat-honeypot,"""guest""","""SHA256:kOAWI6TohqpqkFc6K5Jr9o8jgzqHjDUCx2eCLct2GgI"""
"Oct 24, 2022 @ 23:15:17.663",filebeat-honeypot,"""guest""","""SHA256:kOAWI6TohqpqkFc6K5Jr9o8jgzqHjDUCx2eCLct2GgI"""
"Oct 24, 2022 @ 23:15:17.663",filebeat-honeypot,"""guest""","""SHA256:kOAWI6TohqpqkFc6K5Jr9o8jgzqHjDUCx2eCLct2GgI"""
"Oct 24, 2022 @ 23:15:17.663",filebeat-honeypot,"""guest""","""SHA256:kOAWI6TohqpqkFc6K5Jr9o8jgzqHjDUCx2eCLct2GgI"""
"Oct 24, 2022 @ 23:15:15.661",filebeat-honeypot,"""guest""","""SHA256:kOAWI6TohqpqkFc6K5Jr9o8jgzqHjDUCx2eCLct2GgI"""
"Oct 24, 2022 @ 23:15:15.661",filebeat-honeypot,"""guest""","""SHA256:kOAWI6TohqpqkFc6K5Jr9o8jgzqHjDUCx2eCLct2GgI"""
"Oct 24, 2022 @ 23:15:15.661",filebeat-honeypot,"""guest""","""SHA256:kOAWI6TohqpqkFc6K5Jr9o8jgzqHjDUCx2eCLct2GgI"""
"Oct 24, 2022 @ 23:15:15.661",filebeat-honeypot,"""guest""","""SHA256:kOAWI6TohqpqkFc6K5Jr9o8jgzqHjDUCx2eCLct2GgI"""
"Oct 24, 2022 @ 23:15:13.659",filebeat-honeypot,"""guest""","""SHA256:kOAWI6TohqpqkFc6K5Jr9o8jgzqHjDUCx2eCLct2GgI"""
"Oct 24, 2022 @ 23:15:13.659",filebeat-honeypot,"""guest""","""SHA256:kOAWI6TohqpqkFc6K5Jr9o8jgzqHjDUCx2eCLct2GgI"""
"Oct 24, 2022 @ 23:15:13.659",filebeat-honeypot,"""guest""","""SHA256:kOAWI6TohqpqkFc6K5Jr9o8jgzqHjDUCx2eCLct2GgI"""
"Oct 24, 2022 @ 23:15:13.659",filebeat-honeypot,"""guest""","""SHA256:kOAWI6TohqpqkFc6K5Jr9o8jgzqHjDUCx2eCLct2GgI"""
"Oct 24, 2022 @ 23:15:11.659",filebeat-honeypot,"""guest""","""SHA256:kOAWI6TohqpqkFc6K5Jr9o8jgzqHjDUCx2eCLct2GgI"""
"Oct 24, 2022 @ 23:15:11.659",filebeat-honeypot,"""guest""","""SHA256:kOAWI6TohqpqkFc6K5Jr9o8jgzqHjDUCx2eCLct2GgI"""
"Oct 24, 2022 @ 23:15:11.659",filebeat-honeypot,"""guest""","""SHA256:kOAWI6TohqpqkFc6K5Jr9o8jgzqHjDUCx2eCLct2GgI"""
"Oct 24, 2022 @ 23:15:11.659",filebeat-honeypot,"""guest""","""SHA256:kOAWI6TohqpqkFc6K5Jr9o8jgzqHjDUCx2eCLct2GgI"""
"Oct 24, 2022 @ 23:15:09.657",filebeat-honeypot,"""games""","""SHA256:kOAWI6TohqpqkFc6K5Jr9o8jgzqHjDUCx2eCLct2GgI"""
"Oct 24, 2022 @ 23:15:09.657",filebeat-honeypot,"""guest""","""SHA256:kOAWI6TohqpqkFc6K5Jr9o8jgzqHjDUCx2eCLct2GgI"""
"Oct 24, 2022 @ 23:15:09.657",filebeat-honeypot,"""guest""","""SHA256:kOAWI6TohqpqkFc6K5Jr9o8jgzqHjDUCx2eCLct2GgI"""
"Oct 24, 2022 @ 23:15:09.657",filebeat-honeypot,"""guest""","""SHA256:kOAWI6TohqpqkFc6K5Jr9o8jgzqHjDUCx2eCLct2GgI"""
"Oct 24, 2022 @ 23:15:07.655",filebeat-honeypot,"""games""","""SHA256:kOAWI6TohqpqkFc6K5Jr9o8jgzqHjDUCx2eCLct2GgI"""
"Oct 24, 2022 @ 23:15:07.655",filebeat-honeypot,"""games""","""SHA256:kOAWI6TohqpqkFc6K5Jr9o8jgzqHjDUCx2eCLct2GgI"""
"Oct 24, 2022 @ 23:15:07.655",filebeat-honeypot,"""games""","""SHA256:kOAWI6TohqpqkFc6K5Jr9o8jgzqHjDUCx2eCLct2GgI"""
"Oct 24, 2022 @ 23:15:07.655",filebeat-honeypot,"""games""","""SHA256:kOAWI6TohqpqkFc6K5Jr9o8jgzqHjDUCx2eCLct2GgI"""
"Oct 24, 2022 @ 23:15:05.654",filebeat-honeypot,"""games""","""SHA256:kOAWI6TohqpqkFc6K5Jr9o8jgzqHjDUCx2eCLct2GgI"""
"Oct 24, 2022 @ 23:15:05.654",filebeat-honeypot,"""games""","""SHA256:kOAWI6TohqpqkFc6K5Jr9o8jgzqHjDUCx2eCLct2GgI"""
"Oct 24, 2022 @ 23:15:05.654",filebeat-honeypot,"""games""","""SHA256:kOAWI6TohqpqkFc6K5Jr9o8jgzqHjDUCx2eCLct2GgI"""
"Oct 24, 2022 @ 23:15:05.654",filebeat-honeypot,"""games""","""SHA256:kOAWI6TohqpqkFc6K5Jr9o8jgzqHjDUCx2eCLct2GgI"""
"Oct 24, 2022 @ 23:15:03.654",filebeat-honeypot,"""games""","""SHA256:kOAWI6TohqpqkFc6K5Jr9o8jgzqHjDUCx2eCLct2GgI"""
"Oct 24, 2022 @ 23:15:03.654",filebeat-honeypot,"""games""","""SHA256:kOAWI6TohqpqkFc6K5Jr9o8jgzqHjDUCx2eCLct2GgI"""
"Oct 24, 2022 @ 23:15:03.654",filebeat-honeypot,"""games""","""SHA256:kOAWI6TohqpqkFc6K5Jr9o8jgzqHjDUCx2eCLct2GgI"""
"Oct 24, 2022 @ 23:15:03.654",filebeat-honeypot,"""games""","""SHA256:kOAWI6TohqpqkFc6K5Jr9o8jgzqHjDUCx2eCLct2GgI"""
"Oct 24, 2022 @ 23:15:01.653",filebeat-honeypot,"""games""","""SHA256:kOAWI6TohqpqkFc6K5Jr9o8jgzqHjDUCx2eCLct2GgI"""
"Oct 24, 2022 @ 23:15:01.653",filebeat-honeypot,"""games""","""SHA256:kOAWI6TohqpqkFc6K5Jr9o8jgzqHjDUCx2eCLct2GgI"""
"Oct 24, 2022 @ 23:15:01.653",filebeat-honeypot,"""games""","""SHA256:kOAWI6TohqpqkFc6K5Jr9o8jgzqHjDUCx2eCLct2GgI"""
"Oct 24, 2022 @ 23:15:01.653",filebeat-honeypot,"""games""","""SHA256:kOAWI6TohqpqkFc6K5Jr9o8jgzqHjDUCx2eCLct2GgI"""
"Oct 24, 2022 @ 23:14:59.641",filebeat-honeypot,"""games""","""SHA256:kOAWI6TohqpqkFc6K5Jr9o8jgzqHjDUCx2eCLct2GgI"""
"Oct 24, 2022 @ 23:14:59.641",filebeat-honeypot,"""games""","""SHA256:kOAWI6TohqpqkFc6K5Jr9o8jgzqHjDUCx2eCLct2GgI"""
"Oct 24, 2022 @ 23:14:59.641",filebeat-honeypot,"""games""","""SHA256:kOAWI6TohqpqkFc6K5Jr9o8jgzqHjDUCx2eCLct2GgI"""
"Oct 24, 2022 @ 23:14:59.641",filebeat-honeypot,"""games""","""SHA256:kOAWI6TohqpqkFc6K5Jr9o8jgzqHjDUCx2eCLct2GgI"""
"Oct 24, 2022 @ 23:14:57.627",filebeat-honeypot,"""games""","""SHA256:kOAWI6TohqpqkFc6K5Jr9o8jgzqHjDUCx2eCLct2GgI"""
"Oct 24, 2022 @ 23:14:57.627",filebeat-honeypot,"""games""","""SHA256:kOAWI6TohqpqkFc6K5Jr9o8jgzqHjDUCx2eCLct2GgI"""
"Oct 24, 2022 @ 23:14:57.627",filebeat-honeypot,"""games""","""SHA256:kOAWI6TohqpqkFc6K5Jr9o8jgzqHjDUCx2eCLct2GgI"""
"Oct 24, 2022 @ 23:14:57.627",filebeat-honeypot,"""games""","""SHA256:kOAWI6TohqpqkFc6K5Jr9o8jgzqHjDUCx2eCLct2GgI"""
"Oct 24, 2022 @ 23:14:55.614",filebeat-honeypot,"""ftp""","""SHA256:kOAWI6TohqpqkFc6K5Jr9o8jgzqHjDUCx2eCLct2GgI"""
"Oct 24, 2022 @ 23:14:55.614",filebeat-honeypot,"""ftp""","""SHA256:kOAWI6TohqpqkFc6K5Jr9o8jgzqHjDUCx2eCLct2GgI"""
"Oct 24, 2022 @ 23:14:55.614",filebeat-honeypot,"""ftp""","""SHA256:kOAWI6TohqpqkFc6K5Jr9o8jgzqHjDUCx2eCLct2GgI"""
"Oct 24, 2022 @ 23:14:55.614",filebeat-honeypot,"""games""","""SHA256:kOAWI6TohqpqkFc6K5Jr9o8jgzqHjDUCx2eCLct2GgI"""
"Oct 24, 2022 @ 23:14:53.613",filebeat-honeypot,"""ftp""","""SHA256:kOAWI6TohqpqkFc6K5Jr9o8jgzqHjDUCx2eCLct2GgI"""
"Oct 24, 2022 @ 23:14:53.613",filebeat-honeypot,"""ftp""","""SHA256:kOAWI6TohqpqkFc6K5Jr9o8jgzqHjDUCx2eCLct2GgI"""
"Oct 24, 2022 @ 23:14:53.613",filebeat-honeypot,"""ftp""","""SHA256:kOAWI6TohqpqkFc6K5Jr9o8jgzqHjDUCx2eCLct2GgI"""
"Oct 24, 2022 @ 23:14:53.613",filebeat-honeypot,"""ftp""","""SHA256:kOAWI6TohqpqkFc6K5Jr9o8jgzqHjDUCx2eCLct2GgI"""
"Oct 24, 2022 @ 23:14:51.613",filebeat-honeypot,"""ftp""","""SHA256:kOAWI6TohqpqkFc6K5Jr9o8jgzqHjDUCx2eCLct2GgI"""
"Oct 24, 2022 @ 23:14:51.613",filebeat-honeypot,"""ftp""","""SHA256:kOAWI6TohqpqkFc6K5Jr9o8jgzqHjDUCx2eCLct2GgI"""
"Oct 24, 2022 @ 23:14:51.613",filebeat-honeypot,"""ftp""","""SHA256:kOAWI6TohqpqkFc6K5Jr9o8jgzqHjDUCx2eCLct2GgI"""
"Oct 24, 2022 @ 23:14:51.613",filebeat-honeypot,"""ftp""","""SHA256:kOAWI6TohqpqkFc6K5Jr9o8jgzqHjDUCx2eCLct2GgI"""
"Oct 24, 2022 @ 23:14:49.613",filebeat-honeypot,"""ftp""","""SHA256:kOAWI6TohqpqkFc6K5Jr9o8jgzqHjDUCx2eCLct2GgI"""
"Oct 24, 2022 @ 23:14:49.613",filebeat-honeypot,"""ftp""","""SHA256:kOAWI6TohqpqkFc6K5Jr9o8jgzqHjDUCx2eCLct2GgI"""
"Oct 24, 2022 @ 23:14:49.613",filebeat-honeypot,"""ftp""","""SHA256:kOAWI6TohqpqkFc6K5Jr9o8jgzqHjDUCx2eCLct2GgI"""
"Oct 24, 2022 @ 23:14:49.613",filebeat-honeypot,"""ftp""","""SHA256:kOAWI6TohqpqkFc6K5Jr9o8jgzqHjDUCx2eCLct2GgI"""
"Oct 24, 2022 @ 23:14:47.612",filebeat-honeypot,"""ftp""","""SHA256:kOAWI6TohqpqkFc6K5Jr9o8jgzqHjDUCx2eCLct2GgI"""
"Oct 24, 2022 @ 23:14:47.612",filebeat-honeypot,"""ftp""","""SHA256:kOAWI6TohqpqkFc6K5Jr9o8jgzqHjDUCx2eCLct2GgI"""
"Oct 24, 2022 @ 23:14:47.612",filebeat-honeypot,"""ftp""","""SHA256:kOAWI6TohqpqkFc6K5Jr9o8jgzqHjDUCx2eCLct2GgI"""
"Oct 24, 2022 @ 23:14:47.612",filebeat-honeypot,"""ftp""","""SHA256:kOAWI6TohqpqkFc6K5Jr9o8jgzqHjDUCx2eCLct2GgI"""
"Oct 24, 2022 @ 23:14:45.611",filebeat-honeypot,"""ftp""","""SHA256:kOAWI6TohqpqkFc6K5Jr9o8jgzqHjDUCx2eCLct2GgI"""
"Oct 24, 2022 @ 23:14:45.611",filebeat-honeypot,"""ftp""","""SHA256:kOAWI6TohqpqkFc6K5Jr9o8jgzqHjDUCx2eCLct2GgI"""
"Oct 24, 2022 @ 23:14:45.611",filebeat-honeypot,"""ftp""","""SHA256:kOAWI6TohqpqkFc6K5Jr9o8jgzqHjDUCx2eCLct2GgI"""
"Oct 24, 2022 @ 23:14:45.611",filebeat-honeypot,"""ftp""","""SHA256:kOAWI6TohqpqkFc6K5Jr9o8jgzqHjDUCx2eCLct2GgI"""
"Oct 24, 2022 @ 23:14:43.611",filebeat-honeypot,"""db2inst1""","""SHA256:kOAWI6TohqpqkFc6K5Jr9o8jgzqHjDUCx2eCLct2GgI"""
"Oct 24, 2022 @ 23:14:43.611",filebeat-honeypot,"""ftp""","""SHA256:kOAWI6TohqpqkFc6K5Jr9o8jgzqHjDUCx2eCLct2GgI"""
"Oct 24, 2022 @ 23:14:43.611",filebeat-honeypot,"""ftp""","""SHA256:kOAWI6TohqpqkFc6K5Jr9o8jgzqHjDUCx2eCLct2GgI"""
"Oct 24, 2022 @ 23:14:43.611",filebeat-honeypot,"""ftp""","""SHA256:kOAWI6TohqpqkFc6K5Jr9o8jgzqHjDUCx2eCLct2GgI"""
"Oct 24, 2022 @ 23:14:41.609",filebeat-honeypot,"""db2inst1""","""SHA256:kOAWI6TohqpqkFc6K5Jr9o8jgzqHjDUCx2eCLct2GgI"""
"Oct 24, 2022 @ 23:14:41.609",filebeat-honeypot,"""db2inst1""","""SHA256:kOAWI6TohqpqkFc6K5Jr9o8jgzqHjDUCx2eCLct2GgI"""
"Oct 24, 2022 @ 23:14:41.609",filebeat-honeypot,"""db2inst1""","""SHA256:kOAWI6TohqpqkFc6K5Jr9o8jgzqHjDUCx2eCLct2GgI"""
"Oct 24, 2022 @ 23:14:41.609",filebeat-honeypot,"""db2inst1""","""SHA256:kOAWI6TohqpqkFc6K5Jr9o8jgzqHjDUCx2eCLct2GgI"""
"Oct 24, 2022 @ 23:14:39.607",filebeat-honeypot,"""db2inst1""","""SHA256:kOAWI6TohqpqkFc6K5Jr9o8jgzqHjDUCx2eCLct2GgI"""
"Oct 24, 2022 @ 23:14:39.607",filebeat-honeypot,"""db2inst1""","""SHA256:kOAWI6TohqpqkFc6K5Jr9o8jgzqHjDUCx2eCLct2GgI"""
"Oct 24, 2022 @ 23:14:39.607",filebeat-honeypot,"""db2inst1""","""SHA256:kOAWI6TohqpqkFc6K5Jr9o8jgzqHjDUCx2eCLct2GgI"""
"Oct 24, 2022 @ 23:14:39.607",filebeat-honeypot,"""db2inst1""","""SHA256:kOAWI6TohqpqkFc6K5Jr9o8jgzqHjDUCx2eCLct2GgI"""
"Oct 24, 2022 @ 23:14:37.604",filebeat-honeypot,"""db2inst1""","""SHA256:kOAWI6TohqpqkFc6K5Jr9o8jgzqHjDUCx2eCLct2GgI"""
"Oct 24, 2022 @ 23:14:37.604",filebeat-honeypot,"""db2inst1""","""SHA256:kOAWI6TohqpqkFc6K5Jr9o8jgzqHjDUCx2eCLct2GgI"""
"Oct 24, 2022 @ 23:14:37.604",filebeat-honeypot,"""db2inst1""","""SHA256:kOAWI6TohqpqkFc6K5Jr9o8jgzqHjDUCx2eCLct2GgI"""
"Oct 24, 2022 @ 23:14:37.604",filebeat-honeypot,"""db2inst1""","""SHA256:kOAWI6TohqpqkFc6K5Jr9o8jgzqHjDUCx2eCLct2GgI"""
"Oct 24, 2022 @ 23:14:35.602",filebeat-honeypot,"""db2inst1""","""SHA256:kOAWI6TohqpqkFc6K5Jr9o8jgzqHjDUCx2eCLct2GgI"""
"Oct 24, 2022 @ 23:14:35.602",filebeat-honeypot,"""db2inst1""","""SHA256:kOAWI6TohqpqkFc6K5Jr9o8jgzqHjDUCx2eCLct2GgI"""
"Oct 24, 2022 @ 23:14:35.602",filebeat-honeypot,"""db2inst1""","""SHA256:kOAWI6TohqpqkFc6K5Jr9o8jgzqHjDUCx2eCLct2GgI"""
"Oct 24, 2022 @ 23:14:35.602",filebeat-honeypot,"""db2inst1""","""SHA256:kOAWI6TohqpqkFc6K5Jr9o8jgzqHjDUCx2eCLct2GgI"""
"Oct 24, 2022 @ 23:14:33.591",filebeat-honeypot,"""db2inst1""","""SHA256:kOAWI6TohqpqkFc6K5Jr9o8jgzqHjDUCx2eCLct2GgI"""
"Oct 24, 2022 @ 23:14:33.591",filebeat-honeypot,"""db2inst1""","""SHA256:kOAWI6TohqpqkFc6K5Jr9o8jgzqHjDUCx2eCLct2GgI"""
"Oct 24, 2022 @ 23:14:33.591",filebeat-honeypot,"""db2inst1""","""SHA256:kOAWI6TohqpqkFc6K5Jr9o8jgzqHjDUCx2eCLct2GgI"""
"Oct 24, 2022 @ 23:14:33.591",filebeat-honeypot,"""db2inst1""","""SHA256:kOAWI6TohqpqkFc6K5Jr9o8jgzqHjDUCx2eCLct2GgI"""
"Oct 24, 2022 @ 23:14:31.590",filebeat-honeypot,"""db2inst1""","""SHA256:kOAWI6TohqpqkFc6K5Jr9o8jgzqHjDUCx2eCLct2GgI"""
"Oct 24, 2022 @ 23:14:31.590",filebeat-honeypot,"""db2inst1""","""SHA256:kOAWI6TohqpqkFc6K5Jr9o8jgzqHjDUCx2eCLct2GgI"""
"Oct 24, 2022 @ 23:14:31.590",filebeat-honeypot,"""db2inst1""","""SHA256:kOAWI6TohqpqkFc6K5Jr9o8jgzqHjDUCx2eCLct2GgI"""
"Oct 24, 2022 @ 23:14:31.590",filebeat-honeypot,"""db2inst1""","""SHA256:kOAWI6TohqpqkFc6K5Jr9o8jgzqHjDUCx2eCLct2GgI"""
"Oct 24, 2022 @ 23:14:29.590",filebeat-honeypot,"""daemon""","""SHA256:kOAWI6TohqpqkFc6K5Jr9o8jgzqHjDUCx2eCLct2GgI"""
"Oct 24, 2022 @ 23:14:29.590",filebeat-honeypot,"""daemon""","""SHA256:kOAWI6TohqpqkFc6K5Jr9o8jgzqHjDUCx2eCLct2GgI"""
"Oct 24, 2022 @ 23:14:29.590",filebeat-honeypot,"""daemon""","""SHA256:kOAWI6TohqpqkFc6K5Jr9o8jgzqHjDUCx2eCLct2GgI"""
"Oct 24, 2022 @ 23:14:29.590",filebeat-honeypot,"""db2inst1""","""SHA256:kOAWI6TohqpqkFc6K5Jr9o8jgzqHjDUCx2eCLct2GgI"""
"Oct 24, 2022 @ 23:14:27.589",filebeat-honeypot,"""daemon""","""SHA256:kOAWI6TohqpqkFc6K5Jr9o8jgzqHjDUCx2eCLct2GgI"""
"Oct 24, 2022 @ 23:14:27.589",filebeat-honeypot,"""daemon""","""SHA256:kOAWI6TohqpqkFc6K5Jr9o8jgzqHjDUCx2eCLct2GgI"""
"Oct 24, 2022 @ 23:14:27.589",filebeat-honeypot,"""daemon""","""SHA256:kOAWI6TohqpqkFc6K5Jr9o8jgzqHjDUCx2eCLct2GgI"""
"Oct 24, 2022 @ 23:14:27.589",filebeat-honeypot,"""daemon""","""SHA256:kOAWI6TohqpqkFc6K5Jr9o8jgzqHjDUCx2eCLct2GgI"""
"Oct 24, 2022 @ 23:14:25.589",filebeat-honeypot,"""daemon""","""SHA256:kOAWI6TohqpqkFc6K5Jr9o8jgzqHjDUCx2eCLct2GgI"""
"Oct 24, 2022 @ 23:14:25.589",filebeat-honeypot,"""daemon""","""SHA256:kOAWI6TohqpqkFc6K5Jr9o8jgzqHjDUCx2eCLct2GgI"""
"Oct 24, 2022 @ 23:14:25.589",filebeat-honeypot,"""daemon""","""SHA256:kOAWI6TohqpqkFc6K5Jr9o8jgzqHjDUCx2eCLct2GgI"""
"Oct 24, 2022 @ 23:14:25.589",filebeat-honeypot,"""daemon""","""SHA256:kOAWI6TohqpqkFc6K5Jr9o8jgzqHjDUCx2eCLct2GgI"""
"Oct 24, 2022 @ 23:14:23.588",filebeat-honeypot,"""daemon""","""SHA256:kOAWI6TohqpqkFc6K5Jr9o8jgzqHjDUCx2eCLct2GgI"""
"Oct 24, 2022 @ 23:14:23.588",filebeat-honeypot,"""daemon""","""SHA256:kOAWI6TohqpqkFc6K5Jr9o8jgzqHjDUCx2eCLct2GgI"""
"Oct 24, 2022 @ 23:14:23.588",filebeat-honeypot,"""daemon""","""SHA256:kOAWI6TohqpqkFc6K5Jr9o8jgzqHjDUCx2eCLct2GgI"""
"Oct 24, 2022 @ 23:14:23.588",filebeat-honeypot,"""daemon""","""SHA256:kOAWI6TohqpqkFc6K5Jr9o8jgzqHjDUCx2eCLct2GgI"""
"Oct 24, 2022 @ 23:14:21.588",filebeat-honeypot,"""daemon""","""SHA256:kOAWI6TohqpqkFc6K5Jr9o8jgzqHjDUCx2eCLct2GgI"""
"Oct 24, 2022 @ 23:14:21.588",filebeat-honeypot,"""daemon""","""SHA256:kOAWI6TohqpqkFc6K5Jr9o8jgzqHjDUCx2eCLct2GgI"""
"Oct 24, 2022 @ 23:14:21.588",filebeat-honeypot,"""daemon""","""SHA256:kOAWI6TohqpqkFc6K5Jr9o8jgzqHjDUCx2eCLct2GgI"""
"Oct 24, 2022 @ 23:14:21.588",filebeat-honeypot,"""daemon""","""SHA256:kOAWI6TohqpqkFc6K5Jr9o8jgzqHjDUCx2eCLct2GgI"""
"Oct 24, 2022 @ 23:14:21.588",filebeat-honeypot,"""daemon""","""SHA256:kOAWI6TohqpqkFc6K5Jr9o8jgzqHjDUCx2eCLct2GgI"""
"Oct 24, 2022 @ 23:14:19.587",filebeat-honeypot,"""daemon""","""SHA256:kOAWI6TohqpqkFc6K5Jr9o8jgzqHjDUCx2eCLct2GgI"""
"Oct 24, 2022 @ 23:14:19.587",filebeat-honeypot,"""daemon""","""SHA256:kOAWI6TohqpqkFc6K5Jr9o8jgzqHjDUCx2eCLct2GgI"""
"Oct 24, 2022 @ 23:14:19.587",filebeat-honeypot,"""daemon""","""SHA256:kOAWI6TohqpqkFc6K5Jr9o8jgzqHjDUCx2eCLct2GgI"""
"Oct 24, 2022 @ 23:14:19.587",filebeat-honeypot,"""daemon""","""SHA256:kOAWI6TohqpqkFc6K5Jr9o8jgzqHjDUCx2eCLct2GgI"""
"Oct 24, 2022 @ 23:14:19.587",filebeat-honeypot,"""daemon""","""SHA256:kOAWI6TohqpqkFc6K5Jr9o8jgzqHjDUCx2eCLct2GgI"""
"Oct 24, 2022 @ 23:14:19.587",filebeat-honeypot,"""daemon""","""SHA256:kOAWI6TohqpqkFc6K5Jr9o8jgzqHjDUCx2eCLct2GgI"""
"Oct 24, 2022 @ 23:14:17.586",filebeat-honeypot,"""cron""","""SHA256:kOAWI6TohqpqkFc6K5Jr9o8jgzqHjDUCx2eCLct2GgI"""
"Oct 24, 2022 @ 23:14:17.586",filebeat-honeypot,"""cron""","""SHA256:kOAWI6TohqpqkFc6K5Jr9o8jgzqHjDUCx2eCLct2GgI"""
"Oct 24, 2022 @ 23:14:17.586",filebeat-honeypot,"""cron""","""SHA256:kOAWI6TohqpqkFc6K5Jr9o8jgzqHjDUCx2eCLct2GgI"""
"Oct 24, 2022 @ 23:14:15.586",filebeat-honeypot,"""cron""","""SHA256:kOAWI6TohqpqkFc6K5Jr9o8jgzqHjDUCx2eCLct2GgI"""
"Oct 24, 2022 @ 23:14:15.586",filebeat-honeypot,"""cron""","""SHA256:kOAWI6TohqpqkFc6K5Jr9o8jgzqHjDUCx2eCLct2GgI"""
"Oct 24, 2022 @ 23:14:13.585",filebeat-honeypot,"""cron""","""SHA256:kOAWI6TohqpqkFc6K5Jr9o8jgzqHjDUCx2eCLct2GgI"""
"Oct 24, 2022 @ 23:14:13.585",filebeat-honeypot,"""cron""","""SHA256:kOAWI6TohqpqkFc6K5Jr9o8jgzqHjDUCx2eCLct2GgI"""
"Oct 24, 2022 @ 23:14:13.585",filebeat-honeypot,"""cron""","""SHA256:kOAWI6TohqpqkFc6K5Jr9o8jgzqHjDUCx2eCLct2GgI"""
"Oct 24, 2022 @ 23:14:11.585",filebeat-honeypot,"""cron""","""SHA256:kOAWI6TohqpqkFc6K5Jr9o8jgzqHjDUCx2eCLct2GgI"""
"Oct 24, 2022 @ 23:14:11.585",filebeat-honeypot,"""cron""","""SHA256:kOAWI6TohqpqkFc6K5Jr9o8jgzqHjDUCx2eCLct2GgI"""
"Oct 24, 2022 @ 23:14:11.585",filebeat-honeypot,"""cron""","""SHA256:kOAWI6TohqpqkFc6K5Jr9o8jgzqHjDUCx2eCLct2GgI"""
"Oct 24, 2022 @ 23:14:11.584",filebeat-honeypot,"""cron""","""SHA256:kOAWI6TohqpqkFc6K5Jr9o8jgzqHjDUCx2eCLct2GgI"""
"Oct 24, 2022 @ 23:14:09.583",filebeat-honeypot,"""cron""","""SHA256:kOAWI6TohqpqkFc6K5Jr9o8jgzqHjDUCx2eCLct2GgI"""
"Oct 24, 2022 @ 23:14:09.583",filebeat-honeypot,"""cron""","""SHA256:kOAWI6TohqpqkFc6K5Jr9o8jgzqHjDUCx2eCLct2GgI"""
"Oct 24, 2022 @ 23:14:09.583",filebeat-honeypot,"""cron""","""SHA256:kOAWI6TohqpqkFc6K5Jr9o8jgzqHjDUCx2eCLct2GgI"""
"Oct 24, 2022 @ 23:14:09.583",filebeat-honeypot,"""cron""","""SHA256:kOAWI6TohqpqkFc6K5Jr9o8jgzqHjDUCx2eCLct2GgI"""
"Oct 24, 2022 @ 23:14:07.582",filebeat-honeypot,"""cron""","""SHA256:kOAWI6TohqpqkFc6K5Jr9o8jgzqHjDUCx2eCLct2GgI"""
"Oct 24, 2022 @ 23:14:07.582",filebeat-honeypot,"""cron""","""SHA256:kOAWI6TohqpqkFc6K5Jr9o8jgzqHjDUCx2eCLct2GgI"""
"Oct 24, 2022 @ 23:14:07.582",filebeat-honeypot,"""cron""","""SHA256:kOAWI6TohqpqkFc6K5Jr9o8jgzqHjDUCx2eCLct2GgI"""
"Oct 24, 2022 @ 23:14:07.582",filebeat-honeypot,"""cron""","""SHA256:kOAWI6TohqpqkFc6K5Jr9o8jgzqHjDUCx2eCLct2GgI"""
"Oct 24, 2022 @ 23:14:05.582",filebeat-honeypot,"""cron""","""SHA256:kOAWI6TohqpqkFc6K5Jr9o8jgzqHjDUCx2eCLct2GgI"""
"Oct 24, 2022 @ 23:14:05.582",filebeat-honeypot,"""cron""","""SHA256:kOAWI6TohqpqkFc6K5Jr9o8jgzqHjDUCx2eCLct2GgI"""
"Oct 24, 2022 @ 23:14:05.582",filebeat-honeypot,"""cron""","""SHA256:kOAWI6TohqpqkFc6K5Jr9o8jgzqHjDUCx2eCLct2GgI"""
"Oct 24, 2022 @ 23:14:05.582",filebeat-honeypot,"""cron""","""SHA256:kOAWI6TohqpqkFc6K5Jr9o8jgzqHjDUCx2eCLct2GgI"""
"Oct 24, 2022 @ 23:14:03.581",filebeat-honeypot,"""bin""","""SHA256:kOAWI6TohqpqkFc6K5Jr9o8jgzqHjDUCx2eCLct2GgI"""
"Oct 24, 2022 @ 23:14:03.581",filebeat-honeypot,"""bin""","""SHA256:kOAWI6TohqpqkFc6K5Jr9o8jgzqHjDUCx2eCLct2GgI"""
"Oct 24, 2022 @ 23:14:03.581",filebeat-honeypot,"""cron""","""SHA256:kOAWI6TohqpqkFc6K5Jr9o8jgzqHjDUCx2eCLct2GgI"""
"Oct 24, 2022 @ 23:14:03.581",filebeat-honeypot,"""cron""","""SHA256:kOAWI6TohqpqkFc6K5Jr9o8jgzqHjDUCx2eCLct2GgI"""
"Oct 24, 2022 @ 23:14:01.580",filebeat-honeypot,"""bin""","""SHA256:kOAWI6TohqpqkFc6K5Jr9o8jgzqHjDUCx2eCLct2GgI"""
"Oct 24, 2022 @ 23:14:01.580",filebeat-honeypot,"""bin""","""SHA256:kOAWI6TohqpqkFc6K5Jr9o8jgzqHjDUCx2eCLct2GgI"""
"Oct 24, 2022 @ 23:14:01.580",filebeat-honeypot,"""bin""","""SHA256:kOAWI6TohqpqkFc6K5Jr9o8jgzqHjDUCx2eCLct2GgI"""
"Oct 24, 2022 @ 23:14:01.580",filebeat-honeypot,"""bin""","""SHA256:kOAWI6TohqpqkFc6K5Jr9o8jgzqHjDUCx2eCLct2GgI"""
"Oct 24, 2022 @ 23:13:59.580",filebeat-honeypot,"""bin""","""SHA256:kOAWI6TohqpqkFc6K5Jr9o8jgzqHjDUCx2eCLct2GgI"""
"Oct 24, 2022 @ 23:13:59.580",filebeat-honeypot,"""bin""","""SHA256:kOAWI6TohqpqkFc6K5Jr9o8jgzqHjDUCx2eCLct2GgI"""
"Oct 24, 2022 @ 23:13:59.580",filebeat-honeypot,"""bin""","""SHA256:kOAWI6TohqpqkFc6K5Jr9o8jgzqHjDUCx2eCLct2GgI"""
"Oct 24, 2022 @ 23:13:59.580",filebeat-honeypot,"""bin""","""SHA256:kOAWI6TohqpqkFc6K5Jr9o8jgzqHjDUCx2eCLct2GgI"""
"Oct 24, 2022 @ 23:13:57.579",filebeat-honeypot,"""bin""","""SHA256:kOAWI6TohqpqkFc6K5Jr9o8jgzqHjDUCx2eCLct2GgI"""
"Oct 24, 2022 @ 23:13:57.579",filebeat-honeypot,"""bin""","""SHA256:kOAWI6TohqpqkFc6K5Jr9o8jgzqHjDUCx2eCLct2GgI"""
"Oct 24, 2022 @ 23:13:57.579",filebeat-honeypot,"""bin""","""SHA256:kOAWI6TohqpqkFc6K5Jr9o8jgzqHjDUCx2eCLct2GgI"""
"Oct 24, 2022 @ 23:13:57.579",filebeat-honeypot,"""bin""","""SHA256:kOAWI6TohqpqkFc6K5Jr9o8jgzqHjDUCx2eCLct2GgI"""
"Oct 24, 2022 @ 23:13:55.578",filebeat-honeypot,"""bin""","""SHA256:kOAWI6TohqpqkFc6K5Jr9o8jgzqHjDUCx2eCLct2GgI"""
"Oct 24, 2022 @ 23:13:55.578",filebeat-honeypot,"""bin""","""SHA256:kOAWI6TohqpqkFc6K5Jr9o8jgzqHjDUCx2eCLct2GgI"""
"Oct 24, 2022 @ 23:13:55.578",filebeat-honeypot,"""bin""","""SHA256:kOAWI6TohqpqkFc6K5Jr9o8jgzqHjDUCx2eCLct2GgI"""
"Oct 24, 2022 @ 23:13:55.578",filebeat-honeypot,"""bin""","""SHA256:kOAWI6TohqpqkFc6K5Jr9o8jgzqHjDUCx2eCLct2GgI"""
"Oct 24, 2022 @ 23:13:53.577",filebeat-honeypot,"""bin""","""SHA256:kOAWI6TohqpqkFc6K5Jr9o8jgzqHjDUCx2eCLct2GgI"""
"Oct 24, 2022 @ 23:13:53.577",filebeat-honeypot,"""bin""","""SHA256:kOAWI6TohqpqkFc6K5Jr9o8jgzqHjDUCx2eCLct2GgI"""
"Oct 24, 2022 @ 23:13:53.576",filebeat-honeypot,"""bin""","""SHA256:kOAWI6TohqpqkFc6K5Jr9o8jgzqHjDUCx2eCLct2GgI"""
"Oct 24, 2022 @ 23:13:53.576",filebeat-honeypot,"""bin""","""SHA256:kOAWI6TohqpqkFc6K5Jr9o8jgzqHjDUCx2eCLct2GgI"""
"Oct 24, 2022 @ 23:13:51.575",filebeat-honeypot,"""bin""","""SHA256:kOAWI6TohqpqkFc6K5Jr9o8jgzqHjDUCx2eCLct2GgI"""
"Oct 24, 2022 @ 23:13:51.575",filebeat-honeypot,"""bin""","""SHA256:kOAWI6TohqpqkFc6K5Jr9o8jgzqHjDUCx2eCLct2GgI"""
"Oct 24, 2022 @ 23:13:51.575",filebeat-honeypot,"""bin""","""SHA256:kOAWI6TohqpqkFc6K5Jr9o8jgzqHjDUCx2eCLct2GgI"""
"Oct 24, 2022 @ 23:13:51.575",filebeat-honeypot,"""bin""","""SHA256:kOAWI6TohqpqkFc6K5Jr9o8jgzqHjDUCx2eCLct2GgI"""
"Oct 24, 2022 @ 23:13:49.573",filebeat-honeypot,"""backup""","""SHA256:kOAWI6TohqpqkFc6K5Jr9o8jgzqHjDUCx2eCLct2GgI"""
"Oct 24, 2022 @ 23:13:49.573",filebeat-honeypot,"""backup""","""SHA256:kOAWI6TohqpqkFc6K5Jr9o8jgzqHjDUCx2eCLct2GgI"""
"Oct 24, 2022 @ 23:13:49.573",filebeat-honeypot,"""backup""","""SHA256:kOAWI6TohqpqkFc6K5Jr9o8jgzqHjDUCx2eCLct2GgI"""
"Oct 24, 2022 @ 23:13:49.573",filebeat-honeypot,"""backup""","""SHA256:kOAWI6TohqpqkFc6K5Jr9o8jgzqHjDUCx2eCLct2GgI"""
"Oct 24, 2022 @ 23:13:47.573",filebeat-honeypot,"""backup""","""SHA256:kOAWI6TohqpqkFc6K5Jr9o8jgzqHjDUCx2eCLct2GgI"""
"Oct 24, 2022 @ 23:13:47.573",filebeat-honeypot,"""backup""","""SHA256:kOAWI6TohqpqkFc6K5Jr9o8jgzqHjDUCx2eCLct2GgI"""
"Oct 24, 2022 @ 23:13:47.573",filebeat-honeypot,"""backup""","""SHA256:kOAWI6TohqpqkFc6K5Jr9o8jgzqHjDUCx2eCLct2GgI"""
"Oct 24, 2022 @ 23:13:47.573",filebeat-honeypot,"""backup""","""SHA256:kOAWI6TohqpqkFc6K5Jr9o8jgzqHjDUCx2eCLct2GgI"""
"Oct 24, 2022 @ 23:13:45.573",filebeat-honeypot,"""backup""","""SHA256:kOAWI6TohqpqkFc6K5Jr9o8jgzqHjDUCx2eCLct2GgI"""
"Oct 24, 2022 @ 23:13:45.573",filebeat-honeypot,"""backup""","""SHA256:kOAWI6TohqpqkFc6K5Jr9o8jgzqHjDUCx2eCLct2GgI"""
"Oct 24, 2022 @ 23:13:45.573",filebeat-honeypot,"""backup""","""SHA256:kOAWI6TohqpqkFc6K5Jr9o8jgzqHjDUCx2eCLct2GgI"""
"Oct 24, 2022 @ 23:13:45.572",filebeat-honeypot,"""backup""","""SHA256:kOAWI6TohqpqkFc6K5Jr9o8jgzqHjDUCx2eCLct2GgI"""
"Oct 24, 2022 @ 23:13:43.571",filebeat-honeypot,"""backup""","""SHA256:kOAWI6TohqpqkFc6K5Jr9o8jgzqHjDUCx2eCLct2GgI"""
"Oct 24, 2022 @ 23:13:43.571",filebeat-honeypot,"""backup""","""SHA256:kOAWI6TohqpqkFc6K5Jr9o8jgzqHjDUCx2eCLct2GgI"""
"Oct 24, 2022 @ 23:13:43.571",filebeat-honeypot,"""backup""","""SHA256:kOAWI6TohqpqkFc6K5Jr9o8jgzqHjDUCx2eCLct2GgI"""
"Oct 24, 2022 @ 23:13:43.571",filebeat-honeypot,"""backup""","""SHA256:kOAWI6TohqpqkFc6K5Jr9o8jgzqHjDUCx2eCLct2GgI"""
"Oct 24, 2022 @ 23:13:41.570",filebeat-honeypot,"""backup""","""SHA256:kOAWI6TohqpqkFc6K5Jr9o8jgzqHjDUCx2eCLct2GgI"""
"Oct 24, 2022 @ 23:13:41.570",filebeat-honeypot,"""backup""","""SHA256:kOAWI6TohqpqkFc6K5Jr9o8jgzqHjDUCx2eCLct2GgI"""
"Oct 24, 2022 @ 23:13:41.570",filebeat-honeypot,"""backup""","""SHA256:kOAWI6TohqpqkFc6K5Jr9o8jgzqHjDUCx2eCLct2GgI"""
"Oct 24, 2022 @ 23:13:41.570",filebeat-honeypot,"""backup""","""SHA256:kOAWI6TohqpqkFc6K5Jr9o8jgzqHjDUCx2eCLct2GgI"""
"Oct 24, 2022 @ 23:13:39.569",filebeat-honeypot,"""backup""","""SHA256:kOAWI6TohqpqkFc6K5Jr9o8jgzqHjDUCx2eCLct2GgI"""
"Oct 24, 2022 @ 23:13:39.569",filebeat-honeypot,"""backup""","""SHA256:kOAWI6TohqpqkFc6K5Jr9o8jgzqHjDUCx2eCLct2GgI"""
"Oct 24, 2022 @ 23:13:39.569",filebeat-honeypot,"""backup""","""SHA256:kOAWI6TohqpqkFc6K5Jr9o8jgzqHjDUCx2eCLct2GgI"""
"Oct 24, 2022 @ 23:13:39.569",filebeat-honeypot,"""backup""","""SHA256:kOAWI6TohqpqkFc6K5Jr9o8jgzqHjDUCx2eCLct2GgI"""
"Oct 24, 2022 @ 23:13:37.569",filebeat-honeypot,"""at""","""SHA256:kOAWI6TohqpqkFc6K5Jr9o8jgzqHjDUCx2eCLct2GgI"""
"Oct 24, 2022 @ 23:13:37.569",filebeat-honeypot,"""at""","""SHA256:kOAWI6TohqpqkFc6K5Jr9o8jgzqHjDUCx2eCLct2GgI"""
"Oct 24, 2022 @ 23:13:37.569",filebeat-honeypot,"""backup""","""SHA256:kOAWI6TohqpqkFc6K5Jr9o8jgzqHjDUCx2eCLct2GgI"""
"Oct 24, 2022 @ 23:13:37.569",filebeat-honeypot,"""backup""","""SHA256:kOAWI6TohqpqkFc6K5Jr9o8jgzqHjDUCx2eCLct2GgI"""
"Oct 24, 2022 @ 23:13:35.568",filebeat-honeypot,"""at""","""SHA256:kOAWI6TohqpqkFc6K5Jr9o8jgzqHjDUCx2eCLct2GgI"""
"Oct 24, 2022 @ 23:13:35.568",filebeat-honeypot,"""at""","""SHA256:kOAWI6TohqpqkFc6K5Jr9o8jgzqHjDUCx2eCLct2GgI"""
"Oct 24, 2022 @ 23:13:35.568",filebeat-honeypot,"""at""","""SHA256:kOAWI6TohqpqkFc6K5Jr9o8jgzqHjDUCx2eCLct2GgI"""
"Oct 24, 2022 @ 23:13:35.568",filebeat-honeypot,"""at""","""SHA256:kOAWI6TohqpqkFc6K5Jr9o8jgzqHjDUCx2eCLct2GgI"""
"Oct 24, 2022 @ 23:13:33.567",filebeat-honeypot,"""at""","""SHA256:kOAWI6TohqpqkFc6K5Jr9o8jgzqHjDUCx2eCLct2GgI"""
"Oct 24, 2022 @ 23:13:33.567",filebeat-honeypot,"""at""","""SHA256:kOAWI6TohqpqkFc6K5Jr9o8jgzqHjDUCx2eCLct2GgI"""
"Oct 24, 2022 @ 23:13:33.567",filebeat-honeypot,"""at""","""SHA256:kOAWI6TohqpqkFc6K5Jr9o8jgzqHjDUCx2eCLct2GgI"""
"Oct 24, 2022 @ 23:13:33.567",filebeat-honeypot,"""at""","""SHA256:kOAWI6TohqpqkFc6K5Jr9o8jgzqHjDUCx2eCLct2GgI"""
"Oct 24, 2022 @ 23:13:31.566",filebeat-honeypot,"""at""","""SHA256:kOAWI6TohqpqkFc6K5Jr9o8jgzqHjDUCx2eCLct2GgI"""
"Oct 24, 2022 @ 23:13:31.566",filebeat-honeypot,"""at""","""SHA256:kOAWI6TohqpqkFc6K5Jr9o8jgzqHjDUCx2eCLct2GgI"""
"Oct 24, 2022 @ 23:13:31.566",filebeat-honeypot,"""at""","""SHA256:kOAWI6TohqpqkFc6K5Jr9o8jgzqHjDUCx2eCLct2GgI"""
"Oct 24, 2022 @ 23:13:31.566",filebeat-honeypot,"""at""","""SHA256:kOAWI6TohqpqkFc6K5Jr9o8jgzqHjDUCx2eCLct2GgI"""
"Oct 24, 2022 @ 23:13:29.566",filebeat-honeypot,"""at""","""SHA256:kOAWI6TohqpqkFc6K5Jr9o8jgzqHjDUCx2eCLct2GgI"""
"Oct 24, 2022 @ 23:13:29.566",filebeat-honeypot,"""at""","""SHA256:kOAWI6TohqpqkFc6K5Jr9o8jgzqHjDUCx2eCLct2GgI"""
"Oct 24, 2022 @ 23:13:29.566",filebeat-honeypot,"""at""","""SHA256:kOAWI6TohqpqkFc6K5Jr9o8jgzqHjDUCx2eCLct2GgI"""
"Oct 24, 2022 @ 23:13:29.566",filebeat-honeypot,"""at""","""SHA256:kOAWI6TohqpqkFc6K5Jr9o8jgzqHjDUCx2eCLct2GgI"""
"Oct 24, 2022 @ 23:13:27.564",filebeat-honeypot,"""at""","""SHA256:kOAWI6TohqpqkFc6K5Jr9o8jgzqHjDUCx2eCLct2GgI"""
"Oct 24, 2022 @ 23:13:27.564",filebeat-honeypot,"""at""","""SHA256:kOAWI6TohqpqkFc6K5Jr9o8jgzqHjDUCx2eCLct2GgI"""
"Oct 24, 2022 @ 23:13:27.564",filebeat-honeypot,"""at""","""SHA256:kOAWI6TohqpqkFc6K5Jr9o8jgzqHjDUCx2eCLct2GgI"""
"Oct 24, 2022 @ 23:13:27.564",filebeat-honeypot,"""at""","""SHA256:kOAWI6TohqpqkFc6K5Jr9o8jgzqHjDUCx2eCLct2GgI"""
"Oct 24, 2022 @ 23:13:25.563",filebeat-honeypot,"""at""","""SHA256:kOAWI6TohqpqkFc6K5Jr9o8jgzqHjDUCx2eCLct2GgI"""
"Oct 24, 2022 @ 23:13:25.563",filebeat-honeypot,"""at""","""SHA256:kOAWI6TohqpqkFc6K5Jr9o8jgzqHjDUCx2eCLct2GgI"""
"Oct 24, 2022 @ 23:13:25.563",filebeat-honeypot,"""at""","""SHA256:kOAWI6TohqpqkFc6K5Jr9o8jgzqHjDUCx2eCLct2GgI"""
"Oct 24, 2022 @ 23:13:25.563",filebeat-honeypot,"""at""","""SHA256:kOAWI6TohqpqkFc6K5Jr9o8jgzqHjDUCx2eCLct2GgI"""
"Oct 24, 2022 @ 23:13:23.563",filebeat-honeypot,"""apache""","""SHA256:kOAWI6TohqpqkFc6K5Jr9o8jgzqHjDUCx2eCLct2GgI"""
"Oct 24, 2022 @ 23:13:23.563",filebeat-honeypot,"""apache""","""SHA256:kOAWI6TohqpqkFc6K5Jr9o8jgzqHjDUCx2eCLct2GgI"""
"Oct 24, 2022 @ 23:13:23.563",filebeat-honeypot,"""apache""","""SHA256:kOAWI6TohqpqkFc6K5Jr9o8jgzqHjDUCx2eCLct2GgI"""
"Oct 24, 2022 @ 23:13:23.563",filebeat-honeypot,"""apache""","""SHA256:kOAWI6TohqpqkFc6K5Jr9o8jgzqHjDUCx2eCLct2GgI"""
"Oct 24, 2022 @ 23:13:21.561",filebeat-honeypot,"""apache""","""SHA256:kOAWI6TohqpqkFc6K5Jr9o8jgzqHjDUCx2eCLct2GgI"""
"Oct 24, 2022 @ 23:13:21.561",filebeat-honeypot,"""apache""","""SHA256:kOAWI6TohqpqkFc6K5Jr9o8jgzqHjDUCx2eCLct2GgI"""
"Oct 24, 2022 @ 23:13:21.561",filebeat-honeypot,"""apache""","""SHA256:kOAWI6TohqpqkFc6K5Jr9o8jgzqHjDUCx2eCLct2GgI"""
"Oct 24, 2022 @ 23:13:21.561",filebeat-honeypot,"""apache""","""SHA256:kOAWI6TohqpqkFc6K5Jr9o8jgzqHjDUCx2eCLct2GgI"""
"Oct 24, 2022 @ 23:13:19.561",filebeat-honeypot,"""apache""","""SHA256:kOAWI6TohqpqkFc6K5Jr9o8jgzqHjDUCx2eCLct2GgI"""
"Oct 24, 2022 @ 23:13:19.561",filebeat-honeypot,"""apache""","""SHA256:kOAWI6TohqpqkFc6K5Jr9o8jgzqHjDUCx2eCLct2GgI"""
"Oct 24, 2022 @ 23:13:19.561",filebeat-honeypot,"""apache""","""SHA256:kOAWI6TohqpqkFc6K5Jr9o8jgzqHjDUCx2eCLct2GgI"""
"Oct 24, 2022 @ 23:13:19.561",filebeat-honeypot,"""apache""","""SHA256:kOAWI6TohqpqkFc6K5Jr9o8jgzqHjDUCx2eCLct2GgI"""
"Oct 24, 2022 @ 23:13:17.560",filebeat-honeypot,"""apache""","""SHA256:kOAWI6TohqpqkFc6K5Jr9o8jgzqHjDUCx2eCLct2GgI"""
"Oct 24, 2022 @ 23:13:17.560",filebeat-honeypot,"""apache""","""SHA256:kOAWI6TohqpqkFc6K5Jr9o8jgzqHjDUCx2eCLct2GgI"""
"Oct 24, 2022 @ 23:13:17.560",filebeat-honeypot,"""apache""","""SHA256:kOAWI6TohqpqkFc6K5Jr9o8jgzqHjDUCx2eCLct2GgI"""
"Oct 24, 2022 @ 23:13:17.560",filebeat-honeypot,"""apache""","""SHA256:kOAWI6TohqpqkFc6K5Jr9o8jgzqHjDUCx2eCLct2GgI"""
"Oct 24, 2022 @ 23:13:15.560",filebeat-honeypot,"""apache""","""SHA256:kOAWI6TohqpqkFc6K5Jr9o8jgzqHjDUCx2eCLct2GgI"""
"Oct 24, 2022 @ 23:13:15.560",filebeat-honeypot,"""apache""","""SHA256:kOAWI6TohqpqkFc6K5Jr9o8jgzqHjDUCx2eCLct2GgI"""
"Oct 24, 2022 @ 23:13:15.560",filebeat-honeypot,"""apache""","""SHA256:kOAWI6TohqpqkFc6K5Jr9o8jgzqHjDUCx2eCLct2GgI"""
"Oct 24, 2022 @ 23:13:15.559",filebeat-honeypot,"""apache""","""SHA256:kOAWI6TohqpqkFc6K5Jr9o8jgzqHjDUCx2eCLct2GgI"""
"Oct 24, 2022 @ 23:13:13.559",filebeat-honeypot,"""apache""","""SHA256:kOAWI6TohqpqkFc6K5Jr9o8jgzqHjDUCx2eCLct2GgI"""
"Oct 24, 2022 @ 23:13:13.559",filebeat-honeypot,"""apache""","""SHA256:kOAWI6TohqpqkFc6K5Jr9o8jgzqHjDUCx2eCLct2GgI"""
"Oct 24, 2022 @ 23:13:13.559",filebeat-honeypot,"""apache""","""SHA256:kOAWI6TohqpqkFc6K5Jr9o8jgzqHjDUCx2eCLct2GgI"""
"Oct 24, 2022 @ 23:13:13.559",filebeat-honeypot,"""apache""","""SHA256:kOAWI6TohqpqkFc6K5Jr9o8jgzqHjDUCx2eCLct2GgI"""
"Oct 24, 2022 @ 23:13:11.558",filebeat-honeypot,"""alice""","""SHA256:kOAWI6TohqpqkFc6K5Jr9o8jgzqHjDUCx2eCLct2GgI"""
"Oct 24, 2022 @ 23:13:11.558",filebeat-honeypot,"""alice""","""SHA256:kOAWI6TohqpqkFc6K5Jr9o8jgzqHjDUCx2eCLct2GgI"""
"Oct 24, 2022 @ 23:13:11.558",filebeat-honeypot,"""alice""","""SHA256:kOAWI6TohqpqkFc6K5Jr9o8jgzqHjDUCx2eCLct2GgI"""
"Oct 24, 2022 @ 23:13:11.558",filebeat-honeypot,"""alice""","""SHA256:kOAWI6TohqpqkFc6K5Jr9o8jgzqHjDUCx2eCLct2GgI"""
"Oct 24, 2022 @ 23:13:11.558",filebeat-honeypot,"""alice""","""SHA256:kOAWI6TohqpqkFc6K5Jr9o8jgzqHjDUCx2eCLct2GgI"""
"Oct 24, 2022 @ 23:13:11.558",filebeat-honeypot,"""apache""","""SHA256:kOAWI6TohqpqkFc6K5Jr9o8jgzqHjDUCx2eCLct2GgI"""
"Oct 24, 2022 @ 23:13:11.558",filebeat-honeypot,"""apache""","""SHA256:kOAWI6TohqpqkFc6K5Jr9o8jgzqHjDUCx2eCLct2GgI"""
"Oct 24, 2022 @ 23:13:09.557",filebeat-honeypot,"""alice""","""SHA256:kOAWI6TohqpqkFc6K5Jr9o8jgzqHjDUCx2eCLct2GgI"""
"Oct 24, 2022 @ 23:13:09.557",filebeat-honeypot,"""alice""","""SHA256:kOAWI6TohqpqkFc6K5Jr9o8jgzqHjDUCx2eCLct2GgI"""
"Oct 24, 2022 @ 23:13:09.557",filebeat-honeypot,"""alice""","""SHA256:kOAWI6TohqpqkFc6K5Jr9o8jgzqHjDUCx2eCLct2GgI"""
"Oct 24, 2022 @ 23:13:09.557",filebeat-honeypot,"""alice""","""SHA256:kOAWI6TohqpqkFc6K5Jr9o8jgzqHjDUCx2eCLct2GgI"""
"Oct 24, 2022 @ 23:13:09.557",filebeat-honeypot,"""alice""","""SHA256:kOAWI6TohqpqkFc6K5Jr9o8jgzqHjDUCx2eCLct2GgI"""
"Oct 24, 2022 @ 23:13:09.557",filebeat-honeypot,"""alice""","""SHA256:kOAWI6TohqpqkFc6K5Jr9o8jgzqHjDUCx2eCLct2GgI"""
"Oct 24, 2022 @ 23:13:09.557",filebeat-honeypot,"""alice""","""SHA256:kOAWI6TohqpqkFc6K5Jr9o8jgzqHjDUCx2eCLct2GgI"""
"Oct 24, 2022 @ 23:13:07.556",filebeat-honeypot,"""alice""","""SHA256:kOAWI6TohqpqkFc6K5Jr9o8jgzqHjDUCx2eCLct2GgI"""
"Oct 24, 2022 @ 23:13:07.556",filebeat-honeypot,"""alice""","""SHA256:kOAWI6TohqpqkFc6K5Jr9o8jgzqHjDUCx2eCLct2GgI"""
"Oct 24, 2022 @ 23:13:07.556",filebeat-honeypot,"""alice""","""SHA256:kOAWI6TohqpqkFc6K5Jr9o8jgzqHjDUCx2eCLct2GgI"""
"Oct 24, 2022 @ 23:13:07.556",filebeat-honeypot,"""alice""","""SHA256:kOAWI6TohqpqkFc6K5Jr9o8jgzqHjDUCx2eCLct2GgI"""
"Oct 24, 2022 @ 23:13:05.555",filebeat-honeypot,"""alice""","""SHA256:kOAWI6TohqpqkFc6K5Jr9o8jgzqHjDUCx2eCLct2GgI"""
"Oct 24, 2022 @ 23:13:05.555",filebeat-honeypot,"""alice""","""SHA256:kOAWI6TohqpqkFc6K5Jr9o8jgzqHjDUCx2eCLct2GgI"""
"Oct 24, 2022 @ 23:13:03.555",filebeat-honeypot,"""alice""","""SHA256:kOAWI6TohqpqkFc6K5Jr9o8jgzqHjDUCx2eCLct2GgI"""
"Oct 24, 2022 @ 23:13:03.555",filebeat-honeypot,"""alice""","""SHA256:kOAWI6TohqpqkFc6K5Jr9o8jgzqHjDUCx2eCLct2GgI"""
"Oct 24, 2022 @ 23:13:03.554",filebeat-honeypot,"""alice""","""SHA256:kOAWI6TohqpqkFc6K5Jr9o8jgzqHjDUCx2eCLct2GgI"""
"Oct 24, 2022 @ 23:13:01.554",filebeat-honeypot,"""alice""","""SHA256:kOAWI6TohqpqkFc6K5Jr9o8jgzqHjDUCx2eCLct2GgI"""
"Oct 24, 2022 @ 23:13:01.554",filebeat-honeypot,"""alice""","""SHA256:kOAWI6TohqpqkFc6K5Jr9o8jgzqHjDUCx2eCLct2GgI"""
"Oct 24, 2022 @ 23:12:59.552",filebeat-honeypot,"""administrator""","""SHA256:kOAWI6TohqpqkFc6K5Jr9o8jgzqHjDUCx2eCLct2GgI"""
"Oct 24, 2022 @ 23:12:59.552",filebeat-honeypot,"""administrator""","""SHA256:kOAWI6TohqpqkFc6K5Jr9o8jgzqHjDUCx2eCLct2GgI"""
"Oct 24, 2022 @ 23:12:59.552",filebeat-honeypot,"""administrator""","""SHA256:kOAWI6TohqpqkFc6K5Jr9o8jgzqHjDUCx2eCLct2GgI"""
"Oct 24, 2022 @ 23:12:59.552",filebeat-honeypot,"""alice""","""SHA256:kOAWI6TohqpqkFc6K5Jr9o8jgzqHjDUCx2eCLct2GgI"""
"Oct 24, 2022 @ 23:12:59.552",filebeat-honeypot,"""alice""","""SHA256:kOAWI6TohqpqkFc6K5Jr9o8jgzqHjDUCx2eCLct2GgI"""
"Oct 24, 2022 @ 23:12:59.552",filebeat-honeypot,"""alice""","""SHA256:kOAWI6TohqpqkFc6K5Jr9o8jgzqHjDUCx2eCLct2GgI"""
"Oct 24, 2022 @ 23:12:57.551",filebeat-honeypot,"""administrator""","""SHA256:kOAWI6TohqpqkFc6K5Jr9o8jgzqHjDUCx2eCLct2GgI"""
"Oct 24, 2022 @ 23:12:57.551",filebeat-honeypot,"""administrator""","""SHA256:kOAWI6TohqpqkFc6K5Jr9o8jgzqHjDUCx2eCLct2GgI"""
"Oct 24, 2022 @ 23:12:57.551",filebeat-honeypot,"""administrator""","""SHA256:kOAWI6TohqpqkFc6K5Jr9o8jgzqHjDUCx2eCLct2GgI"""
"Oct 24, 2022 @ 23:12:57.551",filebeat-honeypot,"""administrator""","""SHA256:kOAWI6TohqpqkFc6K5Jr9o8jgzqHjDUCx2eCLct2GgI"""
"Oct 24, 2022 @ 23:12:57.551",filebeat-honeypot,"""administrator""","""SHA256:kOAWI6TohqpqkFc6K5Jr9o8jgzqHjDUCx2eCLct2GgI"""
"Oct 24, 2022 @ 23:12:55.550",filebeat-honeypot,"""administrator""","""SHA256:kOAWI6TohqpqkFc6K5Jr9o8jgzqHjDUCx2eCLct2GgI"""
"Oct 24, 2022 @ 23:12:55.550",filebeat-honeypot,"""administrator""","""SHA256:kOAWI6TohqpqkFc6K5Jr9o8jgzqHjDUCx2eCLct2GgI"""
"Oct 24, 2022 @ 23:12:55.550",filebeat-honeypot,"""administrator""","""SHA256:kOAWI6TohqpqkFc6K5Jr9o8jgzqHjDUCx2eCLct2GgI"""
"Oct 24, 2022 @ 23:12:53.547",filebeat-honeypot,"""administrator""","""SHA256:kOAWI6TohqpqkFc6K5Jr9o8jgzqHjDUCx2eCLct2GgI"""
"Oct 24, 2022 @ 23:12:53.547",filebeat-honeypot,"""administrator""","""SHA256:kOAWI6TohqpqkFc6K5Jr9o8jgzqHjDUCx2eCLct2GgI"""
"Oct 24, 2022 @ 23:12:51.544",filebeat-honeypot,"""administrator""","""SHA256:kOAWI6TohqpqkFc6K5Jr9o8jgzqHjDUCx2eCLct2GgI"""
"Oct 24, 2022 @ 23:12:51.544",filebeat-honeypot,"""administrator""","""SHA256:kOAWI6TohqpqkFc6K5Jr9o8jgzqHjDUCx2eCLct2GgI"""
"Oct 24, 2022 @ 23:12:51.544",filebeat-honeypot,"""administrator""","""SHA256:kOAWI6TohqpqkFc6K5Jr9o8jgzqHjDUCx2eCLct2GgI"""
"Oct 24, 2022 @ 23:12:49.531",filebeat-honeypot,"""administrator""","""SHA256:kOAWI6TohqpqkFc6K5Jr9o8jgzqHjDUCx2eCLct2GgI"""
"Oct 24, 2022 @ 23:12:49.530",filebeat-honeypot,"""administrator""","""SHA256:kOAWI6TohqpqkFc6K5Jr9o8jgzqHjDUCx2eCLct2GgI"""
"Oct 24, 2022 @ 23:12:47.530",filebeat-honeypot,"""administrator""","""SHA256:kOAWI6TohqpqkFc6K5Jr9o8jgzqHjDUCx2eCLct2GgI"""
"Oct 24, 2022 @ 23:12:47.530",filebeat-honeypot,"""administrator""","""SHA256:kOAWI6TohqpqkFc6K5Jr9o8jgzqHjDUCx2eCLct2GgI"""
"Oct 24, 2022 @ 23:12:47.530",filebeat-honeypot,"""administrator""","""SHA256:kOAWI6TohqpqkFc6K5Jr9o8jgzqHjDUCx2eCLct2GgI"""
"Oct 24, 2022 @ 23:12:47.530",filebeat-honeypot,"""administrator""","""SHA256:kOAWI6TohqpqkFc6K5Jr9o8jgzqHjDUCx2eCLct2GgI"""
"Oct 24, 2022 @ 23:12:45.529",filebeat-honeypot,"""administrator""","""SHA256:kOAWI6TohqpqkFc6K5Jr9o8jgzqHjDUCx2eCLct2GgI"""
"Oct 24, 2022 @ 23:12:45.529",filebeat-honeypot,"""administrator""","""SHA256:kOAWI6TohqpqkFc6K5Jr9o8jgzqHjDUCx2eCLct2GgI"""
"Oct 24, 2022 @ 23:12:45.529",filebeat-honeypot,"""administrator""","""SHA256:kOAWI6TohqpqkFc6K5Jr9o8jgzqHjDUCx2eCLct2GgI"""
"Oct 24, 2022 @ 23:12:45.529",filebeat-honeypot,"""administrator""","""SHA256:kOAWI6TohqpqkFc6K5Jr9o8jgzqHjDUCx2eCLct2GgI"""
"Oct 24, 2022 @ 23:12:43.529",filebeat-honeypot,"""adm""","""SHA256:kOAWI6TohqpqkFc6K5Jr9o8jgzqHjDUCx2eCLct2GgI"""
"Oct 24, 2022 @ 23:12:43.529",filebeat-honeypot,"""adm""","""SHA256:kOAWI6TohqpqkFc6K5Jr9o8jgzqHjDUCx2eCLct2GgI"""
"Oct 24, 2022 @ 23:12:43.529",filebeat-honeypot,"""adm""","""SHA256:kOAWI6TohqpqkFc6K5Jr9o8jgzqHjDUCx2eCLct2GgI"""
"Oct 24, 2022 @ 23:12:43.529",filebeat-honeypot,"""adm""","""SHA256:kOAWI6TohqpqkFc6K5Jr9o8jgzqHjDUCx2eCLct2GgI"""
"Oct 24, 2022 @ 23:12:41.528",filebeat-honeypot,"""adm""","""SHA256:kOAWI6TohqpqkFc6K5Jr9o8jgzqHjDUCx2eCLct2GgI"""
"Oct 24, 2022 @ 23:12:41.528",filebeat-honeypot,"""adm""","""SHA256:kOAWI6TohqpqkFc6K5Jr9o8jgzqHjDUCx2eCLct2GgI"""
"Oct 24, 2022 @ 23:12:41.528",filebeat-honeypot,"""adm""","""SHA256:kOAWI6TohqpqkFc6K5Jr9o8jgzqHjDUCx2eCLct2GgI"""
"Oct 24, 2022 @ 23:12:41.528",filebeat-honeypot,"""adm""","""SHA256:kOAWI6TohqpqkFc6K5Jr9o8jgzqHjDUCx2eCLct2GgI"""
"Oct 24, 2022 @ 23:12:39.526",filebeat-honeypot,"""adm""","""SHA256:kOAWI6TohqpqkFc6K5Jr9o8jgzqHjDUCx2eCLct2GgI"""
"Oct 24, 2022 @ 23:12:39.526",filebeat-honeypot,"""adm""","""SHA256:kOAWI6TohqpqkFc6K5Jr9o8jgzqHjDUCx2eCLct2GgI"""
"Oct 24, 2022 @ 23:12:39.526",filebeat-honeypot,"""adm""","""SHA256:kOAWI6TohqpqkFc6K5Jr9o8jgzqHjDUCx2eCLct2GgI"""
"Oct 24, 2022 @ 23:12:39.526",filebeat-honeypot,"""adm""","""SHA256:kOAWI6TohqpqkFc6K5Jr9o8jgzqHjDUCx2eCLct2GgI"""
"Oct 24, 2022 @ 23:12:39.526",filebeat-honeypot,"""adm""","""SHA256:kOAWI6TohqpqkFc6K5Jr9o8jgzqHjDUCx2eCLct2GgI"""
"Oct 24, 2022 @ 23:12:37.525",filebeat-honeypot,"""adm""","""SHA256:kOAWI6TohqpqkFc6K5Jr9o8jgzqHjDUCx2eCLct2GgI"""
"Oct 24, 2022 @ 23:12:37.525",filebeat-honeypot,"""adm""","""SHA256:kOAWI6TohqpqkFc6K5Jr9o8jgzqHjDUCx2eCLct2GgI"""
"Oct 24, 2022 @ 23:12:37.525",filebeat-honeypot,"""adm""","""SHA256:kOAWI6TohqpqkFc6K5Jr9o8jgzqHjDUCx2eCLct2GgI"""
"Oct 24, 2022 @ 23:12:35.524",filebeat-honeypot,"""adm""","""SHA256:kOAWI6TohqpqkFc6K5Jr9o8jgzqHjDUCx2eCLct2GgI"""
"Oct 24, 2022 @ 23:12:35.524",filebeat-honeypot,"""adm""","""SHA256:kOAWI6TohqpqkFc6K5Jr9o8jgzqHjDUCx2eCLct2GgI"""
"Oct 24, 2022 @ 23:12:35.524",filebeat-honeypot,"""adm""","""SHA256:kOAWI6TohqpqkFc6K5Jr9o8jgzqHjDUCx2eCLct2GgI"""
"Oct 24, 2022 @ 23:12:35.524",filebeat-honeypot,"""adm""","""SHA256:kOAWI6TohqpqkFc6K5Jr9o8jgzqHjDUCx2eCLct2GgI"""
"Oct 24, 2022 @ 23:12:35.524",filebeat-honeypot,"""adm""","""SHA256:kOAWI6TohqpqkFc6K5Jr9o8jgzqHjDUCx2eCLct2GgI"""
"Oct 24, 2022 @ 23:12:35.524",filebeat-honeypot,"""adm""","""SHA256:kOAWI6TohqpqkFc6K5Jr9o8jgzqHjDUCx2eCLct2GgI"""
"Oct 24, 2022 @ 23:12:35.524",filebeat-honeypot,"""adm""","""SHA256:kOAWI6TohqpqkFc6K5Jr9o8jgzqHjDUCx2eCLct2GgI"""
"Oct 24, 2022 @ 23:12:35.524",filebeat-honeypot,"""adm""","""SHA256:kOAWI6TohqpqkFc6K5Jr9o8jgzqHjDUCx2eCLct2GgI"""
"Oct 24, 2022 @ 23:12:35.524",filebeat-honeypot,"""adm""","""SHA256:kOAWI6TohqpqkFc6K5Jr9o8jgzqHjDUCx2eCLct2GgI"""
"Oct 24, 2022 @ 23:12:35.516",filebeat-honeypot,"""adm""","""SHA256:kOAWI6TohqpqkFc6K5Jr9o8jgzqHjDUCx2eCLct2GgI"""
