"@timestamp","_id","_index","_score","agent.ephemeral_id","agent.hostname","agent.id","agent.name","agent.type","agent.version","ecs.version","event.category","event.created","event.dataset","event.ingested","event.kind","event.module","event.original","event.outcome","fileset.name","host.architecture","host.containerized","host.hostname","host.id","host.ip","host.mac","host.name","host.os.codename","host.os.family","host.os.kernel","host.os.name","host.os.name.text","host.os.platform","host.os.type","host.os.version","http.request.method","http.request.referrer","http.response.body.bytes","http.response.status_code","http.version","input.type","log.file.path","log.offset","service.type","source.address","source.as.number","source.as.organization.name","source.as.organization.name.text","source.geo.city_name","source.geo.continent_name","source.geo.country_iso_code","source.geo.country_name","source.geo.location","source.geo.region_iso_code","source.geo.region_name","source.ip","traefik.access.geoip.city_name","traefik.access.geoip.continent_name","traefik.access.geoip.country_iso_code","traefik.access.geoip.location","traefik.access.geoip.region_iso_code","traefik.access.geoip.region_name","traefik.access.user_agent.name","traefik.access.user_agent.original","traefik.access.user_agent.os_name","url.extension","url.original","url.original.text","url.path","url.query","user.name","user.name.text","user_agent.device.name","user_agent.name","user_agent.original","user_agent.original.text","user_agent.os.name","user_agent.os.name.text","user_agent.version"
"Oct 24, 2022 @ 23:30:08.000",NuCdCoQBDsc6tFfSopQY,".ds-filebeat-8.4.3-2022.10.24-000001","-","71df9d48-1d5b-48bc-9d0b-4c069d92c8ca","dvwa_web","8d42cf34-4f58-4413-b965-cf6afa6eb26b","dvwa_web",filebeat,"8.4.3","1.12.0",web,"Oct 24, 2022 @ 23:30:12.653","apache.access","Oct 24, 2022 @ 23:30:13.655",event,apache,"123.123.123.3 - - [24/Oct/2022:23:30:08 +0800] ""GET /login.php HTTP/1.1"" 200 1181 ""-"" ""Mozilla/5.0 (X11; Ubuntu; Linux x86_64; rv:105.0) Gecko/20100101 Firefox/105.0""",success,access,"x86_64",false,"dvwa_web",bc7bc6b9453f4089b9bfee6b38b5fc6f,"123.123.123.123, 10.10.10.10","02:42:0a:0a:0a:0a, 02:42:7b:7b:7b:7b","dvwa_web",bullseye,debian,"5.15.0-52-generic","Debian GNU/Linux","Debian GNU/Linux",debian,linux,"11 (bullseye)",GET,"-","1,181",200,"1.1",log,"/var/log/apache2/access.log","93,185",apache,"123.123.123.3","4,808","China Unicom Beijing Province Network","China Unicom Beijing Province Network",Beijing,Asia,CN,China,"POINT (116.3861 39.9143)","CN-BJ",Beijing,"123.123.123.3",Beijing,Asia,CN,"POINT (116.3861 39.9143)","CN-BJ",Beijing,Firefox,"Mozilla/5.0 (X11; Ubuntu; Linux x86_64; rv:105.0) Gecko/20100101 Firefox/105.0",Ubuntu,php,"/login.php","/login.php","/login.php","-","-","-",Other,Firefox,"Mozilla/5.0 (X11; Ubuntu; Linux x86_64; rv:105.0) Gecko/20100101 Firefox/105.0","Mozilla/5.0 (X11; Ubuntu; Linux x86_64; rv:105.0) Gecko/20100101 Firefox/105.0",Ubuntu,Ubuntu,"105.0."
"Oct 24, 2022 @ 23:30:08.000","N-CdCoQBDsc6tFfSopQY",".ds-filebeat-8.4.3-2022.10.24-000001","-","71df9d48-1d5b-48bc-9d0b-4c069d92c8ca","dvwa_web","8d42cf34-4f58-4413-b965-cf6afa6eb26b","dvwa_web",filebeat,"8.4.3","1.12.0",web,"Oct 24, 2022 @ 23:30:12.653","apache.access","Oct 24, 2022 @ 23:30:13.655",event,apache,"123.123.123.3 - - [24/Oct/2022:23:30:08 +0800] ""POST /login.php HTTP/1.1"" 302 363 ""-"" ""Mozilla/5.0 (X11; Ubuntu; Linux x86_64; rv:105.0) Gecko/20100101 Firefox/105.0""",success,access,"x86_64",false,"dvwa_web",bc7bc6b9453f4089b9bfee6b38b5fc6f,"123.123.123.123, 10.10.10.10","02:42:0a:0a:0a:0a, 02:42:7b:7b:7b:7b","dvwa_web",bullseye,debian,"5.15.0-52-generic","Debian GNU/Linux","Debian GNU/Linux",debian,linux,"11 (bullseye)",POST,"-",363,302,"1.1",log,"/var/log/apache2/access.log","93,352",apache,"123.123.123.3","4,808","China Unicom Beijing Province Network","China Unicom Beijing Province Network",Beijing,Asia,CN,China,"POINT (116.3861 39.9143)","CN-BJ",Beijing,"123.123.123.3",Beijing,Asia,CN,"POINT (116.3861 39.9143)","CN-BJ",Beijing,Firefox,"Mozilla/5.0 (X11; Ubuntu; Linux x86_64; rv:105.0) Gecko/20100101 Firefox/105.0",Ubuntu,php,"/login.php","/login.php","/login.php","-","-","-",Other,Firefox,"Mozilla/5.0 (X11; Ubuntu; Linux x86_64; rv:105.0) Gecko/20100101 Firefox/105.0","Mozilla/5.0 (X11; Ubuntu; Linux x86_64; rv:105.0) Gecko/20100101 Firefox/105.0",Ubuntu,Ubuntu,"105.0."
"Oct 24, 2022 @ 23:30:08.000",OOCdCoQBDsc6tFfSopQY,".ds-filebeat-8.4.3-2022.10.24-000001","-","71df9d48-1d5b-48bc-9d0b-4c069d92c8ca","dvwa_web","8d42cf34-4f58-4413-b965-cf6afa6eb26b","dvwa_web",filebeat,"8.4.3","1.12.0",web,"Oct 24, 2022 @ 23:30:12.653","apache.access","Oct 24, 2022 @ 23:30:13.656",event,apache,"123.123.123.3 - - [24/Oct/2022:23:30:08 +0800] ""GET /index.php HTTP/1.1"" 200 2908 ""-"" ""Mozilla/5.0 (X11; Ubuntu; Linux x86_64; rv:105.0) Gecko/20100101 Firefox/105.0""",success,access,"x86_64",false,"dvwa_web",bc7bc6b9453f4089b9bfee6b38b5fc6f,"123.123.123.123, 10.10.10.10","02:42:0a:0a:0a:0a, 02:42:7b:7b:7b:7b","dvwa_web",bullseye,debian,"5.15.0-52-generic","Debian GNU/Linux","Debian GNU/Linux",debian,linux,"11 (bullseye)",GET,"-","2,908",200,"1.1",log,"/var/log/apache2/access.log","93,519",apache,"123.123.123.3","4,808","China Unicom Beijing Province Network","China Unicom Beijing Province Network",Beijing,Asia,CN,China,"POINT (116.3861 39.9143)","CN-BJ",Beijing,"123.123.123.3",Beijing,Asia,CN,"POINT (116.3861 39.9143)","CN-BJ",Beijing,Firefox,"Mozilla/5.0 (X11; Ubuntu; Linux x86_64; rv:105.0) Gecko/20100101 Firefox/105.0",Ubuntu,php,"/index.php","/index.php","/index.php","-","-","-",Other,Firefox,"Mozilla/5.0 (X11; Ubuntu; Linux x86_64; rv:105.0) Gecko/20100101 Firefox/105.0","Mozilla/5.0 (X11; Ubuntu; Linux x86_64; rv:105.0) Gecko/20100101 Firefox/105.0",Ubuntu,Ubuntu,"105.0."
"Oct 24, 2022 @ 23:30:08.000",OeCdCoQBDsc6tFfSopQY,".ds-filebeat-8.4.3-2022.10.24-000001","-","71df9d48-1d5b-48bc-9d0b-4c069d92c8ca","dvwa_web","8d42cf34-4f58-4413-b965-cf6afa6eb26b","dvwa_web",filebeat,"8.4.3","1.12.0",web,"Oct 24, 2022 @ 23:30:12.653","apache.access","Oct 24, 2022 @ 23:30:13.656",event,apache,"123.123.123.3 - - [24/Oct/2022:23:30:08 +0800] ""GET /vulnerabilities/captcha/ HTTP/1.1"" 200 1923 ""-"" ""Mozilla/5.0 (X11; Ubuntu; Linux x86_64; rv:105.0) Gecko/20100101 Firefox/105.0""",success,access,"x86_64",false,"dvwa_web",bc7bc6b9453f4089b9bfee6b38b5fc6f,"123.123.123.123, 10.10.10.10","02:42:0a:0a:0a:0a, 02:42:7b:7b:7b:7b","dvwa_web",bullseye,debian,"5.15.0-52-generic","Debian GNU/Linux","Debian GNU/Linux",debian,linux,"11 (bullseye)",GET,"-","1,923",200,"1.1",log,"/var/log/apache2/access.log","93,686",apache,"123.123.123.3","4,808","China Unicom Beijing Province Network","China Unicom Beijing Province Network",Beijing,Asia,CN,China,"POINT (116.3861 39.9143)","CN-BJ",Beijing,"123.123.123.3",Beijing,Asia,CN,"POINT (116.3861 39.9143)","CN-BJ",Beijing,Firefox,"Mozilla/5.0 (X11; Ubuntu; Linux x86_64; rv:105.0) Gecko/20100101 Firefox/105.0",Ubuntu,"-","/vulnerabilities/captcha/","/vulnerabilities/captcha/","/vulnerabilities/captcha/","-","-","-",Other,Firefox,"Mozilla/5.0 (X11; Ubuntu; Linux x86_64; rv:105.0) Gecko/20100101 Firefox/105.0","Mozilla/5.0 (X11; Ubuntu; Linux x86_64; rv:105.0) Gecko/20100101 Firefox/105.0",Ubuntu,Ubuntu,"105.0."
"Oct 24, 2022 @ 23:30:08.000",OuCdCoQBDsc6tFfSopQY,".ds-filebeat-8.4.3-2022.10.24-000001","-","71df9d48-1d5b-48bc-9d0b-4c069d92c8ca","dvwa_web","8d42cf34-4f58-4413-b965-cf6afa6eb26b","dvwa_web",filebeat,"8.4.3","1.12.0",web,"Oct 24, 2022 @ 23:30:12.653","apache.access","Oct 24, 2022 @ 23:30:13.656",event,apache,"123.123.123.3 - - [24/Oct/2022:23:30:08 +0800] ""GET /vulnerabilities/xss_s/ HTTP/1.1"" 200 1962 ""-"" ""Mozilla/5.0 (X11; Ubuntu; Linux x86_64; rv:105.0) Gecko/20100101 Firefox/105.0""",success,access,"x86_64",false,"dvwa_web",bc7bc6b9453f4089b9bfee6b38b5fc6f,"123.123.123.123, 10.10.10.10","02:42:0a:0a:0a:0a, 02:42:7b:7b:7b:7b","dvwa_web",bullseye,debian,"5.15.0-52-generic","Debian GNU/Linux","Debian GNU/Linux",debian,linux,"11 (bullseye)",GET,"-","1,962",200,"1.1",log,"/var/log/apache2/access.log","93,868",apache,"123.123.123.3","4,808","China Unicom Beijing Province Network","China Unicom Beijing Province Network",Beijing,Asia,CN,China,"POINT (116.3861 39.9143)","CN-BJ",Beijing,"123.123.123.3",Beijing,Asia,CN,"POINT (116.3861 39.9143)","CN-BJ",Beijing,Firefox,"Mozilla/5.0 (X11; Ubuntu; Linux x86_64; rv:105.0) Gecko/20100101 Firefox/105.0",Ubuntu,"-","/vulnerabilities/xss_s/","/vulnerabilities/xss_s/","/vulnerabilities/xss_s/","-","-","-",Other,Firefox,"Mozilla/5.0 (X11; Ubuntu; Linux x86_64; rv:105.0) Gecko/20100101 Firefox/105.0","Mozilla/5.0 (X11; Ubuntu; Linux x86_64; rv:105.0) Gecko/20100101 Firefox/105.0",Ubuntu,Ubuntu,"105.0."
"Oct 24, 2022 @ 23:30:08.000","O-CdCoQBDsc6tFfSopQY",".ds-filebeat-8.4.3-2022.10.24-000001","-","71df9d48-1d5b-48bc-9d0b-4c069d92c8ca","dvwa_web","8d42cf34-4f58-4413-b965-cf6afa6eb26b","dvwa_web",filebeat,"8.4.3","1.12.0",web,"Oct 24, 2022 @ 23:30:12.653","apache.access","Oct 24, 2022 @ 23:30:13.656",event,apache,"123.123.123.3 - - [24/Oct/2022:23:30:08 +0800] ""GET /about.php HTTP/1.1"" 200 2335 ""-"" ""Mozilla/5.0 (X11; Ubuntu; Linux x86_64; rv:105.0) Gecko/20100101 Firefox/105.0""",success,access,"x86_64",false,"dvwa_web",bc7bc6b9453f4089b9bfee6b38b5fc6f,"123.123.123.123, 10.10.10.10","02:42:0a:0a:0a:0a, 02:42:7b:7b:7b:7b","dvwa_web",bullseye,debian,"5.15.0-52-generic","Debian GNU/Linux","Debian GNU/Linux",debian,linux,"11 (bullseye)",GET,"-","2,335",200,"1.1",log,"/var/log/apache2/access.log","94,048",apache,"123.123.123.3","4,808","China Unicom Beijing Province Network","China Unicom Beijing Province Network",Beijing,Asia,CN,China,"POINT (116.3861 39.9143)","CN-BJ",Beijing,"123.123.123.3",Beijing,Asia,CN,"POINT (116.3861 39.9143)","CN-BJ",Beijing,Firefox,"Mozilla/5.0 (X11; Ubuntu; Linux x86_64; rv:105.0) Gecko/20100101 Firefox/105.0",Ubuntu,php,"/about.php","/about.php","/about.php","-","-","-",Other,Firefox,"Mozilla/5.0 (X11; Ubuntu; Linux x86_64; rv:105.0) Gecko/20100101 Firefox/105.0","Mozilla/5.0 (X11; Ubuntu; Linux x86_64; rv:105.0) Gecko/20100101 Firefox/105.0",Ubuntu,Ubuntu,"105.0."
"Oct 24, 2022 @ 23:30:08.000",POCdCoQBDsc6tFfSopQY,".ds-filebeat-8.4.3-2022.10.24-000001","-","71df9d48-1d5b-48bc-9d0b-4c069d92c8ca","dvwa_web","8d42cf34-4f58-4413-b965-cf6afa6eb26b","dvwa_web",filebeat,"8.4.3","1.12.0",web,"Oct 24, 2022 @ 23:30:12.653","apache.access","Oct 24, 2022 @ 23:30:13.656",event,apache,"123.123.123.3 - - [24/Oct/2022:23:30:08 +0800] ""GET /logout.php HTTP/1.1"" 302 363 ""-"" ""Mozilla/5.0 (X11; Ubuntu; Linux x86_64; rv:105.0) Gecko/20100101 Firefox/105.0""",success,access,"x86_64",false,"dvwa_web",bc7bc6b9453f4089b9bfee6b38b5fc6f,"123.123.123.123, 10.10.10.10","02:42:0a:0a:0a:0a, 02:42:7b:7b:7b:7b","dvwa_web",bullseye,debian,"5.15.0-52-generic","Debian GNU/Linux","Debian GNU/Linux",debian,linux,"11 (bullseye)",GET,"-",363,302,"1.1",log,"/var/log/apache2/access.log","94,215",apache,"123.123.123.3","4,808","China Unicom Beijing Province Network","China Unicom Beijing Province Network",Beijing,Asia,CN,China,"POINT (116.3861 39.9143)","CN-BJ",Beijing,"123.123.123.3",Beijing,Asia,CN,"POINT (116.3861 39.9143)","CN-BJ",Beijing,Firefox,"Mozilla/5.0 (X11; Ubuntu; Linux x86_64; rv:105.0) Gecko/20100101 Firefox/105.0",Ubuntu,php,"/logout.php","/logout.php","/logout.php","-","-","-",Other,Firefox,"Mozilla/5.0 (X11; Ubuntu; Linux x86_64; rv:105.0) Gecko/20100101 Firefox/105.0","Mozilla/5.0 (X11; Ubuntu; Linux x86_64; rv:105.0) Gecko/20100101 Firefox/105.0",Ubuntu,Ubuntu,"105.0."
"Oct 24, 2022 @ 23:30:08.000",PeCdCoQBDsc6tFfSopQY,".ds-filebeat-8.4.3-2022.10.24-000001","-","71df9d48-1d5b-48bc-9d0b-4c069d92c8ca","dvwa_web","8d42cf34-4f58-4413-b965-cf6afa6eb26b","dvwa_web",filebeat,"8.4.3","1.12.0",web,"Oct 24, 2022 @ 23:30:12.653","apache.access","Oct 24, 2022 @ 23:30:13.656",event,apache,"123.123.123.3 - - [24/Oct/2022:23:30:08 +0800] ""GET /login.php HTTP/1.1"" 200 1044 ""-"" ""Mozilla/5.0 (X11; Ubuntu; Linux x86_64; rv:105.0) Gecko/20100101 Firefox/105.0""",success,access,"x86_64",false,"dvwa_web",bc7bc6b9453f4089b9bfee6b38b5fc6f,"123.123.123.123, 10.10.10.10","02:42:0a:0a:0a:0a, 02:42:7b:7b:7b:7b","dvwa_web",bullseye,debian,"5.15.0-52-generic","Debian GNU/Linux","Debian GNU/Linux",debian,linux,"11 (bullseye)",GET,"-","1,044",200,"1.1",log,"/var/log/apache2/access.log","94,382",apache,"123.123.123.3","4,808","China Unicom Beijing Province Network","China Unicom Beijing Province Network",Beijing,Asia,CN,China,"POINT (116.3861 39.9143)","CN-BJ",Beijing,"123.123.123.3",Beijing,Asia,CN,"POINT (116.3861 39.9143)","CN-BJ",Beijing,Firefox,"Mozilla/5.0 (X11; Ubuntu; Linux x86_64; rv:105.0) Gecko/20100101 Firefox/105.0",Ubuntu,php,"/login.php","/login.php","/login.php","-","-","-",Other,Firefox,"Mozilla/5.0 (X11; Ubuntu; Linux x86_64; rv:105.0) Gecko/20100101 Firefox/105.0","Mozilla/5.0 (X11; Ubuntu; Linux x86_64; rv:105.0) Gecko/20100101 Firefox/105.0",Ubuntu,Ubuntu,"105.0."
"Oct 24, 2022 @ 23:30:07.000",NeCdCoQBDsc6tFfSopQY,".ds-filebeat-8.4.3-2022.10.24-000001","-","71df9d48-1d5b-48bc-9d0b-4c069d92c8ca","dvwa_web","8d42cf34-4f58-4413-b965-cf6afa6eb26b","dvwa_web",filebeat,"8.4.3","1.12.0",web,"Oct 24, 2022 @ 23:30:12.653","apache.access","Oct 24, 2022 @ 23:30:13.655",event,apache,"127.0.0.1 - - [24/Oct/2022:23:30:07 +0800] ""GET /server-status?auto= HTTP/1.1"" 200 612 ""-"" ""Elastic-Metricbeat/8.4.3 (linux; amd64; c2f2aba479653563dbaabefe0f86f5579708ec94; 2022-09-27 15:34:12 +0000 UTC)""",success,access,"x86_64",false,"dvwa_web",bc7bc6b9453f4089b9bfee6b38b5fc6f,"123.123.123.123, 10.10.10.10","02:42:0a:0a:0a:0a, 02:42:7b:7b:7b:7b","dvwa_web",bullseye,debian,"5.15.0-52-generic","Debian GNU/Linux","Debian GNU/Linux",debian,linux,"11 (bullseye)",GET,"-",612,200,"1.1",log,"/var/log/apache2/access.log","92,979",apache,"127.0.0.1","-","-","-","-","-","-","-","-","-","-","127.0.0.1","-","-","-","-","-","-",Other,"Elastic-Metricbeat/8.4.3 (linux; amd64; c2f2aba479653563dbaabefe0f86f5579708ec94; 2022-09-27 15:34:12 +0000 UTC)",Linux,"-","/server-status?auto=","/server-status?auto=","/server-status","auto=","-","-",Other,Other,"Elastic-Metricbeat/8.4.3 (linux; amd64; c2f2aba479653563dbaabefe0f86f5579708ec94; 2022-09-27 15:34:12 +0000 UTC)","Elastic-Metricbeat/8.4.3 (linux; amd64; c2f2aba479653563dbaabefe0f86f5579708ec94; 2022-09-27 15:34:12 +0000 UTC)",Linux,Linux,"-"
"Oct 24, 2022 @ 23:29:57.000","oOCdCoQBDsc6tFfSZ49_",".ds-filebeat-8.4.3-2022.10.24-000001","-","71df9d48-1d5b-48bc-9d0b-4c069d92c8ca","dvwa_web","8d42cf34-4f58-4413-b965-cf6afa6eb26b","dvwa_web",filebeat,"8.4.3","1.12.0",web,"Oct 24, 2022 @ 23:29:57.651","apache.access","Oct 24, 2022 @ 23:29:58.654",event,apache,"127.0.0.1 - - [24/Oct/2022:23:29:57 +0800] ""GET /server-status?auto= HTTP/1.1"" 200 612 ""-"" ""Elastic-Metricbeat/8.4.3 (linux; amd64; c2f2aba479653563dbaabefe0f86f5579708ec94; 2022-09-27 15:34:12 +0000 UTC)""",success,access,"x86_64",false,"dvwa_web",bc7bc6b9453f4089b9bfee6b38b5fc6f,"123.123.123.123, 10.10.10.10","02:42:0a:0a:0a:0a, 02:42:7b:7b:7b:7b","dvwa_web",bullseye,debian,"5.15.0-52-generic","Debian GNU/Linux","Debian GNU/Linux",debian,linux,"11 (bullseye)",GET,"-",612,200,"1.1",log,"/var/log/apache2/access.log","92,773",apache,"127.0.0.1","-","-","-","-","-","-","-","-","-","-","127.0.0.1","-","-","-","-","-","-",Other,"Elastic-Metricbeat/8.4.3 (linux; amd64; c2f2aba479653563dbaabefe0f86f5579708ec94; 2022-09-27 15:34:12 +0000 UTC)",Linux,"-","/server-status?auto=","/server-status?auto=","/server-status","auto=","-","-",Other,Other,"Elastic-Metricbeat/8.4.3 (linux; amd64; c2f2aba479653563dbaabefe0f86f5579708ec94; 2022-09-27 15:34:12 +0000 UTC)","Elastic-Metricbeat/8.4.3 (linux; amd64; c2f2aba479653563dbaabefe0f86f5579708ec94; 2022-09-27 15:34:12 +0000 UTC)",Linux,Linux,"-"
"Oct 24, 2022 @ 23:29:56.000","mOCdCoQBDsc6tFfSZ49_",".ds-filebeat-8.4.3-2022.10.24-000001","-","71df9d48-1d5b-48bc-9d0b-4c069d92c8ca","dvwa_web","8d42cf34-4f58-4413-b965-cf6afa6eb26b","dvwa_web",filebeat,"8.4.3","1.12.0",web,"Oct 24, 2022 @ 23:29:57.651","apache.access","Oct 24, 2022 @ 23:29:58.653",event,apache,"123.123.123.4 - - [24/Oct/2022:23:29:56 +0800] ""GET /login.php HTTP/1.1"" 200 1181 ""-"" ""Mozilla/5.0 (X11; Ubuntu; Linux x86_64; rv:105.0) Gecko/20100101 Firefox/105.0""",success,access,"x86_64",false,"dvwa_web",bc7bc6b9453f4089b9bfee6b38b5fc6f,"123.123.123.123, 10.10.10.10","02:42:0a:0a:0a:0a, 02:42:7b:7b:7b:7b","dvwa_web",bullseye,debian,"5.15.0-52-generic","Debian GNU/Linux","Debian GNU/Linux",debian,linux,"11 (bullseye)",GET,"-","1,181",200,"1.1",log,"/var/log/apache2/access.log","91,392",apache,"123.123.123.4","4,808","China Unicom Beijing Province Network","China Unicom Beijing Province Network",Beijing,Asia,CN,China,"POINT (116.3861 39.9143)","CN-BJ",Beijing,"123.123.123.4",Beijing,Asia,CN,"POINT (116.3861 39.9143)","CN-BJ",Beijing,Firefox,"Mozilla/5.0 (X11; Ubuntu; Linux x86_64; rv:105.0) Gecko/20100101 Firefox/105.0",Ubuntu,php,"/login.php","/login.php","/login.php","-","-","-",Other,Firefox,"Mozilla/5.0 (X11; Ubuntu; Linux x86_64; rv:105.0) Gecko/20100101 Firefox/105.0","Mozilla/5.0 (X11; Ubuntu; Linux x86_64; rv:105.0) Gecko/20100101 Firefox/105.0",Ubuntu,Ubuntu,"105.0."
"Oct 24, 2022 @ 23:29:56.000","meCdCoQBDsc6tFfSZ49_",".ds-filebeat-8.4.3-2022.10.24-000001","-","71df9d48-1d5b-48bc-9d0b-4c069d92c8ca","dvwa_web","8d42cf34-4f58-4413-b965-cf6afa6eb26b","dvwa_web",filebeat,"8.4.3","1.12.0",web,"Oct 24, 2022 @ 23:29:57.651","apache.access","Oct 24, 2022 @ 23:29:58.653",event,apache,"123.123.123.4 - - [24/Oct/2022:23:29:56 +0800] ""POST /login.php HTTP/1.1"" 302 363 ""-"" ""Mozilla/5.0 (X11; Ubuntu; Linux x86_64; rv:105.0) Gecko/20100101 Firefox/105.0""",success,access,"x86_64",false,"dvwa_web",bc7bc6b9453f4089b9bfee6b38b5fc6f,"123.123.123.123, 10.10.10.10","02:42:0a:0a:0a:0a, 02:42:7b:7b:7b:7b","dvwa_web",bullseye,debian,"5.15.0-52-generic","Debian GNU/Linux","Debian GNU/Linux",debian,linux,"11 (bullseye)",POST,"-",363,302,"1.1",log,"/var/log/apache2/access.log","91,559",apache,"123.123.123.4","4,808","China Unicom Beijing Province Network","China Unicom Beijing Province Network",Beijing,Asia,CN,China,"POINT (116.3861 39.9143)","CN-BJ",Beijing,"123.123.123.4",Beijing,Asia,CN,"POINT (116.3861 39.9143)","CN-BJ",Beijing,Firefox,"Mozilla/5.0 (X11; Ubuntu; Linux x86_64; rv:105.0) Gecko/20100101 Firefox/105.0",Ubuntu,php,"/login.php","/login.php","/login.php","-","-","-",Other,Firefox,"Mozilla/5.0 (X11; Ubuntu; Linux x86_64; rv:105.0) Gecko/20100101 Firefox/105.0","Mozilla/5.0 (X11; Ubuntu; Linux x86_64; rv:105.0) Gecko/20100101 Firefox/105.0",Ubuntu,Ubuntu,"105.0."
"Oct 24, 2022 @ 23:29:56.000","muCdCoQBDsc6tFfSZ49_",".ds-filebeat-8.4.3-2022.10.24-000001","-","71df9d48-1d5b-48bc-9d0b-4c069d92c8ca","dvwa_web","8d42cf34-4f58-4413-b965-cf6afa6eb26b","dvwa_web",filebeat,"8.4.3","1.12.0",web,"Oct 24, 2022 @ 23:29:57.651","apache.access","Oct 24, 2022 @ 23:29:58.653",event,apache,"123.123.123.4 - - [24/Oct/2022:23:29:56 +0800] ""GET /index.php HTTP/1.1"" 200 2908 ""-"" ""Mozilla/5.0 (X11; Ubuntu; Linux x86_64; rv:105.0) Gecko/20100101 Firefox/105.0""",success,access,"x86_64",false,"dvwa_web",bc7bc6b9453f4089b9bfee6b38b5fc6f,"123.123.123.123, 10.10.10.10","02:42:0a:0a:0a:0a, 02:42:7b:7b:7b:7b","dvwa_web",bullseye,debian,"5.15.0-52-generic","Debian GNU/Linux","Debian GNU/Linux",debian,linux,"11 (bullseye)",GET,"-","2,908",200,"1.1",log,"/var/log/apache2/access.log","91,726",apache,"123.123.123.4","4,808","China Unicom Beijing Province Network","China Unicom Beijing Province Network",Beijing,Asia,CN,China,"POINT (116.3861 39.9143)","CN-BJ",Beijing,"123.123.123.4",Beijing,Asia,CN,"POINT (116.3861 39.9143)","CN-BJ",Beijing,Firefox,"Mozilla/5.0 (X11; Ubuntu; Linux x86_64; rv:105.0) Gecko/20100101 Firefox/105.0",Ubuntu,php,"/index.php","/index.php","/index.php","-","-","-",Other,Firefox,"Mozilla/5.0 (X11; Ubuntu; Linux x86_64; rv:105.0) Gecko/20100101 Firefox/105.0","Mozilla/5.0 (X11; Ubuntu; Linux x86_64; rv:105.0) Gecko/20100101 Firefox/105.0",Ubuntu,Ubuntu,"105.0."
"Oct 24, 2022 @ 23:29:56.000","m-CdCoQBDsc6tFfSZ49_",".ds-filebeat-8.4.3-2022.10.24-000001","-","71df9d48-1d5b-48bc-9d0b-4c069d92c8ca","dvwa_web","8d42cf34-4f58-4413-b965-cf6afa6eb26b","dvwa_web",filebeat,"8.4.3","1.12.0",web,"Oct 24, 2022 @ 23:29:57.651","apache.access","Oct 24, 2022 @ 23:29:58.654",event,apache,"123.123.123.4 - - [24/Oct/2022:23:29:56 +0800] ""GET /setup.php HTTP/1.1"" 200 2283 ""-"" ""Mozilla/5.0 (X11; Ubuntu; Linux x86_64; rv:105.0) Gecko/20100101 Firefox/105.0""",success,access,"x86_64",false,"dvwa_web",bc7bc6b9453f4089b9bfee6b38b5fc6f,"123.123.123.123, 10.10.10.10","02:42:0a:0a:0a:0a, 02:42:7b:7b:7b:7b","dvwa_web",bullseye,debian,"5.15.0-52-generic","Debian GNU/Linux","Debian GNU/Linux",debian,linux,"11 (bullseye)",GET,"-","2,283",200,"1.1",log,"/var/log/apache2/access.log","91,893",apache,"123.123.123.4","4,808","China Unicom Beijing Province Network","China Unicom Beijing Province Network",Beijing,Asia,CN,China,"POINT (116.3861 39.9143)","CN-BJ",Beijing,"123.123.123.4",Beijing,Asia,CN,"POINT (116.3861 39.9143)","CN-BJ",Beijing,Firefox,"Mozilla/5.0 (X11; Ubuntu; Linux x86_64; rv:105.0) Gecko/20100101 Firefox/105.0",Ubuntu,php,"/setup.php","/setup.php","/setup.php","-","-","-",Other,Firefox,"Mozilla/5.0 (X11; Ubuntu; Linux x86_64; rv:105.0) Gecko/20100101 Firefox/105.0","Mozilla/5.0 (X11; Ubuntu; Linux x86_64; rv:105.0) Gecko/20100101 Firefox/105.0",Ubuntu,Ubuntu,"105.0."
"Oct 24, 2022 @ 23:29:56.000","nOCdCoQBDsc6tFfSZ49_",".ds-filebeat-8.4.3-2022.10.24-000001","-","71df9d48-1d5b-48bc-9d0b-4c069d92c8ca","dvwa_web","8d42cf34-4f58-4413-b965-cf6afa6eb26b","dvwa_web",filebeat,"8.4.3","1.12.0",web,"Oct 24, 2022 @ 23:29:57.651","apache.access","Oct 24, 2022 @ 23:29:58.654",event,apache,"123.123.123.4 - - [24/Oct/2022:23:29:56 +0800] ""GET /vulnerabilities/sqli/ HTTP/1.1"" 200 1691 ""-"" ""Mozilla/5.0 (X11; Ubuntu; Linux x86_64; rv:105.0) Gecko/20100101 Firefox/105.0""",success,access,"x86_64",false,"dvwa_web",bc7bc6b9453f4089b9bfee6b38b5fc6f,"123.123.123.123, 10.10.10.10","02:42:0a:0a:0a:0a, 02:42:7b:7b:7b:7b","dvwa_web",bullseye,debian,"5.15.0-52-generic","Debian GNU/Linux","Debian GNU/Linux",debian,linux,"11 (bullseye)",GET,"-","1,691",200,"1.1",log,"/var/log/apache2/access.log","92,060",apache,"123.123.123.4","4,808","China Unicom Beijing Province Network","China Unicom Beijing Province Network",Beijing,Asia,CN,China,"POINT (116.3861 39.9143)","CN-BJ",Beijing,"123.123.123.4",Beijing,Asia,CN,"POINT (116.3861 39.9143)","CN-BJ",Beijing,Firefox,"Mozilla/5.0 (X11; Ubuntu; Linux x86_64; rv:105.0) Gecko/20100101 Firefox/105.0",Ubuntu,"-","/vulnerabilities/sqli/","/vulnerabilities/sqli/","/vulnerabilities/sqli/","-","-","-",Other,Firefox,"Mozilla/5.0 (X11; Ubuntu; Linux x86_64; rv:105.0) Gecko/20100101 Firefox/105.0","Mozilla/5.0 (X11; Ubuntu; Linux x86_64; rv:105.0) Gecko/20100101 Firefox/105.0",Ubuntu,Ubuntu,"105.0."
"Oct 24, 2022 @ 23:29:56.000","neCdCoQBDsc6tFfSZ49_",".ds-filebeat-8.4.3-2022.10.24-000001","-","71df9d48-1d5b-48bc-9d0b-4c069d92c8ca","dvwa_web","8d42cf34-4f58-4413-b965-cf6afa6eb26b","dvwa_web",filebeat,"8.4.3","1.12.0",web,"Oct 24, 2022 @ 23:29:57.651","apache.access","Oct 24, 2022 @ 23:29:58.654",event,apache,"123.123.123.4 - - [24/Oct/2022:23:29:56 +0800] ""GET /vulnerabilities/brute/vulnerabilities/csrf/ HTTP/1.1"" 404 487 ""-"" ""Mozilla/5.0 (X11; Ubuntu; Linux x86_64; rv:105.0) Gecko/20100101 Firefox/105.0""",failure,access,"x86_64",false,"dvwa_web",bc7bc6b9453f4089b9bfee6b38b5fc6f,"123.123.123.123, 10.10.10.10","02:42:0a:0a:0a:0a, 02:42:7b:7b:7b:7b","dvwa_web",bullseye,debian,"5.15.0-52-generic","Debian GNU/Linux","Debian GNU/Linux",debian,linux,"11 (bullseye)",GET,"-",487,404,"1.1",log,"/var/log/apache2/access.log","92,239",apache,"123.123.123.4","4,808","China Unicom Beijing Province Network","China Unicom Beijing Province Network",Beijing,Asia,CN,China,"POINT (116.3861 39.9143)","CN-BJ",Beijing,"123.123.123.4",Beijing,Asia,CN,"POINT (116.3861 39.9143)","CN-BJ",Beijing,Firefox,"Mozilla/5.0 (X11; Ubuntu; Linux x86_64; rv:105.0) Gecko/20100101 Firefox/105.0",Ubuntu,"-","/vulnerabilities/brute/vulnerabilities/csrf/","/vulnerabilities/brute/vulnerabilities/csrf/","/vulnerabilities/brute/vulnerabilities/csrf/","-","-","-",Other,Firefox,"Mozilla/5.0 (X11; Ubuntu; Linux x86_64; rv:105.0) Gecko/20100101 Firefox/105.0","Mozilla/5.0 (X11; Ubuntu; Linux x86_64; rv:105.0) Gecko/20100101 Firefox/105.0",Ubuntu,Ubuntu,"105.0."
"Oct 24, 2022 @ 23:29:56.000","nuCdCoQBDsc6tFfSZ49_",".ds-filebeat-8.4.3-2022.10.24-000001","-","71df9d48-1d5b-48bc-9d0b-4c069d92c8ca","dvwa_web","8d42cf34-4f58-4413-b965-cf6afa6eb26b","dvwa_web",filebeat,"8.4.3","1.12.0",web,"Oct 24, 2022 @ 23:29:57.651","apache.access","Oct 24, 2022 @ 23:29:58.654",event,apache,"123.123.123.4 - - [24/Oct/2022:23:29:56 +0800] ""GET /logout.php HTTP/1.1"" 302 363 ""-"" ""Mozilla/5.0 (X11; Ubuntu; Linux x86_64; rv:105.0) Gecko/20100101 Firefox/105.0""",success,access,"x86_64",false,"dvwa_web",bc7bc6b9453f4089b9bfee6b38b5fc6f,"123.123.123.123, 10.10.10.10","02:42:0a:0a:0a:0a, 02:42:7b:7b:7b:7b","dvwa_web",bullseye,debian,"5.15.0-52-generic","Debian GNU/Linux","Debian GNU/Linux",debian,linux,"11 (bullseye)",GET,"-",363,302,"1.1",log,"/var/log/apache2/access.log","92,439",apache,"123.123.123.4","4,808","China Unicom Beijing Province Network","China Unicom Beijing Province Network",Beijing,Asia,CN,China,"POINT (116.3861 39.9143)","CN-BJ",Beijing,"123.123.123.4",Beijing,Asia,CN,"POINT (116.3861 39.9143)","CN-BJ",Beijing,Firefox,"Mozilla/5.0 (X11; Ubuntu; Linux x86_64; rv:105.0) Gecko/20100101 Firefox/105.0",Ubuntu,php,"/logout.php","/logout.php","/logout.php","-","-","-",Other,Firefox,"Mozilla/5.0 (X11; Ubuntu; Linux x86_64; rv:105.0) Gecko/20100101 Firefox/105.0","Mozilla/5.0 (X11; Ubuntu; Linux x86_64; rv:105.0) Gecko/20100101 Firefox/105.0",Ubuntu,Ubuntu,"105.0."
"Oct 24, 2022 @ 23:29:56.000","n-CdCoQBDsc6tFfSZ49_",".ds-filebeat-8.4.3-2022.10.24-000001","-","71df9d48-1d5b-48bc-9d0b-4c069d92c8ca","dvwa_web","8d42cf34-4f58-4413-b965-cf6afa6eb26b","dvwa_web",filebeat,"8.4.3","1.12.0",web,"Oct 24, 2022 @ 23:29:57.651","apache.access","Oct 24, 2022 @ 23:29:58.654",event,apache,"123.123.123.4 - - [24/Oct/2022:23:29:56 +0800] ""GET /login.php HTTP/1.1"" 200 1044 ""-"" ""Mozilla/5.0 (X11; Ubuntu; Linux x86_64; rv:105.0) Gecko/20100101 Firefox/105.0""",success,access,"x86_64",false,"dvwa_web",bc7bc6b9453f4089b9bfee6b38b5fc6f,"123.123.123.123, 10.10.10.10","02:42:0a:0a:0a:0a, 02:42:7b:7b:7b:7b","dvwa_web",bullseye,debian,"5.15.0-52-generic","Debian GNU/Linux","Debian GNU/Linux",debian,linux,"11 (bullseye)",GET,"-","1,044",200,"1.1",log,"/var/log/apache2/access.log","92,606",apache,"123.123.123.4","4,808","China Unicom Beijing Province Network","China Unicom Beijing Province Network",Beijing,Asia,CN,China,"POINT (116.3861 39.9143)","CN-BJ",Beijing,"123.123.123.4",Beijing,Asia,CN,"POINT (116.3861 39.9143)","CN-BJ",Beijing,Firefox,"Mozilla/5.0 (X11; Ubuntu; Linux x86_64; rv:105.0) Gecko/20100101 Firefox/105.0",Ubuntu,php,"/login.php","/login.php","/login.php","-","-","-",Other,Firefox,"Mozilla/5.0 (X11; Ubuntu; Linux x86_64; rv:105.0) Gecko/20100101 Firefox/105.0","Mozilla/5.0 (X11; Ubuntu; Linux x86_64; rv:105.0) Gecko/20100101 Firefox/105.0",Ubuntu,Ubuntu,"105.0."
"Oct 24, 2022 @ 23:29:51.000","V-CdCoQBDsc6tFfSXI6L",".ds-filebeat-8.4.3-2022.10.24-000001","-","71df9d48-1d5b-48bc-9d0b-4c069d92c8ca","dvwa_web","8d42cf34-4f58-4413-b965-cf6afa6eb26b","dvwa_web",filebeat,"8.4.3","1.12.0",web,"Oct 24, 2022 @ 23:29:54.650","apache.access","Oct 24, 2022 @ 23:29:55.850",event,apache,"123.123.123.2 - - [24/Oct/2022:23:29:51 +0800] ""GET /login.php HTTP/1.1"" 200 1183 ""-"" ""Mozilla/5.0 (X11; Ubuntu; Linux x86_64; rv:105.0) Gecko/20100101 Firefox/105.0""",success,access,"x86_64",false,"dvwa_web",bc7bc6b9453f4089b9bfee6b38b5fc6f,"123.123.123.123, 10.10.10.10","02:42:0a:0a:0a:0a, 02:42:7b:7b:7b:7b","dvwa_web",bullseye,debian,"5.15.0-52-generic","Debian GNU/Linux","Debian GNU/Linux",debian,linux,"11 (bullseye)",GET,"-","1,183",200,"1.1",log,"/var/log/apache2/access.log","90,011",apache,"123.123.123.2","4,808","China Unicom Beijing Province Network","China Unicom Beijing Province Network",Beijing,Asia,CN,China,"POINT (116.3861 39.9143)","CN-BJ",Beijing,"123.123.123.2",Beijing,Asia,CN,"POINT (116.3861 39.9143)","CN-BJ",Beijing,Firefox,"Mozilla/5.0 (X11; Ubuntu; Linux x86_64; rv:105.0) Gecko/20100101 Firefox/105.0",Ubuntu,php,"/login.php","/login.php","/login.php","-","-","-",Other,Firefox,"Mozilla/5.0 (X11; Ubuntu; Linux x86_64; rv:105.0) Gecko/20100101 Firefox/105.0","Mozilla/5.0 (X11; Ubuntu; Linux x86_64; rv:105.0) Gecko/20100101 Firefox/105.0",Ubuntu,Ubuntu,"105.0."
"Oct 24, 2022 @ 23:29:51.000",WOCdCoQBDsc6tFfSXI6L,".ds-filebeat-8.4.3-2022.10.24-000001","-","71df9d48-1d5b-48bc-9d0b-4c069d92c8ca","dvwa_web","8d42cf34-4f58-4413-b965-cf6afa6eb26b","dvwa_web",filebeat,"8.4.3","1.12.0",web,"Oct 24, 2022 @ 23:29:54.650","apache.access","Oct 24, 2022 @ 23:29:55.850",event,apache,"123.123.123.2 - - [24/Oct/2022:23:29:51 +0800] ""POST /login.php HTTP/1.1"" 302 363 ""-"" ""Mozilla/5.0 (X11; Ubuntu; Linux x86_64; rv:105.0) Gecko/20100101 Firefox/105.0""",success,access,"x86_64",false,"dvwa_web",bc7bc6b9453f4089b9bfee6b38b5fc6f,"123.123.123.123, 10.10.10.10","02:42:0a:0a:0a:0a, 02:42:7b:7b:7b:7b","dvwa_web",bullseye,debian,"5.15.0-52-generic","Debian GNU/Linux","Debian GNU/Linux",debian,linux,"11 (bullseye)",POST,"-",363,302,"1.1",log,"/var/log/apache2/access.log","90,178",apache,"123.123.123.2","4,808","China Unicom Beijing Province Network","China Unicom Beijing Province Network",Beijing,Asia,CN,China,"POINT (116.3861 39.9143)","CN-BJ",Beijing,"123.123.123.2",Beijing,Asia,CN,"POINT (116.3861 39.9143)","CN-BJ",Beijing,Firefox,"Mozilla/5.0 (X11; Ubuntu; Linux x86_64; rv:105.0) Gecko/20100101 Firefox/105.0",Ubuntu,php,"/login.php","/login.php","/login.php","-","-","-",Other,Firefox,"Mozilla/5.0 (X11; Ubuntu; Linux x86_64; rv:105.0) Gecko/20100101 Firefox/105.0","Mozilla/5.0 (X11; Ubuntu; Linux x86_64; rv:105.0) Gecko/20100101 Firefox/105.0",Ubuntu,Ubuntu,"105.0."
"Oct 24, 2022 @ 23:29:51.000",WeCdCoQBDsc6tFfSXI6L,".ds-filebeat-8.4.3-2022.10.24-000001","-","71df9d48-1d5b-48bc-9d0b-4c069d92c8ca","dvwa_web","8d42cf34-4f58-4413-b965-cf6afa6eb26b","dvwa_web",filebeat,"8.4.3","1.12.0",web,"Oct 24, 2022 @ 23:29:54.650","apache.access","Oct 24, 2022 @ 23:29:55.851",event,apache,"123.123.123.2 - - [24/Oct/2022:23:29:51 +0800] ""GET /index.php HTTP/1.1"" 200 2908 ""-"" ""Mozilla/5.0 (X11; Ubuntu; Linux x86_64; rv:105.0) Gecko/20100101 Firefox/105.0""",success,access,"x86_64",false,"dvwa_web",bc7bc6b9453f4089b9bfee6b38b5fc6f,"123.123.123.123, 10.10.10.10","02:42:0a:0a:0a:0a, 02:42:7b:7b:7b:7b","dvwa_web",bullseye,debian,"5.15.0-52-generic","Debian GNU/Linux","Debian GNU/Linux",debian,linux,"11 (bullseye)",GET,"-","2,908",200,"1.1",log,"/var/log/apache2/access.log","90,345",apache,"123.123.123.2","4,808","China Unicom Beijing Province Network","China Unicom Beijing Province Network",Beijing,Asia,CN,China,"POINT (116.3861 39.9143)","CN-BJ",Beijing,"123.123.123.2",Beijing,Asia,CN,"POINT (116.3861 39.9143)","CN-BJ",Beijing,Firefox,"Mozilla/5.0 (X11; Ubuntu; Linux x86_64; rv:105.0) Gecko/20100101 Firefox/105.0",Ubuntu,php,"/index.php","/index.php","/index.php","-","-","-",Other,Firefox,"Mozilla/5.0 (X11; Ubuntu; Linux x86_64; rv:105.0) Gecko/20100101 Firefox/105.0","Mozilla/5.0 (X11; Ubuntu; Linux x86_64; rv:105.0) Gecko/20100101 Firefox/105.0",Ubuntu,Ubuntu,"105.0."
"Oct 24, 2022 @ 23:29:51.000",WuCdCoQBDsc6tFfSXI6L,".ds-filebeat-8.4.3-2022.10.24-000001","-","71df9d48-1d5b-48bc-9d0b-4c069d92c8ca","dvwa_web","8d42cf34-4f58-4413-b965-cf6afa6eb26b","dvwa_web",filebeat,"8.4.3","1.12.0",web,"Oct 24, 2022 @ 23:29:54.650","apache.access","Oct 24, 2022 @ 23:29:55.851",event,apache,"123.123.123.2 - - [24/Oct/2022:23:29:51 +0800] ""GET /vulnerabilities/upload/ HTTP/1.1"" 200 1712 ""-"" ""Mozilla/5.0 (X11; Ubuntu; Linux x86_64; rv:105.0) Gecko/20100101 Firefox/105.0""",success,access,"x86_64",false,"dvwa_web",bc7bc6b9453f4089b9bfee6b38b5fc6f,"123.123.123.123, 10.10.10.10","02:42:0a:0a:0a:0a, 02:42:7b:7b:7b:7b","dvwa_web",bullseye,debian,"5.15.0-52-generic","Debian GNU/Linux","Debian GNU/Linux",debian,linux,"11 (bullseye)",GET,"-","1,712",200,"1.1",log,"/var/log/apache2/access.log","90,512",apache,"123.123.123.2","4,808","China Unicom Beijing Province Network","China Unicom Beijing Province Network",Beijing,Asia,CN,China,"POINT (116.3861 39.9143)","CN-BJ",Beijing,"123.123.123.2",Beijing,Asia,CN,"POINT (116.3861 39.9143)","CN-BJ",Beijing,Firefox,"Mozilla/5.0 (X11; Ubuntu; Linux x86_64; rv:105.0) Gecko/20100101 Firefox/105.0",Ubuntu,"-","/vulnerabilities/upload/","/vulnerabilities/upload/","/vulnerabilities/upload/","-","-","-",Other,Firefox,"Mozilla/5.0 (X11; Ubuntu; Linux x86_64; rv:105.0) Gecko/20100101 Firefox/105.0","Mozilla/5.0 (X11; Ubuntu; Linux x86_64; rv:105.0) Gecko/20100101 Firefox/105.0",Ubuntu,Ubuntu,"105.0."
"Oct 24, 2022 @ 23:29:51.000","W-CdCoQBDsc6tFfSXI6L",".ds-filebeat-8.4.3-2022.10.24-000001","-","71df9d48-1d5b-48bc-9d0b-4c069d92c8ca","dvwa_web","8d42cf34-4f58-4413-b965-cf6afa6eb26b","dvwa_web",filebeat,"8.4.3","1.12.0",web,"Oct 24, 2022 @ 23:29:54.650","apache.access","Oct 24, 2022 @ 23:29:55.851",event,apache,"123.123.123.2 - - [24/Oct/2022:23:29:51 +0800] ""GET /vulnerabilities/xss_d/ HTTP/1.1"" 200 1869 ""-"" ""Mozilla/5.0 (X11; Ubuntu; Linux x86_64; rv:105.0) Gecko/20100101 Firefox/105.0""",success,access,"x86_64",false,"dvwa_web",bc7bc6b9453f4089b9bfee6b38b5fc6f,"123.123.123.123, 10.10.10.10","02:42:0a:0a:0a:0a, 02:42:7b:7b:7b:7b","dvwa_web",bullseye,debian,"5.15.0-52-generic","Debian GNU/Linux","Debian GNU/Linux",debian,linux,"11 (bullseye)",GET,"-","1,869",200,"1.1",log,"/var/log/apache2/access.log","90,693",apache,"123.123.123.2","4,808","China Unicom Beijing Province Network","China Unicom Beijing Province Network",Beijing,Asia,CN,China,"POINT (116.3861 39.9143)","CN-BJ",Beijing,"123.123.123.2",Beijing,Asia,CN,"POINT (116.3861 39.9143)","CN-BJ",Beijing,Firefox,"Mozilla/5.0 (X11; Ubuntu; Linux x86_64; rv:105.0) Gecko/20100101 Firefox/105.0",Ubuntu,"-","/vulnerabilities/xss_d/","/vulnerabilities/xss_d/","/vulnerabilities/xss_d/","-","-","-",Other,Firefox,"Mozilla/5.0 (X11; Ubuntu; Linux x86_64; rv:105.0) Gecko/20100101 Firefox/105.0","Mozilla/5.0 (X11; Ubuntu; Linux x86_64; rv:105.0) Gecko/20100101 Firefox/105.0",Ubuntu,Ubuntu,"105.0."
"Oct 24, 2022 @ 23:29:51.000",XOCdCoQBDsc6tFfSXI6L,".ds-filebeat-8.4.3-2022.10.24-000001","-","71df9d48-1d5b-48bc-9d0b-4c069d92c8ca","dvwa_web","8d42cf34-4f58-4413-b965-cf6afa6eb26b","dvwa_web",filebeat,"8.4.3","1.12.0",web,"Oct 24, 2022 @ 23:29:54.650","apache.access","Oct 24, 2022 @ 23:29:55.851",event,apache,"123.123.123.2 - - [24/Oct/2022:23:29:51 +0800] ""GET /vulnerabilities/javascript/ HTTP/1.1"" 200 3595 ""-"" ""Mozilla/5.0 (X11; Ubuntu; Linux x86_64; rv:105.0) Gecko/20100101 Firefox/105.0""",success,access,"x86_64",false,"dvwa_web",bc7bc6b9453f4089b9bfee6b38b5fc6f,"123.123.123.123, 10.10.10.10","02:42:0a:0a:0a:0a, 02:42:7b:7b:7b:7b","dvwa_web",bullseye,debian,"5.15.0-52-generic","Debian GNU/Linux","Debian GNU/Linux",debian,linux,"11 (bullseye)",GET,"-","3,595",200,"1.1",log,"/var/log/apache2/access.log","90,873",apache,"123.123.123.2","4,808","China Unicom Beijing Province Network","China Unicom Beijing Province Network",Beijing,Asia,CN,China,"POINT (116.3861 39.9143)","CN-BJ",Beijing,"123.123.123.2",Beijing,Asia,CN,"POINT (116.3861 39.9143)","CN-BJ",Beijing,Firefox,"Mozilla/5.0 (X11; Ubuntu; Linux x86_64; rv:105.0) Gecko/20100101 Firefox/105.0",Ubuntu,"-","/vulnerabilities/javascript/","/vulnerabilities/javascript/","/vulnerabilities/javascript/","-","-","-",Other,Firefox,"Mozilla/5.0 (X11; Ubuntu; Linux x86_64; rv:105.0) Gecko/20100101 Firefox/105.0","Mozilla/5.0 (X11; Ubuntu; Linux x86_64; rv:105.0) Gecko/20100101 Firefox/105.0",Ubuntu,Ubuntu,"105.0."
"Oct 24, 2022 @ 23:29:51.000",XeCdCoQBDsc6tFfSXI6U,".ds-filebeat-8.4.3-2022.10.24-000001","-","71df9d48-1d5b-48bc-9d0b-4c069d92c8ca","dvwa_web","8d42cf34-4f58-4413-b965-cf6afa6eb26b","dvwa_web",filebeat,"8.4.3","1.12.0",web,"Oct 24, 2022 @ 23:29:54.650","apache.access","Oct 24, 2022 @ 23:29:55.858",event,apache,"123.123.123.2 - - [24/Oct/2022:23:29:51 +0800] ""GET /logout.php HTTP/1.1"" 302 363 ""-"" ""Mozilla/5.0 (X11; Ubuntu; Linux x86_64; rv:105.0) Gecko/20100101 Firefox/105.0""",success,access,"x86_64",false,"dvwa_web",bc7bc6b9453f4089b9bfee6b38b5fc6f,"123.123.123.123, 10.10.10.10","02:42:0a:0a:0a:0a, 02:42:7b:7b:7b:7b","dvwa_web",bullseye,debian,"5.15.0-52-generic","Debian GNU/Linux","Debian GNU/Linux",debian,linux,"11 (bullseye)",GET,"-",363,302,"1.1",log,"/var/log/apache2/access.log","91,058",apache,"123.123.123.2","4,808","China Unicom Beijing Province Network","China Unicom Beijing Province Network",Beijing,Asia,CN,China,"POINT (116.3861 39.9143)","CN-BJ",Beijing,"123.123.123.2",Beijing,Asia,CN,"POINT (116.3861 39.9143)","CN-BJ",Beijing,Firefox,"Mozilla/5.0 (X11; Ubuntu; Linux x86_64; rv:105.0) Gecko/20100101 Firefox/105.0",Ubuntu,php,"/logout.php","/logout.php","/logout.php","-","-","-",Other,Firefox,"Mozilla/5.0 (X11; Ubuntu; Linux x86_64; rv:105.0) Gecko/20100101 Firefox/105.0","Mozilla/5.0 (X11; Ubuntu; Linux x86_64; rv:105.0) Gecko/20100101 Firefox/105.0",Ubuntu,Ubuntu,"105.0."
"Oct 24, 2022 @ 23:29:51.000",XuCdCoQBDsc6tFfSXI6U,".ds-filebeat-8.4.3-2022.10.24-000001","-","71df9d48-1d5b-48bc-9d0b-4c069d92c8ca","dvwa_web","8d42cf34-4f58-4413-b965-cf6afa6eb26b","dvwa_web",filebeat,"8.4.3","1.12.0",web,"Oct 24, 2022 @ 23:29:54.650","apache.access","Oct 24, 2022 @ 23:29:55.858",event,apache,"123.123.123.2 - - [24/Oct/2022:23:29:51 +0800] ""GET /login.php HTTP/1.1"" 200 1043 ""-"" ""Mozilla/5.0 (X11; Ubuntu; Linux x86_64; rv:105.0) Gecko/20100101 Firefox/105.0""",success,access,"x86_64",false,"dvwa_web",bc7bc6b9453f4089b9bfee6b38b5fc6f,"123.123.123.123, 10.10.10.10","02:42:0a:0a:0a:0a, 02:42:7b:7b:7b:7b","dvwa_web",bullseye,debian,"5.15.0-52-generic","Debian GNU/Linux","Debian GNU/Linux",debian,linux,"11 (bullseye)",GET,"-","1,043",200,"1.1",log,"/var/log/apache2/access.log","91,225",apache,"123.123.123.2","4,808","China Unicom Beijing Province Network","China Unicom Beijing Province Network",Beijing,Asia,CN,China,"POINT (116.3861 39.9143)","CN-BJ",Beijing,"123.123.123.2",Beijing,Asia,CN,"POINT (116.3861 39.9143)","CN-BJ",Beijing,Firefox,"Mozilla/5.0 (X11; Ubuntu; Linux x86_64; rv:105.0) Gecko/20100101 Firefox/105.0",Ubuntu,php,"/login.php","/login.php","/login.php","-","-","-",Other,Firefox,"Mozilla/5.0 (X11; Ubuntu; Linux x86_64; rv:105.0) Gecko/20100101 Firefox/105.0","Mozilla/5.0 (X11; Ubuntu; Linux x86_64; rv:105.0) Gecko/20100101 Firefox/105.0",Ubuntu,Ubuntu,"105.0."
"Oct 24, 2022 @ 23:29:47.000",UeCdCoQBDsc6tFfSQ1Fp,".ds-filebeat-8.4.3-2022.10.24-000001","-","71df9d48-1d5b-48bc-9d0b-4c069d92c8ca","dvwa_web","8d42cf34-4f58-4413-b965-cf6afa6eb26b","dvwa_web",filebeat,"8.4.3","1.12.0",web,"Oct 24, 2022 @ 23:29:47.647","apache.access","Oct 24, 2022 @ 23:29:49.403",event,apache,"127.0.0.1 - - [24/Oct/2022:23:29:47 +0800] ""GET /server-status?auto= HTTP/1.1"" 200 608 ""-"" ""Elastic-Metricbeat/8.4.3 (linux; amd64; c2f2aba479653563dbaabefe0f86f5579708ec94; 2022-09-27 15:34:12 +0000 UTC)""",success,access,"x86_64",false,"dvwa_web",bc7bc6b9453f4089b9bfee6b38b5fc6f,"123.123.123.123, 10.10.10.10","02:42:0a:0a:0a:0a, 02:42:7b:7b:7b:7b","dvwa_web",bullseye,debian,"5.15.0-52-generic","Debian GNU/Linux","Debian GNU/Linux",debian,linux,"11 (bullseye)",GET,"-",608,200,"1.1",log,"/var/log/apache2/access.log","89,805",apache,"127.0.0.1","-","-","-","-","-","-","-","-","-","-","127.0.0.1","-","-","-","-","-","-",Other,"Elastic-Metricbeat/8.4.3 (linux; amd64; c2f2aba479653563dbaabefe0f86f5579708ec94; 2022-09-27 15:34:12 +0000 UTC)",Linux,"-","/server-status?auto=","/server-status?auto=","/server-status","auto=","-","-",Other,Other,"Elastic-Metricbeat/8.4.3 (linux; amd64; c2f2aba479653563dbaabefe0f86f5579708ec94; 2022-09-27 15:34:12 +0000 UTC)","Elastic-Metricbeat/8.4.3 (linux; amd64; c2f2aba479653563dbaabefe0f86f5579708ec94; 2022-09-27 15:34:12 +0000 UTC)",Linux,Linux,"-"
"Oct 24, 2022 @ 23:29:37.000",huCdCoQBDsc6tFfSNzbK,".ds-filebeat-8.4.3-2022.10.24-000001","-","71df9d48-1d5b-48bc-9d0b-4c069d92c8ca","dvwa_web","8d42cf34-4f58-4413-b965-cf6afa6eb26b","dvwa_web",filebeat,"8.4.3","1.12.0",web,"Oct 24, 2022 @ 23:29:44.645","apache.access","Oct 24, 2022 @ 23:29:46.435",event,apache,"127.0.0.1 - - [24/Oct/2022:23:29:37 +0800] ""GET /server-status?auto= HTTP/1.1"" 200 608 ""-"" ""Elastic-Metricbeat/8.4.3 (linux; amd64; c2f2aba479653563dbaabefe0f86f5579708ec94; 2022-09-27 15:34:12 +0000 UTC)""",success,access,"x86_64",false,"dvwa_web",bc7bc6b9453f4089b9bfee6b38b5fc6f,"123.123.123.123, 10.10.10.10","02:42:0a:0a:0a:0a, 02:42:7b:7b:7b:7b","dvwa_web",bullseye,debian,"5.15.0-52-generic","Debian GNU/Linux","Debian GNU/Linux",debian,linux,"11 (bullseye)",GET,"-",608,200,"1.1",log,"/var/log/apache2/access.log","89,599",apache,"127.0.0.1","-","-","-","-","-","-","-","-","-","-","127.0.0.1","-","-","-","-","-","-",Other,"Elastic-Metricbeat/8.4.3 (linux; amd64; c2f2aba479653563dbaabefe0f86f5579708ec94; 2022-09-27 15:34:12 +0000 UTC)",Linux,"-","/server-status?auto=","/server-status?auto=","/server-status","auto=","-","-",Other,Other,"Elastic-Metricbeat/8.4.3 (linux; amd64; c2f2aba479653563dbaabefe0f86f5579708ec94; 2022-09-27 15:34:12 +0000 UTC)","Elastic-Metricbeat/8.4.3 (linux; amd64; c2f2aba479653563dbaabefe0f86f5579708ec94; 2022-09-27 15:34:12 +0000 UTC)",Linux,Linux,"-"
"Oct 24, 2022 @ 23:29:28.000","D9-dCoQBDsc6tFfSAKwY",".ds-filebeat-8.4.3-2022.10.24-000001","-","71df9d48-1d5b-48bc-9d0b-4c069d92c8ca","dvwa_web","8d42cf34-4f58-4413-b965-cf6afa6eb26b","dvwa_web",filebeat,"8.4.3","1.12.0",web,"Oct 24, 2022 @ 23:29:29.616","apache.access","Oct 24, 2022 @ 23:29:32.176",event,apache,"123.123.123.3 - - [24/Oct/2022:23:29:28 +0800] ""GET /login.php HTTP/1.1"" 200 1182 ""-"" ""Mozilla/5.0 (X11; Ubuntu; Linux x86_64; rv:105.0) Gecko/20100101 Firefox/105.0""",success,access,"x86_64",false,"dvwa_web",bc7bc6b9453f4089b9bfee6b38b5fc6f,"123.123.123.123, 10.10.10.10","02:42:0a:0a:0a:0a, 02:42:7b:7b:7b:7b","dvwa_web",bullseye,debian,"5.15.0-52-generic","Debian GNU/Linux","Debian GNU/Linux",debian,linux,"11 (bullseye)",GET,"-","1,182",200,"1.1",log,"/var/log/apache2/access.log","88,220",apache,"123.123.123.3","4,808","China Unicom Beijing Province Network","China Unicom Beijing Province Network",Beijing,Asia,CN,China,"POINT (116.3861 39.9143)","CN-BJ",Beijing,"123.123.123.3",Beijing,Asia,CN,"POINT (116.3861 39.9143)","CN-BJ",Beijing,Firefox,"Mozilla/5.0 (X11; Ubuntu; Linux x86_64; rv:105.0) Gecko/20100101 Firefox/105.0",Ubuntu,php,"/login.php","/login.php","/login.php","-","-","-",Other,Firefox,"Mozilla/5.0 (X11; Ubuntu; Linux x86_64; rv:105.0) Gecko/20100101 Firefox/105.0","Mozilla/5.0 (X11; Ubuntu; Linux x86_64; rv:105.0) Gecko/20100101 Firefox/105.0",Ubuntu,Ubuntu,"105.0."
"Oct 24, 2022 @ 23:29:28.000","EN-dCoQBDsc6tFfSAKwY",".ds-filebeat-8.4.3-2022.10.24-000001","-","71df9d48-1d5b-48bc-9d0b-4c069d92c8ca","dvwa_web","8d42cf34-4f58-4413-b965-cf6afa6eb26b","dvwa_web",filebeat,"8.4.3","1.12.0",web,"Oct 24, 2022 @ 23:29:29.632","apache.access","Oct 24, 2022 @ 23:29:32.177",event,apache,"123.123.123.3 - - [24/Oct/2022:23:29:28 +0800] ""POST /login.php HTTP/1.1"" 302 363 ""-"" ""Mozilla/5.0 (X11; Ubuntu; Linux x86_64; rv:105.0) Gecko/20100101 Firefox/105.0""",success,access,"x86_64",false,"dvwa_web",bc7bc6b9453f4089b9bfee6b38b5fc6f,"123.123.123.123, 10.10.10.10","02:42:0a:0a:0a:0a, 02:42:7b:7b:7b:7b","dvwa_web",bullseye,debian,"5.15.0-52-generic","Debian GNU/Linux","Debian GNU/Linux",debian,linux,"11 (bullseye)",POST,"-",363,302,"1.1",log,"/var/log/apache2/access.log","88,387",apache,"123.123.123.3","4,808","China Unicom Beijing Province Network","China Unicom Beijing Province Network",Beijing,Asia,CN,China,"POINT (116.3861 39.9143)","CN-BJ",Beijing,"123.123.123.3",Beijing,Asia,CN,"POINT (116.3861 39.9143)","CN-BJ",Beijing,Firefox,"Mozilla/5.0 (X11; Ubuntu; Linux x86_64; rv:105.0) Gecko/20100101 Firefox/105.0",Ubuntu,php,"/login.php","/login.php","/login.php","-","-","-",Other,Firefox,"Mozilla/5.0 (X11; Ubuntu; Linux x86_64; rv:105.0) Gecko/20100101 Firefox/105.0","Mozilla/5.0 (X11; Ubuntu; Linux x86_64; rv:105.0) Gecko/20100101 Firefox/105.0",Ubuntu,Ubuntu,"105.0."
"Oct 24, 2022 @ 23:29:28.000","Ed-dCoQBDsc6tFfSAKwY",".ds-filebeat-8.4.3-2022.10.24-000001","-","71df9d48-1d5b-48bc-9d0b-4c069d92c8ca","dvwa_web","8d42cf34-4f58-4413-b965-cf6afa6eb26b","dvwa_web",filebeat,"8.4.3","1.12.0",web,"Oct 24, 2022 @ 23:29:29.632","apache.access","Oct 24, 2022 @ 23:29:32.177",event,apache,"123.123.123.3 - - [24/Oct/2022:23:29:28 +0800] ""GET /index.php HTTP/1.1"" 200 2908 ""-"" ""Mozilla/5.0 (X11; Ubuntu; Linux x86_64; rv:105.0) Gecko/20100101 Firefox/105.0""",success,access,"x86_64",false,"dvwa_web",bc7bc6b9453f4089b9bfee6b38b5fc6f,"123.123.123.123, 10.10.10.10","02:42:0a:0a:0a:0a, 02:42:7b:7b:7b:7b","dvwa_web",bullseye,debian,"5.15.0-52-generic","Debian GNU/Linux","Debian GNU/Linux",debian,linux,"11 (bullseye)",GET,"-","2,908",200,"1.1",log,"/var/log/apache2/access.log","88,554",apache,"123.123.123.3","4,808","China Unicom Beijing Province Network","China Unicom Beijing Province Network",Beijing,Asia,CN,China,"POINT (116.3861 39.9143)","CN-BJ",Beijing,"123.123.123.3",Beijing,Asia,CN,"POINT (116.3861 39.9143)","CN-BJ",Beijing,Firefox,"Mozilla/5.0 (X11; Ubuntu; Linux x86_64; rv:105.0) Gecko/20100101 Firefox/105.0",Ubuntu,php,"/index.php","/index.php","/index.php","-","-","-",Other,Firefox,"Mozilla/5.0 (X11; Ubuntu; Linux x86_64; rv:105.0) Gecko/20100101 Firefox/105.0","Mozilla/5.0 (X11; Ubuntu; Linux x86_64; rv:105.0) Gecko/20100101 Firefox/105.0",Ubuntu,Ubuntu,"105.0."
"Oct 24, 2022 @ 23:29:28.000","Et-dCoQBDsc6tFfSAKwY",".ds-filebeat-8.4.3-2022.10.24-000001","-","71df9d48-1d5b-48bc-9d0b-4c069d92c8ca","dvwa_web","8d42cf34-4f58-4413-b965-cf6afa6eb26b","dvwa_web",filebeat,"8.4.3","1.12.0",web,"Oct 24, 2022 @ 23:29:29.632","apache.access","Oct 24, 2022 @ 23:29:32.177",event,apache,"123.123.123.3 - - [24/Oct/2022:23:29:28 +0800] ""GET /vulnerabilities/captcha/ HTTP/1.1"" 200 1923 ""-"" ""Mozilla/5.0 (X11; Ubuntu; Linux x86_64; rv:105.0) Gecko/20100101 Firefox/105.0""",success,access,"x86_64",false,"dvwa_web",bc7bc6b9453f4089b9bfee6b38b5fc6f,"123.123.123.123, 10.10.10.10","02:42:0a:0a:0a:0a, 02:42:7b:7b:7b:7b","dvwa_web",bullseye,debian,"5.15.0-52-generic","Debian GNU/Linux","Debian GNU/Linux",debian,linux,"11 (bullseye)",GET,"-","1,923",200,"1.1",log,"/var/log/apache2/access.log","88,721",apache,"123.123.123.3","4,808","China Unicom Beijing Province Network","China Unicom Beijing Province Network",Beijing,Asia,CN,China,"POINT (116.3861 39.9143)","CN-BJ",Beijing,"123.123.123.3",Beijing,Asia,CN,"POINT (116.3861 39.9143)","CN-BJ",Beijing,Firefox,"Mozilla/5.0 (X11; Ubuntu; Linux x86_64; rv:105.0) Gecko/20100101 Firefox/105.0",Ubuntu,"-","/vulnerabilities/captcha/","/vulnerabilities/captcha/","/vulnerabilities/captcha/","-","-","-",Other,Firefox,"Mozilla/5.0 (X11; Ubuntu; Linux x86_64; rv:105.0) Gecko/20100101 Firefox/105.0","Mozilla/5.0 (X11; Ubuntu; Linux x86_64; rv:105.0) Gecko/20100101 Firefox/105.0",Ubuntu,Ubuntu,"105.0."
"Oct 24, 2022 @ 23:29:28.000","E9-dCoQBDsc6tFfSAKwY",".ds-filebeat-8.4.3-2022.10.24-000001","-","71df9d48-1d5b-48bc-9d0b-4c069d92c8ca","dvwa_web","8d42cf34-4f58-4413-b965-cf6afa6eb26b","dvwa_web",filebeat,"8.4.3","1.12.0",web,"Oct 24, 2022 @ 23:29:29.632","apache.access","Oct 24, 2022 @ 23:29:32.178",event,apache,"123.123.123.3 - - [24/Oct/2022:23:29:28 +0800] ""GET /vulnerabilities/xss_d/ HTTP/1.1"" 200 1869 ""-"" ""Mozilla/5.0 (X11; Ubuntu; Linux x86_64; rv:105.0) Gecko/20100101 Firefox/105.0""",success,access,"x86_64",false,"dvwa_web",bc7bc6b9453f4089b9bfee6b38b5fc6f,"123.123.123.123, 10.10.10.10","02:42:0a:0a:0a:0a, 02:42:7b:7b:7b:7b","dvwa_web",bullseye,debian,"5.15.0-52-generic","Debian GNU/Linux","Debian GNU/Linux",debian,linux,"11 (bullseye)",GET,"-","1,869",200,"1.1",log,"/var/log/apache2/access.log","88,903",apache,"123.123.123.3","4,808","China Unicom Beijing Province Network","China Unicom Beijing Province Network",Beijing,Asia,CN,China,"POINT (116.3861 39.9143)","CN-BJ",Beijing,"123.123.123.3",Beijing,Asia,CN,"POINT (116.3861 39.9143)","CN-BJ",Beijing,Firefox,"Mozilla/5.0 (X11; Ubuntu; Linux x86_64; rv:105.0) Gecko/20100101 Firefox/105.0",Ubuntu,"-","/vulnerabilities/xss_d/","/vulnerabilities/xss_d/","/vulnerabilities/xss_d/","-","-","-",Other,Firefox,"Mozilla/5.0 (X11; Ubuntu; Linux x86_64; rv:105.0) Gecko/20100101 Firefox/105.0","Mozilla/5.0 (X11; Ubuntu; Linux x86_64; rv:105.0) Gecko/20100101 Firefox/105.0",Ubuntu,Ubuntu,"105.0."
"Oct 24, 2022 @ 23:29:28.000","FN-dCoQBDsc6tFfSAKwY",".ds-filebeat-8.4.3-2022.10.24-000001","-","71df9d48-1d5b-48bc-9d0b-4c069d92c8ca","dvwa_web","8d42cf34-4f58-4413-b965-cf6afa6eb26b","dvwa_web",filebeat,"8.4.3","1.12.0",web,"Oct 24, 2022 @ 23:29:29.632","apache.access","Oct 24, 2022 @ 23:29:32.178",event,apache,"123.123.123.3 - - [24/Oct/2022:23:29:28 +0800] ""GET /logout.php HTTP/1.1"" 302 363 ""-"" ""Mozilla/5.0 (X11; Ubuntu; Linux x86_64; rv:105.0) Gecko/20100101 Firefox/105.0""",success,access,"x86_64",false,"dvwa_web",bc7bc6b9453f4089b9bfee6b38b5fc6f,"123.123.123.123, 10.10.10.10","02:42:0a:0a:0a:0a, 02:42:7b:7b:7b:7b","dvwa_web",bullseye,debian,"5.15.0-52-generic","Debian GNU/Linux","Debian GNU/Linux",debian,linux,"11 (bullseye)",GET,"-",363,302,"1.1",log,"/var/log/apache2/access.log","89,083",apache,"123.123.123.3","4,808","China Unicom Beijing Province Network","China Unicom Beijing Province Network",Beijing,Asia,CN,China,"POINT (116.3861 39.9143)","CN-BJ",Beijing,"123.123.123.3",Beijing,Asia,CN,"POINT (116.3861 39.9143)","CN-BJ",Beijing,Firefox,"Mozilla/5.0 (X11; Ubuntu; Linux x86_64; rv:105.0) Gecko/20100101 Firefox/105.0",Ubuntu,php,"/logout.php","/logout.php","/logout.php","-","-","-",Other,Firefox,"Mozilla/5.0 (X11; Ubuntu; Linux x86_64; rv:105.0) Gecko/20100101 Firefox/105.0","Mozilla/5.0 (X11; Ubuntu; Linux x86_64; rv:105.0) Gecko/20100101 Firefox/105.0",Ubuntu,Ubuntu,"105.0."
"Oct 24, 2022 @ 23:29:28.000","Fd-dCoQBDsc6tFfSAKwY",".ds-filebeat-8.4.3-2022.10.24-000001","-","71df9d48-1d5b-48bc-9d0b-4c069d92c8ca","dvwa_web","8d42cf34-4f58-4413-b965-cf6afa6eb26b","dvwa_web",filebeat,"8.4.3","1.12.0",web,"Oct 24, 2022 @ 23:29:29.632","apache.access","Oct 24, 2022 @ 23:29:32.178",event,apache,"123.123.123.3 - - [24/Oct/2022:23:29:28 +0800] ""GET /vulnerabilities/weak_id/ HTTP/1.1"" 200 1515 ""-"" ""Mozilla/5.0 (X11; Ubuntu; Linux x86_64; rv:105.0) Gecko/20100101 Firefox/105.0""",success,access,"x86_64",false,"dvwa_web",bc7bc6b9453f4089b9bfee6b38b5fc6f,"123.123.123.123, 10.10.10.10","02:42:0a:0a:0a:0a, 02:42:7b:7b:7b:7b","dvwa_web",bullseye,debian,"5.15.0-52-generic","Debian GNU/Linux","Debian GNU/Linux",debian,linux,"11 (bullseye)",GET,"-","1,515",200,"1.1",log,"/var/log/apache2/access.log","89,250",apache,"123.123.123.3","4,808","China Unicom Beijing Province Network","China Unicom Beijing Province Network",Beijing,Asia,CN,China,"POINT (116.3861 39.9143)","CN-BJ",Beijing,"123.123.123.3",Beijing,Asia,CN,"POINT (116.3861 39.9143)","CN-BJ",Beijing,Firefox,"Mozilla/5.0 (X11; Ubuntu; Linux x86_64; rv:105.0) Gecko/20100101 Firefox/105.0",Ubuntu,"-","/vulnerabilities/weak_id/","/vulnerabilities/weak_id/","/vulnerabilities/weak_id/","-","-","-",Other,Firefox,"Mozilla/5.0 (X11; Ubuntu; Linux x86_64; rv:105.0) Gecko/20100101 Firefox/105.0","Mozilla/5.0 (X11; Ubuntu; Linux x86_64; rv:105.0) Gecko/20100101 Firefox/105.0",Ubuntu,Ubuntu,"105.0."
"Oct 24, 2022 @ 23:29:28.000","Ft-dCoQBDsc6tFfSAKwY",".ds-filebeat-8.4.3-2022.10.24-000001","-","71df9d48-1d5b-48bc-9d0b-4c069d92c8ca","dvwa_web","8d42cf34-4f58-4413-b965-cf6afa6eb26b","dvwa_web",filebeat,"8.4.3","1.12.0",web,"Oct 24, 2022 @ 23:29:29.632","apache.access","Oct 24, 2022 @ 23:29:32.178",event,apache,"123.123.123.3 - - [24/Oct/2022:23:29:28 +0800] ""GET /login.php HTTP/1.1"" 200 1043 ""-"" ""Mozilla/5.0 (X11; Ubuntu; Linux x86_64; rv:105.0) Gecko/20100101 Firefox/105.0""",success,access,"x86_64",false,"dvwa_web",bc7bc6b9453f4089b9bfee6b38b5fc6f,"123.123.123.123, 10.10.10.10","02:42:0a:0a:0a:0a, 02:42:7b:7b:7b:7b","dvwa_web",bullseye,debian,"5.15.0-52-generic","Debian GNU/Linux","Debian GNU/Linux",debian,linux,"11 (bullseye)",GET,"-","1,043",200,"1.1",log,"/var/log/apache2/access.log","89,432",apache,"123.123.123.3","4,808","China Unicom Beijing Province Network","China Unicom Beijing Province Network",Beijing,Asia,CN,China,"POINT (116.3861 39.9143)","CN-BJ",Beijing,"123.123.123.3",Beijing,Asia,CN,"POINT (116.3861 39.9143)","CN-BJ",Beijing,Firefox,"Mozilla/5.0 (X11; Ubuntu; Linux x86_64; rv:105.0) Gecko/20100101 Firefox/105.0",Ubuntu,php,"/login.php","/login.php","/login.php","-","-","-",Other,Firefox,"Mozilla/5.0 (X11; Ubuntu; Linux x86_64; rv:105.0) Gecko/20100101 Firefox/105.0","Mozilla/5.0 (X11; Ubuntu; Linux x86_64; rv:105.0) Gecko/20100101 Firefox/105.0",Ubuntu,Ubuntu,"105.0."
"Oct 24, 2022 @ 23:29:27.000","5d-cCoQBDsc6tFfS-5Vt",".ds-filebeat-8.4.3-2022.10.24-000001","-","71df9d48-1d5b-48bc-9d0b-4c069d92c8ca","dvwa_web","8d42cf34-4f58-4413-b965-cf6afa6eb26b","dvwa_web",filebeat,"8.4.3","1.12.0",web,"Oct 24, 2022 @ 23:29:28.603","apache.access","Oct 24, 2022 @ 23:29:30.980",event,apache,"127.0.0.1 - - [24/Oct/2022:23:29:27 +0800] ""GET /server-status?auto= HTTP/1.1"" 200 610 ""-"" ""Elastic-Metricbeat/8.4.3 (linux; amd64; c2f2aba479653563dbaabefe0f86f5579708ec94; 2022-09-27 15:34:12 +0000 UTC)""",success,access,"x86_64",false,"dvwa_web",bc7bc6b9453f4089b9bfee6b38b5fc6f,"123.123.123.123, 10.10.10.10","02:42:0a:0a:0a:0a, 02:42:7b:7b:7b:7b","dvwa_web",bullseye,debian,"5.15.0-52-generic","Debian GNU/Linux","Debian GNU/Linux",debian,linux,"11 (bullseye)",GET,"-",610,200,"1.1",log,"/var/log/apache2/access.log","88,014",apache,"127.0.0.1","-","-","-","-","-","-","-","-","-","-","127.0.0.1","-","-","-","-","-","-",Other,"Elastic-Metricbeat/8.4.3 (linux; amd64; c2f2aba479653563dbaabefe0f86f5579708ec94; 2022-09-27 15:34:12 +0000 UTC)",Linux,"-","/server-status?auto=","/server-status?auto=","/server-status","auto=","-","-",Other,Other,"Elastic-Metricbeat/8.4.3 (linux; amd64; c2f2aba479653563dbaabefe0f86f5579708ec94; 2022-09-27 15:34:12 +0000 UTC)","Elastic-Metricbeat/8.4.3 (linux; amd64; c2f2aba479653563dbaabefe0f86f5579708ec94; 2022-09-27 15:34:12 +0000 UTC)",Linux,Linux,"-"
"Oct 24, 2022 @ 23:29:21.000","2d-cCoQBDsc6tFfS3Uh-",".ds-filebeat-8.4.3-2022.10.24-000001","-","71df9d48-1d5b-48bc-9d0b-4c069d92c8ca","dvwa_web","8d42cf34-4f58-4413-b965-cf6afa6eb26b","dvwa_web",filebeat,"8.4.3","1.12.0",web,"Oct 24, 2022 @ 23:29:21.594","apache.access","Oct 24, 2022 @ 23:29:23.320",event,apache,"123.123.123.4 - - [24/Oct/2022:23:29:21 +0800] ""GET /login.php HTTP/1.1"" 200 1182 ""-"" ""Mozilla/5.0 (X11; Ubuntu; Linux x86_64; rv:105.0) Gecko/20100101 Firefox/105.0""",success,access,"x86_64",false,"dvwa_web",bc7bc6b9453f4089b9bfee6b38b5fc6f,"123.123.123.123, 10.10.10.10","02:42:0a:0a:0a:0a, 02:42:7b:7b:7b:7b","dvwa_web",bullseye,debian,"5.15.0-52-generic","Debian GNU/Linux","Debian GNU/Linux",debian,linux,"11 (bullseye)",GET,"-","1,182",200,"1.1",log,"/var/log/apache2/access.log","86,660",apache,"123.123.123.4","4,808","China Unicom Beijing Province Network","China Unicom Beijing Province Network",Beijing,Asia,CN,China,"POINT (116.3861 39.9143)","CN-BJ",Beijing,"123.123.123.4",Beijing,Asia,CN,"POINT (116.3861 39.9143)","CN-BJ",Beijing,Firefox,"Mozilla/5.0 (X11; Ubuntu; Linux x86_64; rv:105.0) Gecko/20100101 Firefox/105.0",Ubuntu,php,"/login.php","/login.php","/login.php","-","-","-",Other,Firefox,"Mozilla/5.0 (X11; Ubuntu; Linux x86_64; rv:105.0) Gecko/20100101 Firefox/105.0","Mozilla/5.0 (X11; Ubuntu; Linux x86_64; rv:105.0) Gecko/20100101 Firefox/105.0",Ubuntu,Ubuntu,"105.0."
"Oct 24, 2022 @ 23:29:21.000","2t-cCoQBDsc6tFfS3Uh-",".ds-filebeat-8.4.3-2022.10.24-000001","-","71df9d48-1d5b-48bc-9d0b-4c069d92c8ca","dvwa_web","8d42cf34-4f58-4413-b965-cf6afa6eb26b","dvwa_web",filebeat,"8.4.3","1.12.0",web,"Oct 24, 2022 @ 23:29:21.602","apache.access","Oct 24, 2022 @ 23:29:23.320",event,apache,"123.123.123.4 - - [24/Oct/2022:23:29:21 +0800] ""POST /login.php HTTP/1.1"" 302 363 ""-"" ""Mozilla/5.0 (X11; Ubuntu; Linux x86_64; rv:105.0) Gecko/20100101 Firefox/105.0""",success,access,"x86_64",false,"dvwa_web",bc7bc6b9453f4089b9bfee6b38b5fc6f,"123.123.123.123, 10.10.10.10","02:42:0a:0a:0a:0a, 02:42:7b:7b:7b:7b","dvwa_web",bullseye,debian,"5.15.0-52-generic","Debian GNU/Linux","Debian GNU/Linux",debian,linux,"11 (bullseye)",POST,"-",363,302,"1.1",log,"/var/log/apache2/access.log","86,827",apache,"123.123.123.4","4,808","China Unicom Beijing Province Network","China Unicom Beijing Province Network",Beijing,Asia,CN,China,"POINT (116.3861 39.9143)","CN-BJ",Beijing,"123.123.123.4",Beijing,Asia,CN,"POINT (116.3861 39.9143)","CN-BJ",Beijing,Firefox,"Mozilla/5.0 (X11; Ubuntu; Linux x86_64; rv:105.0) Gecko/20100101 Firefox/105.0",Ubuntu,php,"/login.php","/login.php","/login.php","-","-","-",Other,Firefox,"Mozilla/5.0 (X11; Ubuntu; Linux x86_64; rv:105.0) Gecko/20100101 Firefox/105.0","Mozilla/5.0 (X11; Ubuntu; Linux x86_64; rv:105.0) Gecko/20100101 Firefox/105.0",Ubuntu,Ubuntu,"105.0."
"Oct 24, 2022 @ 23:29:21.000","29-cCoQBDsc6tFfS3Uh-",".ds-filebeat-8.4.3-2022.10.24-000001","-","71df9d48-1d5b-48bc-9d0b-4c069d92c8ca","dvwa_web","8d42cf34-4f58-4413-b965-cf6afa6eb26b","dvwa_web",filebeat,"8.4.3","1.12.0",web,"Oct 24, 2022 @ 23:29:21.602","apache.access","Oct 24, 2022 @ 23:29:23.320",event,apache,"123.123.123.4 - - [24/Oct/2022:23:29:21 +0800] ""GET /index.php HTTP/1.1"" 200 2908 ""-"" ""Mozilla/5.0 (X11; Ubuntu; Linux x86_64; rv:105.0) Gecko/20100101 Firefox/105.0""",success,access,"x86_64",false,"dvwa_web",bc7bc6b9453f4089b9bfee6b38b5fc6f,"123.123.123.123, 10.10.10.10","02:42:0a:0a:0a:0a, 02:42:7b:7b:7b:7b","dvwa_web",bullseye,debian,"5.15.0-52-generic","Debian GNU/Linux","Debian GNU/Linux",debian,linux,"11 (bullseye)",GET,"-","2,908",200,"1.1",log,"/var/log/apache2/access.log","86,994",apache,"123.123.123.4","4,808","China Unicom Beijing Province Network","China Unicom Beijing Province Network",Beijing,Asia,CN,China,"POINT (116.3861 39.9143)","CN-BJ",Beijing,"123.123.123.4",Beijing,Asia,CN,"POINT (116.3861 39.9143)","CN-BJ",Beijing,Firefox,"Mozilla/5.0 (X11; Ubuntu; Linux x86_64; rv:105.0) Gecko/20100101 Firefox/105.0",Ubuntu,php,"/index.php","/index.php","/index.php","-","-","-",Other,Firefox,"Mozilla/5.0 (X11; Ubuntu; Linux x86_64; rv:105.0) Gecko/20100101 Firefox/105.0","Mozilla/5.0 (X11; Ubuntu; Linux x86_64; rv:105.0) Gecko/20100101 Firefox/105.0",Ubuntu,Ubuntu,"105.0."
"Oct 24, 2022 @ 23:29:21.000","3N-cCoQBDsc6tFfS3Uh-",".ds-filebeat-8.4.3-2022.10.24-000001","-","71df9d48-1d5b-48bc-9d0b-4c069d92c8ca","dvwa_web","8d42cf34-4f58-4413-b965-cf6afa6eb26b","dvwa_web",filebeat,"8.4.3","1.12.0",web,"Oct 24, 2022 @ 23:29:21.602","apache.access","Oct 24, 2022 @ 23:29:23.321",event,apache,"123.123.123.4 - - [24/Oct/2022:23:29:21 +0800] ""GET /about.php HTTP/1.1"" 200 2335 ""-"" ""Mozilla/5.0 (X11; Ubuntu; Linux x86_64; rv:105.0) Gecko/20100101 Firefox/105.0""",success,access,"x86_64",false,"dvwa_web",bc7bc6b9453f4089b9bfee6b38b5fc6f,"123.123.123.123, 10.10.10.10","02:42:0a:0a:0a:0a, 02:42:7b:7b:7b:7b","dvwa_web",bullseye,debian,"5.15.0-52-generic","Debian GNU/Linux","Debian GNU/Linux",debian,linux,"11 (bullseye)",GET,"-","2,335",200,"1.1",log,"/var/log/apache2/access.log","87,161",apache,"123.123.123.4","4,808","China Unicom Beijing Province Network","China Unicom Beijing Province Network",Beijing,Asia,CN,China,"POINT (116.3861 39.9143)","CN-BJ",Beijing,"123.123.123.4",Beijing,Asia,CN,"POINT (116.3861 39.9143)","CN-BJ",Beijing,Firefox,"Mozilla/5.0 (X11; Ubuntu; Linux x86_64; rv:105.0) Gecko/20100101 Firefox/105.0",Ubuntu,php,"/about.php","/about.php","/about.php","-","-","-",Other,Firefox,"Mozilla/5.0 (X11; Ubuntu; Linux x86_64; rv:105.0) Gecko/20100101 Firefox/105.0","Mozilla/5.0 (X11; Ubuntu; Linux x86_64; rv:105.0) Gecko/20100101 Firefox/105.0",Ubuntu,Ubuntu,"105.0."
"Oct 24, 2022 @ 23:29:21.000","3d-cCoQBDsc6tFfS3Uh-",".ds-filebeat-8.4.3-2022.10.24-000001","-","71df9d48-1d5b-48bc-9d0b-4c069d92c8ca","dvwa_web","8d42cf34-4f58-4413-b965-cf6afa6eb26b","dvwa_web",filebeat,"8.4.3","1.12.0",web,"Oct 24, 2022 @ 23:29:21.602","apache.access","Oct 24, 2022 @ 23:29:23.321",event,apache,"123.123.123.4 - - [24/Oct/2022:23:29:21 +0800] ""GET /vulnerabilities/javascript/ HTTP/1.1"" 200 3595 ""-"" ""Mozilla/5.0 (X11; Ubuntu; Linux x86_64; rv:105.0) Gecko/20100101 Firefox/105.0""",success,access,"x86_64",false,"dvwa_web",bc7bc6b9453f4089b9bfee6b38b5fc6f,"123.123.123.123, 10.10.10.10","02:42:0a:0a:0a:0a, 02:42:7b:7b:7b:7b","dvwa_web",bullseye,debian,"5.15.0-52-generic","Debian GNU/Linux","Debian GNU/Linux",debian,linux,"11 (bullseye)",GET,"-","3,595",200,"1.1",log,"/var/log/apache2/access.log","87,328",apache,"123.123.123.4","4,808","China Unicom Beijing Province Network","China Unicom Beijing Province Network",Beijing,Asia,CN,China,"POINT (116.3861 39.9143)","CN-BJ",Beijing,"123.123.123.4",Beijing,Asia,CN,"POINT (116.3861 39.9143)","CN-BJ",Beijing,Firefox,"Mozilla/5.0 (X11; Ubuntu; Linux x86_64; rv:105.0) Gecko/20100101 Firefox/105.0",Ubuntu,"-","/vulnerabilities/javascript/","/vulnerabilities/javascript/","/vulnerabilities/javascript/","-","-","-",Other,Firefox,"Mozilla/5.0 (X11; Ubuntu; Linux x86_64; rv:105.0) Gecko/20100101 Firefox/105.0","Mozilla/5.0 (X11; Ubuntu; Linux x86_64; rv:105.0) Gecko/20100101 Firefox/105.0",Ubuntu,Ubuntu,"105.0."
"Oct 24, 2022 @ 23:29:21.000","3t-cCoQBDsc6tFfS3Uh-",".ds-filebeat-8.4.3-2022.10.24-000001","-","71df9d48-1d5b-48bc-9d0b-4c069d92c8ca","dvwa_web","8d42cf34-4f58-4413-b965-cf6afa6eb26b","dvwa_web",filebeat,"8.4.3","1.12.0",web,"Oct 24, 2022 @ 23:29:21.602","apache.access","Oct 24, 2022 @ 23:29:23.321",event,apache,"123.123.123.4 - - [24/Oct/2022:23:29:21 +0800] ""GET /index.php HTTP/1.1"" 200 2881 ""-"" ""Mozilla/5.0 (X11; Ubuntu; Linux x86_64; rv:105.0) Gecko/20100101 Firefox/105.0""",success,access,"x86_64",false,"dvwa_web",bc7bc6b9453f4089b9bfee6b38b5fc6f,"123.123.123.123, 10.10.10.10","02:42:0a:0a:0a:0a, 02:42:7b:7b:7b:7b","dvwa_web",bullseye,debian,"5.15.0-52-generic","Debian GNU/Linux","Debian GNU/Linux",debian,linux,"11 (bullseye)",GET,"-","2,881",200,"1.1",log,"/var/log/apache2/access.log","87,513",apache,"123.123.123.4","4,808","China Unicom Beijing Province Network","China Unicom Beijing Province Network",Beijing,Asia,CN,China,"POINT (116.3861 39.9143)","CN-BJ",Beijing,"123.123.123.4",Beijing,Asia,CN,"POINT (116.3861 39.9143)","CN-BJ",Beijing,Firefox,"Mozilla/5.0 (X11; Ubuntu; Linux x86_64; rv:105.0) Gecko/20100101 Firefox/105.0",Ubuntu,php,"/index.php","/index.php","/index.php","-","-","-",Other,Firefox,"Mozilla/5.0 (X11; Ubuntu; Linux x86_64; rv:105.0) Gecko/20100101 Firefox/105.0","Mozilla/5.0 (X11; Ubuntu; Linux x86_64; rv:105.0) Gecko/20100101 Firefox/105.0",Ubuntu,Ubuntu,"105.0."
"Oct 24, 2022 @ 23:29:21.000","39-cCoQBDsc6tFfS3Uh-",".ds-filebeat-8.4.3-2022.10.24-000001","-","71df9d48-1d5b-48bc-9d0b-4c069d92c8ca","dvwa_web","8d42cf34-4f58-4413-b965-cf6afa6eb26b","dvwa_web",filebeat,"8.4.3","1.12.0",web,"Oct 24, 2022 @ 23:29:21.602","apache.access","Oct 24, 2022 @ 23:29:23.321",event,apache,"123.123.123.4 - - [24/Oct/2022:23:29:21 +0800] ""GET /logout.php HTTP/1.1"" 302 363 ""-"" ""Mozilla/5.0 (X11; Ubuntu; Linux x86_64; rv:105.0) Gecko/20100101 Firefox/105.0""",success,access,"x86_64",false,"dvwa_web",bc7bc6b9453f4089b9bfee6b38b5fc6f,"123.123.123.123, 10.10.10.10","02:42:0a:0a:0a:0a, 02:42:7b:7b:7b:7b","dvwa_web",bullseye,debian,"5.15.0-52-generic","Debian GNU/Linux","Debian GNU/Linux",debian,linux,"11 (bullseye)",GET,"-",363,302,"1.1",log,"/var/log/apache2/access.log","87,680",apache,"123.123.123.4","4,808","China Unicom Beijing Province Network","China Unicom Beijing Province Network",Beijing,Asia,CN,China,"POINT (116.3861 39.9143)","CN-BJ",Beijing,"123.123.123.4",Beijing,Asia,CN,"POINT (116.3861 39.9143)","CN-BJ",Beijing,Firefox,"Mozilla/5.0 (X11; Ubuntu; Linux x86_64; rv:105.0) Gecko/20100101 Firefox/105.0",Ubuntu,php,"/logout.php","/logout.php","/logout.php","-","-","-",Other,Firefox,"Mozilla/5.0 (X11; Ubuntu; Linux x86_64; rv:105.0) Gecko/20100101 Firefox/105.0","Mozilla/5.0 (X11; Ubuntu; Linux x86_64; rv:105.0) Gecko/20100101 Firefox/105.0",Ubuntu,Ubuntu,"105.0."
"Oct 24, 2022 @ 23:29:21.000","4N-cCoQBDsc6tFfS3Uh-",".ds-filebeat-8.4.3-2022.10.24-000001","-","71df9d48-1d5b-48bc-9d0b-4c069d92c8ca","dvwa_web","8d42cf34-4f58-4413-b965-cf6afa6eb26b","dvwa_web",filebeat,"8.4.3","1.12.0",web,"Oct 24, 2022 @ 23:29:21.602","apache.access","Oct 24, 2022 @ 23:29:23.321",event,apache,"123.123.123.4 - - [24/Oct/2022:23:29:21 +0800] ""GET /login.php HTTP/1.1"" 200 1046 ""-"" ""Mozilla/5.0 (X11; Ubuntu; Linux x86_64; rv:105.0) Gecko/20100101 Firefox/105.0""",success,access,"x86_64",false,"dvwa_web",bc7bc6b9453f4089b9bfee6b38b5fc6f,"123.123.123.123, 10.10.10.10","02:42:0a:0a:0a:0a, 02:42:7b:7b:7b:7b","dvwa_web",bullseye,debian,"5.15.0-52-generic","Debian GNU/Linux","Debian GNU/Linux",debian,linux,"11 (bullseye)",GET,"-","1,046",200,"1.1",log,"/var/log/apache2/access.log","87,847",apache,"123.123.123.4","4,808","China Unicom Beijing Province Network","China Unicom Beijing Province Network",Beijing,Asia,CN,China,"POINT (116.3861 39.9143)","CN-BJ",Beijing,"123.123.123.4",Beijing,Asia,CN,"POINT (116.3861 39.9143)","CN-BJ",Beijing,Firefox,"Mozilla/5.0 (X11; Ubuntu; Linux x86_64; rv:105.0) Gecko/20100101 Firefox/105.0",Ubuntu,php,"/login.php","/login.php","/login.php","-","-","-",Other,Firefox,"Mozilla/5.0 (X11; Ubuntu; Linux x86_64; rv:105.0) Gecko/20100101 Firefox/105.0","Mozilla/5.0 (X11; Ubuntu; Linux x86_64; rv:105.0) Gecko/20100101 Firefox/105.0",Ubuntu,Ubuntu,"105.0."
"Oct 24, 2022 @ 23:29:17.000","zd-cCoQBDsc6tFfS20IY",".ds-filebeat-8.4.3-2022.10.24-000001","-","71df9d48-1d5b-48bc-9d0b-4c069d92c8ca","dvwa_web","8d42cf34-4f58-4413-b965-cf6afa6eb26b","dvwa_web",filebeat,"8.4.3","1.12.0",web,"Oct 24, 2022 @ 23:29:20.568","apache.access","Oct 24, 2022 @ 23:29:22.705",event,apache,"127.0.0.1 - - [24/Oct/2022:23:29:17 +0800] ""GET /server-status?auto= HTTP/1.1"" 200 608 ""-"" ""Elastic-Metricbeat/8.4.3 (linux; amd64; c2f2aba479653563dbaabefe0f86f5579708ec94; 2022-09-27 15:34:12 +0000 UTC)""",success,access,"x86_64",false,"dvwa_web",bc7bc6b9453f4089b9bfee6b38b5fc6f,"123.123.123.123, 10.10.10.10","02:42:0a:0a:0a:0a, 02:42:7b:7b:7b:7b","dvwa_web",bullseye,debian,"5.15.0-52-generic","Debian GNU/Linux","Debian GNU/Linux",debian,linux,"11 (bullseye)",GET,"-",608,200,"1.1",log,"/var/log/apache2/access.log","86,454",apache,"127.0.0.1","-","-","-","-","-","-","-","-","-","-","127.0.0.1","-","-","-","-","-","-",Other,"Elastic-Metricbeat/8.4.3 (linux; amd64; c2f2aba479653563dbaabefe0f86f5579708ec94; 2022-09-27 15:34:12 +0000 UTC)",Linux,"-","/server-status?auto=","/server-status?auto=","/server-status","auto=","-","-",Other,Other,"Elastic-Metricbeat/8.4.3 (linux; amd64; c2f2aba479653563dbaabefe0f86f5579708ec94; 2022-09-27 15:34:12 +0000 UTC)","Elastic-Metricbeat/8.4.3 (linux; amd64; c2f2aba479653563dbaabefe0f86f5579708ec94; 2022-09-27 15:34:12 +0000 UTC)",Linux,Linux,"-"
"Oct 24, 2022 @ 23:29:11.000","AN6cCoQBDsc6tFfSv-87",".ds-filebeat-8.4.3-2022.10.24-000001","-","71df9d48-1d5b-48bc-9d0b-4c069d92c8ca","dvwa_web","8d42cf34-4f58-4413-b965-cf6afa6eb26b","dvwa_web",filebeat,"8.4.3","1.12.0",web,"Oct 24, 2022 @ 23:29:13.565","apache.access","Oct 24, 2022 @ 23:29:15.559",event,apache,"123.123.123.2 - - [24/Oct/2022:23:29:11 +0800] ""GET /index.php HTTP/1.1"" 200 2908 ""-"" ""Mozilla/5.0 (X11; Ubuntu; Linux x86_64; rv:105.0) Gecko/20100101 Firefox/105.0""",success,access,"x86_64",false,"dvwa_web",bc7bc6b9453f4089b9bfee6b38b5fc6f,"123.123.123.123, 10.10.10.10","02:42:0a:0a:0a:0a, 02:42:7b:7b:7b:7b","dvwa_web",bullseye,debian,"5.15.0-52-generic","Debian GNU/Linux","Debian GNU/Linux",debian,linux,"11 (bullseye)",GET,"-","2,908",200,"1.1",log,"/var/log/apache2/access.log","85,412",apache,"123.123.123.2","4,808","China Unicom Beijing Province Network","China Unicom Beijing Province Network",Beijing,Asia,CN,China,"POINT (116.3861 39.9143)","CN-BJ",Beijing,"123.123.123.2",Beijing,Asia,CN,"POINT (116.3861 39.9143)","CN-BJ",Beijing,Firefox,"Mozilla/5.0 (X11; Ubuntu; Linux x86_64; rv:105.0) Gecko/20100101 Firefox/105.0",Ubuntu,php,"/index.php","/index.php","/index.php","-","-","-",Other,Firefox,"Mozilla/5.0 (X11; Ubuntu; Linux x86_64; rv:105.0) Gecko/20100101 Firefox/105.0","Mozilla/5.0 (X11; Ubuntu; Linux x86_64; rv:105.0) Gecko/20100101 Firefox/105.0",Ubuntu,Ubuntu,"105.0."
"Oct 24, 2022 @ 23:29:11.000","Ad6cCoQBDsc6tFfSv-87",".ds-filebeat-8.4.3-2022.10.24-000001","-","71df9d48-1d5b-48bc-9d0b-4c069d92c8ca","dvwa_web","8d42cf34-4f58-4413-b965-cf6afa6eb26b","dvwa_web",filebeat,"8.4.3","1.12.0",web,"Oct 24, 2022 @ 23:29:13.565","apache.access","Oct 24, 2022 @ 23:29:15.559",event,apache,"123.123.123.2 - - [24/Oct/2022:23:29:11 +0800] ""GET /vulnerabilities/captcha/ HTTP/1.1"" 200 1923 ""-"" ""Mozilla/5.0 (X11; Ubuntu; Linux x86_64; rv:105.0) Gecko/20100101 Firefox/105.0""",success,access,"x86_64",false,"dvwa_web",bc7bc6b9453f4089b9bfee6b38b5fc6f,"123.123.123.123, 10.10.10.10","02:42:0a:0a:0a:0a, 02:42:7b:7b:7b:7b","dvwa_web",bullseye,debian,"5.15.0-52-generic","Debian GNU/Linux","Debian GNU/Linux",debian,linux,"11 (bullseye)",GET,"-","1,923",200,"1.1",log,"/var/log/apache2/access.log","85,579",apache,"123.123.123.2","4,808","China Unicom Beijing Province Network","China Unicom Beijing Province Network",Beijing,Asia,CN,China,"POINT (116.3861 39.9143)","CN-BJ",Beijing,"123.123.123.2",Beijing,Asia,CN,"POINT (116.3861 39.9143)","CN-BJ",Beijing,Firefox,"Mozilla/5.0 (X11; Ubuntu; Linux x86_64; rv:105.0) Gecko/20100101 Firefox/105.0",Ubuntu,"-","/vulnerabilities/captcha/","/vulnerabilities/captcha/","/vulnerabilities/captcha/","-","-","-",Other,Firefox,"Mozilla/5.0 (X11; Ubuntu; Linux x86_64; rv:105.0) Gecko/20100101 Firefox/105.0","Mozilla/5.0 (X11; Ubuntu; Linux x86_64; rv:105.0) Gecko/20100101 Firefox/105.0",Ubuntu,Ubuntu,"105.0."
"Oct 24, 2022 @ 23:29:11.000","At6cCoQBDsc6tFfSv-87",".ds-filebeat-8.4.3-2022.10.24-000001","-","71df9d48-1d5b-48bc-9d0b-4c069d92c8ca","dvwa_web","8d42cf34-4f58-4413-b965-cf6afa6eb26b","dvwa_web",filebeat,"8.4.3","1.12.0",web,"Oct 24, 2022 @ 23:29:13.565","apache.access","Oct 24, 2022 @ 23:29:15.559",event,apache,"123.123.123.2 - - [24/Oct/2022:23:29:11 +0800] ""GET /vulnerabilities/xss_r/ HTTP/1.1"" 200 1747 ""-"" ""Mozilla/5.0 (X11; Ubuntu; Linux x86_64; rv:105.0) Gecko/20100101 Firefox/105.0""",success,access,"x86_64",false,"dvwa_web",bc7bc6b9453f4089b9bfee6b38b5fc6f,"123.123.123.123, 10.10.10.10","02:42:0a:0a:0a:0a, 02:42:7b:7b:7b:7b","dvwa_web",bullseye,debian,"5.15.0-52-generic","Debian GNU/Linux","Debian GNU/Linux",debian,linux,"11 (bullseye)",GET,"-","1,747",200,"1.1",log,"/var/log/apache2/access.log","85,761",apache,"123.123.123.2","4,808","China Unicom Beijing Province Network","China Unicom Beijing Province Network",Beijing,Asia,CN,China,"POINT (116.3861 39.9143)","CN-BJ",Beijing,"123.123.123.2",Beijing,Asia,CN,"POINT (116.3861 39.9143)","CN-BJ",Beijing,Firefox,"Mozilla/5.0 (X11; Ubuntu; Linux x86_64; rv:105.0) Gecko/20100101 Firefox/105.0",Ubuntu,"-","/vulnerabilities/xss_r/","/vulnerabilities/xss_r/","/vulnerabilities/xss_r/","-","-","-",Other,Firefox,"Mozilla/5.0 (X11; Ubuntu; Linux x86_64; rv:105.0) Gecko/20100101 Firefox/105.0","Mozilla/5.0 (X11; Ubuntu; Linux x86_64; rv:105.0) Gecko/20100101 Firefox/105.0",Ubuntu,Ubuntu,"105.0."
"Oct 24, 2022 @ 23:29:11.000","A96cCoQBDsc6tFfSv-87",".ds-filebeat-8.4.3-2022.10.24-000001","-","71df9d48-1d5b-48bc-9d0b-4c069d92c8ca","dvwa_web","8d42cf34-4f58-4413-b965-cf6afa6eb26b","dvwa_web",filebeat,"8.4.3","1.12.0",web,"Oct 24, 2022 @ 23:29:13.565","apache.access","Oct 24, 2022 @ 23:29:15.559",event,apache,"123.123.123.2 - - [24/Oct/2022:23:29:11 +0800] ""GET /vulnerabilities/exec/ HTTP/1.1"" 200 1724 ""-"" ""Mozilla/5.0 (X11; Ubuntu; Linux x86_64; rv:105.0) Gecko/20100101 Firefox/105.0""",success,access,"x86_64",false,"dvwa_web",bc7bc6b9453f4089b9bfee6b38b5fc6f,"123.123.123.123, 10.10.10.10","02:42:0a:0a:0a:0a, 02:42:7b:7b:7b:7b","dvwa_web",bullseye,debian,"5.15.0-52-generic","Debian GNU/Linux","Debian GNU/Linux",debian,linux,"11 (bullseye)",GET,"-","1,724",200,"1.1",log,"/var/log/apache2/access.log","85,941",apache,"123.123.123.2","4,808","China Unicom Beijing Province Network","China Unicom Beijing Province Network",Beijing,Asia,CN,China,"POINT (116.3861 39.9143)","CN-BJ",Beijing,"123.123.123.2",Beijing,Asia,CN,"POINT (116.3861 39.9143)","CN-BJ",Beijing,Firefox,"Mozilla/5.0 (X11; Ubuntu; Linux x86_64; rv:105.0) Gecko/20100101 Firefox/105.0",Ubuntu,"-","/vulnerabilities/exec/","/vulnerabilities/exec/","/vulnerabilities/exec/","-","-","-",Other,Firefox,"Mozilla/5.0 (X11; Ubuntu; Linux x86_64; rv:105.0) Gecko/20100101 Firefox/105.0","Mozilla/5.0 (X11; Ubuntu; Linux x86_64; rv:105.0) Gecko/20100101 Firefox/105.0",Ubuntu,Ubuntu,"105.0."
"Oct 24, 2022 @ 23:29:11.000","BN6cCoQBDsc6tFfSv-87",".ds-filebeat-8.4.3-2022.10.24-000001","-","71df9d48-1d5b-48bc-9d0b-4c069d92c8ca","dvwa_web","8d42cf34-4f58-4413-b965-cf6afa6eb26b","dvwa_web",filebeat,"8.4.3","1.12.0",web,"Oct 24, 2022 @ 23:29:13.565","apache.access","Oct 24, 2022 @ 23:29:15.559",event,apache,"123.123.123.2 - - [24/Oct/2022:23:29:11 +0800] ""GET /logout.php HTTP/1.1"" 302 363 ""-"" ""Mozilla/5.0 (X11; Ubuntu; Linux x86_64; rv:105.0) Gecko/20100101 Firefox/105.0""",success,access,"x86_64",false,"dvwa_web",bc7bc6b9453f4089b9bfee6b38b5fc6f,"123.123.123.123, 10.10.10.10","02:42:0a:0a:0a:0a, 02:42:7b:7b:7b:7b","dvwa_web",bullseye,debian,"5.15.0-52-generic","Debian GNU/Linux","Debian GNU/Linux",debian,linux,"11 (bullseye)",GET,"-",363,302,"1.1",log,"/var/log/apache2/access.log","86,120",apache,"123.123.123.2","4,808","China Unicom Beijing Province Network","China Unicom Beijing Province Network",Beijing,Asia,CN,China,"POINT (116.3861 39.9143)","CN-BJ",Beijing,"123.123.123.2",Beijing,Asia,CN,"POINT (116.3861 39.9143)","CN-BJ",Beijing,Firefox,"Mozilla/5.0 (X11; Ubuntu; Linux x86_64; rv:105.0) Gecko/20100101 Firefox/105.0",Ubuntu,php,"/logout.php","/logout.php","/logout.php","-","-","-",Other,Firefox,"Mozilla/5.0 (X11; Ubuntu; Linux x86_64; rv:105.0) Gecko/20100101 Firefox/105.0","Mozilla/5.0 (X11; Ubuntu; Linux x86_64; rv:105.0) Gecko/20100101 Firefox/105.0",Ubuntu,Ubuntu,"105.0."
"Oct 24, 2022 @ 23:29:11.000","Bd6cCoQBDsc6tFfSv-87",".ds-filebeat-8.4.3-2022.10.24-000001","-","71df9d48-1d5b-48bc-9d0b-4c069d92c8ca","dvwa_web","8d42cf34-4f58-4413-b965-cf6afa6eb26b","dvwa_web",filebeat,"8.4.3","1.12.0",web,"Oct 24, 2022 @ 23:29:13.565","apache.access","Oct 24, 2022 @ 23:29:15.560",event,apache,"123.123.123.2 - - [24/Oct/2022:23:29:11 +0800] ""GET /login.php HTTP/1.1"" 200 1042 ""-"" ""Mozilla/5.0 (X11; Ubuntu; Linux x86_64; rv:105.0) Gecko/20100101 Firefox/105.0""",success,access,"x86_64",false,"dvwa_web",bc7bc6b9453f4089b9bfee6b38b5fc6f,"123.123.123.123, 10.10.10.10","02:42:0a:0a:0a:0a, 02:42:7b:7b:7b:7b","dvwa_web",bullseye,debian,"5.15.0-52-generic","Debian GNU/Linux","Debian GNU/Linux",debian,linux,"11 (bullseye)",GET,"-","1,042",200,"1.1",log,"/var/log/apache2/access.log","86,287",apache,"123.123.123.2","4,808","China Unicom Beijing Province Network","China Unicom Beijing Province Network",Beijing,Asia,CN,China,"POINT (116.3861 39.9143)","CN-BJ",Beijing,"123.123.123.2",Beijing,Asia,CN,"POINT (116.3861 39.9143)","CN-BJ",Beijing,Firefox,"Mozilla/5.0 (X11; Ubuntu; Linux x86_64; rv:105.0) Gecko/20100101 Firefox/105.0",Ubuntu,php,"/login.php","/login.php","/login.php","-","-","-",Other,Firefox,"Mozilla/5.0 (X11; Ubuntu; Linux x86_64; rv:105.0) Gecko/20100101 Firefox/105.0","Mozilla/5.0 (X11; Ubuntu; Linux x86_64; rv:105.0) Gecko/20100101 Firefox/105.0",Ubuntu,Ubuntu,"105.0."
"Oct 24, 2022 @ 23:29:10.000","_t6cCoQBDsc6tFfSv-47",".ds-filebeat-8.4.3-2022.10.24-000001","-","71df9d48-1d5b-48bc-9d0b-4c069d92c8ca","dvwa_web","8d42cf34-4f58-4413-b965-cf6afa6eb26b","dvwa_web",filebeat,"8.4.3","1.12.0",web,"Oct 24, 2022 @ 23:29:13.565","apache.access","Oct 24, 2022 @ 23:29:15.559",event,apache,"123.123.123.2 - - [24/Oct/2022:23:29:10 +0800] ""GET /login.php HTTP/1.1"" 200 1183 ""-"" ""Mozilla/5.0 (X11; Ubuntu; Linux x86_64; rv:105.0) Gecko/20100101 Firefox/105.0""",success,access,"x86_64",false,"dvwa_web",bc7bc6b9453f4089b9bfee6b38b5fc6f,"123.123.123.123, 10.10.10.10","02:42:0a:0a:0a:0a, 02:42:7b:7b:7b:7b","dvwa_web",bullseye,debian,"5.15.0-52-generic","Debian GNU/Linux","Debian GNU/Linux",debian,linux,"11 (bullseye)",GET,"-","1,183",200,"1.1",log,"/var/log/apache2/access.log","85,078",apache,"123.123.123.2","4,808","China Unicom Beijing Province Network","China Unicom Beijing Province Network",Beijing,Asia,CN,China,"POINT (116.3861 39.9143)","CN-BJ",Beijing,"123.123.123.2",Beijing,Asia,CN,"POINT (116.3861 39.9143)","CN-BJ",Beijing,Firefox,"Mozilla/5.0 (X11; Ubuntu; Linux x86_64; rv:105.0) Gecko/20100101 Firefox/105.0",Ubuntu,php,"/login.php","/login.php","/login.php","-","-","-",Other,Firefox,"Mozilla/5.0 (X11; Ubuntu; Linux x86_64; rv:105.0) Gecko/20100101 Firefox/105.0","Mozilla/5.0 (X11; Ubuntu; Linux x86_64; rv:105.0) Gecko/20100101 Firefox/105.0",Ubuntu,Ubuntu,"105.0."
"Oct 24, 2022 @ 23:29:10.000","_96cCoQBDsc6tFfSv-47",".ds-filebeat-8.4.3-2022.10.24-000001","-","71df9d48-1d5b-48bc-9d0b-4c069d92c8ca","dvwa_web","8d42cf34-4f58-4413-b965-cf6afa6eb26b","dvwa_web",filebeat,"8.4.3","1.12.0",web,"Oct 24, 2022 @ 23:29:13.565","apache.access","Oct 24, 2022 @ 23:29:15.559",event,apache,"123.123.123.2 - - [24/Oct/2022:23:29:10 +0800] ""POST /login.php HTTP/1.1"" 302 363 ""-"" ""Mozilla/5.0 (X11; Ubuntu; Linux x86_64; rv:105.0) Gecko/20100101 Firefox/105.0""",success,access,"x86_64",false,"dvwa_web",bc7bc6b9453f4089b9bfee6b38b5fc6f,"123.123.123.123, 10.10.10.10","02:42:0a:0a:0a:0a, 02:42:7b:7b:7b:7b","dvwa_web",bullseye,debian,"5.15.0-52-generic","Debian GNU/Linux","Debian GNU/Linux",debian,linux,"11 (bullseye)",POST,"-",363,302,"1.1",log,"/var/log/apache2/access.log","85,245",apache,"123.123.123.2","4,808","China Unicom Beijing Province Network","China Unicom Beijing Province Network",Beijing,Asia,CN,China,"POINT (116.3861 39.9143)","CN-BJ",Beijing,"123.123.123.2",Beijing,Asia,CN,"POINT (116.3861 39.9143)","CN-BJ",Beijing,Firefox,"Mozilla/5.0 (X11; Ubuntu; Linux x86_64; rv:105.0) Gecko/20100101 Firefox/105.0",Ubuntu,php,"/login.php","/login.php","/login.php","-","-","-",Other,Firefox,"Mozilla/5.0 (X11; Ubuntu; Linux x86_64; rv:105.0) Gecko/20100101 Firefox/105.0","Mozilla/5.0 (X11; Ubuntu; Linux x86_64; rv:105.0) Gecko/20100101 Firefox/105.0",Ubuntu,Ubuntu,"105.0."
"Oct 24, 2022 @ 23:29:07.000","_d6cCoQBDsc6tFfSv-47",".ds-filebeat-8.4.3-2022.10.24-000001","-","71df9d48-1d5b-48bc-9d0b-4c069d92c8ca","dvwa_web","8d42cf34-4f58-4413-b965-cf6afa6eb26b","dvwa_web",filebeat,"8.4.3","1.12.0",web,"Oct 24, 2022 @ 23:29:13.559","apache.access","Oct 24, 2022 @ 23:29:15.558",event,apache,"127.0.0.1 - - [24/Oct/2022:23:29:07 +0800] ""GET /server-status?auto= HTTP/1.1"" 200 609 ""-"" ""Elastic-Metricbeat/8.4.3 (linux; amd64; c2f2aba479653563dbaabefe0f86f5579708ec94; 2022-09-27 15:34:12 +0000 UTC)""",success,access,"x86_64",false,"dvwa_web",bc7bc6b9453f4089b9bfee6b38b5fc6f,"123.123.123.123, 10.10.10.10","02:42:0a:0a:0a:0a, 02:42:7b:7b:7b:7b","dvwa_web",bullseye,debian,"5.15.0-52-generic","Debian GNU/Linux","Debian GNU/Linux",debian,linux,"11 (bullseye)",GET,"-",609,200,"1.1",log,"/var/log/apache2/access.log","84,872",apache,"127.0.0.1","-","-","-","-","-","-","-","-","-","-","127.0.0.1","-","-","-","-","-","-",Other,"Elastic-Metricbeat/8.4.3 (linux; amd64; c2f2aba479653563dbaabefe0f86f5579708ec94; 2022-09-27 15:34:12 +0000 UTC)",Linux,"-","/server-status?auto=","/server-status?auto=","/server-status","auto=","-","-",Other,Other,"Elastic-Metricbeat/8.4.3 (linux; amd64; c2f2aba479653563dbaabefe0f86f5579708ec94; 2022-09-27 15:34:12 +0000 UTC)","Elastic-Metricbeat/8.4.3 (linux; amd64; c2f2aba479653563dbaabefe0f86f5579708ec94; 2022-09-27 15:34:12 +0000 UTC)",Linux,Linux,"-"
