@timestamp,action,agent.hostname,client_ip,event.ingested,file_end,file_position,file_start,host.hostname,host.id,host.ip,host.mac,host.os.codename,host.os.family,host.os.kernel,host.os.name,host.os.type,host.os.version,message,name_of_service,success,timestamp,user_service
"Oct 24, 2022 @ 23:25:03.568",disconnect,fileserver,10.10.10.3,"Oct 24, 2022 @ 23:25:04.570",-,IPC$,-,fileserver,40beb5eb909e171860ceee669da56e1d,10.10.10.30,02:42:0a:0a:0a:1e,jessie,debian,5.15.0-52-generic,Debian GNU/Linux,linux,8 (jessie),Oct 24 23:24:56 fileserver smbd_audit: sambacry|10.10.10.3|IPC_|disconnect|ok|IPC$,IPC_,ok,Oct 24 23:24:56,sambacry
"Oct 24, 2022 @ 23:25:03.568",connect,fileserver,10.10.10.3,"Oct 24, 2022 @ 23:25:04.570",-,data,-,fileserver,40beb5eb909e171860ceee669da56e1d,10.10.10.30,02:42:0a:0a:0a:1e,jessie,debian,5.15.0-52-generic,Debian GNU/Linux,linux,8 (jessie),Oct 24 23:24:56 fileserver smbd_audit: sambacry|10.10.10.3|data|connect|ok|data,data,ok,Oct 24 23:24:56,sambacry
"Oct 24, 2022 @ 23:25:03.568",realpath,fileserver,10.10.10.3,"Oct 24, 2022 @ 23:25:04.570",-,/data,-,fileserver,40beb5eb909e171860ceee669da56e1d,10.10.10.30,02:42:0a:0a:0a:1e,jessie,debian,5.15.0-52-generic,Debian GNU/Linux,linux,8 (jessie),Oct 24 23:24:56 fileserver smbd_audit: sambacry|10.10.10.3|data|realpath|ok|/data,data,ok,Oct 24 23:24:56,sambacry
"Oct 24, 2022 @ 23:25:03.568",realpath,fileserver,10.10.10.3,"Oct 24, 2022 @ 23:25:04.570",-,/data,-,fileserver,40beb5eb909e171860ceee669da56e1d,10.10.10.30,02:42:0a:0a:0a:1e,jessie,debian,5.15.0-52-generic,Debian GNU/Linux,linux,8 (jessie),Oct 24 23:24:56 fileserver smbd_audit: sambacry|10.10.10.3|data|realpath|ok|/data,data,ok,Oct 24 23:24:56,sambacry
"Oct 24, 2022 @ 23:25:03.568",chdir,fileserver,10.10.10.3,"Oct 24, 2022 @ 23:25:04.570",/data,-,chdir,fileserver,40beb5eb909e171860ceee669da56e1d,10.10.10.30,02:42:0a:0a:0a:1e,jessie,debian,5.15.0-52-generic,Debian GNU/Linux,linux,8 (jessie),Oct 24 23:24:56 fileserver smbd_audit: sambacry|10.10.10.3|data|chdir|ok|chdir|/data,data,ok,Oct 24 23:24:56,sambacry
"Oct 24, 2022 @ 23:25:03.568",realpath,fileserver,10.10.10.3,"Oct 24, 2022 @ 23:25:04.570",-,.,-,fileserver,40beb5eb909e171860ceee669da56e1d,10.10.10.30,02:42:0a:0a:0a:1e,jessie,debian,5.15.0-52-generic,Debian GNU/Linux,linux,8 (jessie),Oct 24 23:24:56 fileserver smbd_audit: sambacry|10.10.10.3|data|realpath|ok|.,data,ok,Oct 24 23:24:56,sambacry
"Oct 24, 2022 @ 23:25:03.568",realpath,fileserver,10.10.10.3,"Oct 24, 2022 @ 23:25:04.570",-,.,-,fileserver,40beb5eb909e171860ceee669da56e1d,10.10.10.30,02:42:0a:0a:0a:1e,jessie,debian,5.15.0-52-generic,Debian GNU/Linux,linux,8 (jessie),Oct 24 23:24:56 fileserver smbd_audit: sambacry|10.10.10.3|data|realpath|ok|.,data,ok,Oct 24 23:24:56,sambacry
"Oct 24, 2022 @ 23:25:03.568",open,fileserver,10.10.10.3,"Oct 24, 2022 @ 23:25:04.571",.,-,r,fileserver,40beb5eb909e171860ceee669da56e1d,10.10.10.30,02:42:0a:0a:0a:1e,jessie,debian,5.15.0-52-generic,Debian GNU/Linux,linux,8 (jessie),Oct 24 23:24:56 fileserver smbd_audit: sambacry|10.10.10.3|data|open|ok|r|.,data,ok,Oct 24 23:24:56,sambacry
"Oct 24, 2022 @ 23:25:03.568",get_dos_attributes,fileserver,10.10.10.3,"Oct 24, 2022 @ 23:25:04.571",-,.,-,fileserver,40beb5eb909e171860ceee669da56e1d,10.10.10.30,02:42:0a:0a:0a:1e,jessie,debian,5.15.0-52-generic,Debian GNU/Linux,linux,8 (jessie),Oct 24 23:24:56 fileserver smbd_audit: sambacry|10.10.10.3|data|get_dos_attributes|fail (Success)|.,data,fail (Success),Oct 24 23:24:56,sambacry
"Oct 24, 2022 @ 23:25:03.568",is_offline,fileserver,10.10.10.3,"Oct 24, 2022 @ 23:25:04.571",-,.,-,fileserver,40beb5eb909e171860ceee669da56e1d,10.10.10.30,02:42:0a:0a:0a:1e,jessie,debian,5.15.0-52-generic,Debian GNU/Linux,linux,8 (jessie),Oct 24 23:24:56 fileserver smbd_audit: sambacry|10.10.10.3|data|is_offline|fail (Success)|.,data,fail (Success),Oct 24 23:24:56,sambacry
"Oct 24, 2022 @ 23:25:03.568",stat,fileserver,10.10.10.3,"Oct 24, 2022 @ 23:25:04.571",-,company_metrics.txt,-,fileserver,40beb5eb909e171860ceee669da56e1d,10.10.10.30,02:42:0a:0a:0a:1e,jessie,debian,5.15.0-52-generic,Debian GNU/Linux,linux,8 (jessie),Oct 24 23:24:56 fileserver smbd_audit: sambacry|10.10.10.3|data|stat|fail (No such file or directory)|company_metrics.txt,data,fail (No such file or directory),Oct 24 23:24:56,sambacry
"Oct 24, 2022 @ 23:25:03.568",stat,fileserver,10.10.10.3,"Oct 24, 2022 @ 23:25:04.571",-,company_metrics.txt,-,fileserver,40beb5eb909e171860ceee669da56e1d,10.10.10.30,02:42:0a:0a:0a:1e,jessie,debian,5.15.0-52-generic,Debian GNU/Linux,linux,8 (jessie),Oct 24 23:24:56 fileserver smbd_audit: sambacry|10.10.10.3|data|stat|fail (No such file or directory)|company_metrics.txt,data,fail (No such file or directory),Oct 24 23:24:56,sambacry
"Oct 24, 2022 @ 23:25:03.568",get_real_filename,fileserver,10.10.10.3,"Oct 24, 2022 @ 23:25:04.571",-,/company_metrics.txt->(null),-,fileserver,40beb5eb909e171860ceee669da56e1d,10.10.10.30,02:42:0a:0a:0a:1e,jessie,debian,5.15.0-52-generic,Debian GNU/Linux,linux,8 (jessie),Oct 24 23:24:56 fileserver smbd_audit: sambacry|10.10.10.3|data|get_real_filename|fail (Operation not supported)|/company_metrics.txt->(null),data,fail (Operation not supported),Oct 24 23:24:56,sambacry
"Oct 24, 2022 @ 23:25:03.568",realpath,fileserver,10.10.10.3,"Oct 24, 2022 @ 23:25:04.571",-,.,-,fileserver,40beb5eb909e171860ceee669da56e1d,10.10.10.30,02:42:0a:0a:0a:1e,jessie,debian,5.15.0-52-generic,Debian GNU/Linux,linux,8 (jessie),Oct 24 23:24:56 fileserver smbd_audit: sambacry|10.10.10.3|data|realpath|ok|.,data,ok,Oct 24 23:24:56,sambacry
"Oct 24, 2022 @ 23:25:03.568",opendir,fileserver,10.10.10.3,"Oct 24, 2022 @ 23:25:04.571",-,.,-,fileserver,40beb5eb909e171860ceee669da56e1d,10.10.10.30,02:42:0a:0a:0a:1e,jessie,debian,5.15.0-52-generic,Debian GNU/Linux,linux,8 (jessie),Oct 24 23:24:56 fileserver smbd_audit: sambacry|10.10.10.3|data|opendir|ok|.,data,ok,Oct 24 23:24:56,sambacry
"Oct 24, 2022 @ 23:25:03.568",translate_name,fileserver,10.10.10.3,"Oct 24, 2022 @ 23:25:04.571",-,(empty),-,fileserver,40beb5eb909e171860ceee669da56e1d,10.10.10.30,02:42:0a:0a:0a:1e,jessie,debian,5.15.0-52-generic,Debian GNU/Linux,linux,8 (jessie),Oct 24 23:24:56 fileserver smbd_audit: sambacry|10.10.10.3|data|translate_name|fail (Operation not supported)|,data,fail (Operation not supported),Oct 24 23:24:56,sambacry
"Oct 24, 2022 @ 23:25:03.568",translate_name,fileserver,10.10.10.3,"Oct 24, 2022 @ 23:25:04.583",-,(empty),-,fileserver,40beb5eb909e171860ceee669da56e1d,10.10.10.30,02:42:0a:0a:0a:1e,jessie,debian,5.15.0-52-generic,Debian GNU/Linux,linux,8 (jessie),Oct 24 23:24:56 fileserver smbd_audit: sambacry|10.10.10.3|data|translate_name|fail (Operation not supported)|,data,fail (Operation not supported),Oct 24 23:24:56,sambacry
"Oct 24, 2022 @ 23:25:03.568",translate_name,fileserver,10.10.10.3,"Oct 24, 2022 @ 23:25:04.583",-,(empty),-,fileserver,40beb5eb909e171860ceee669da56e1d,10.10.10.30,02:42:0a:0a:0a:1e,jessie,debian,5.15.0-52-generic,Debian GNU/Linux,linux,8 (jessie),Oct 24 23:24:56 fileserver smbd_audit: sambacry|10.10.10.3|data|translate_name|fail (Operation not supported)|,data,fail (Operation not supported),Oct 24 23:24:56,sambacry
"Oct 24, 2022 @ 23:25:03.568",closedir,fileserver,10.10.10.3,"Oct 24, 2022 @ 23:25:04.583",-,(empty),-,fileserver,40beb5eb909e171860ceee669da56e1d,10.10.10.30,02:42:0a:0a:0a:1e,jessie,debian,5.15.0-52-generic,Debian GNU/Linux,linux,8 (jessie),Oct 24 23:24:56 fileserver smbd_audit: sambacry|10.10.10.3|data|closedir|ok|,data,ok,Oct 24 23:24:56,sambacry
"Oct 24, 2022 @ 23:25:03.568",realpath,fileserver,10.10.10.3,"Oct 24, 2022 @ 23:25:04.583",-,company_metrics.txt,-,fileserver,40beb5eb909e171860ceee669da56e1d,10.10.10.30,02:42:0a:0a:0a:1e,jessie,debian,5.15.0-52-generic,Debian GNU/Linux,linux,8 (jessie),Oct 24 23:24:56 fileserver smbd_audit: sambacry|10.10.10.3|data|realpath|fail (No such file or directory)|company_metrics.txt,data,fail (No such file or directory),Oct 24 23:24:56,sambacry
"Oct 24, 2022 @ 23:25:03.568",realpath,fileserver,10.10.10.3,"Oct 24, 2022 @ 23:25:04.583",-,.,-,fileserver,40beb5eb909e171860ceee669da56e1d,10.10.10.30,02:42:0a:0a:0a:1e,jessie,debian,5.15.0-52-generic,Debian GNU/Linux,linux,8 (jessie),Oct 24 23:24:56 fileserver smbd_audit: sambacry|10.10.10.3|data|realpath|ok|.,data,ok,Oct 24 23:24:56,sambacry
"Oct 24, 2022 @ 23:25:03.568",stat,fileserver,10.10.10.3,"Oct 24, 2022 @ 23:25:04.583",-,./company_metrics.txt,-,fileserver,40beb5eb909e171860ceee669da56e1d,10.10.10.30,02:42:0a:0a:0a:1e,jessie,debian,5.15.0-52-generic,Debian GNU/Linux,linux,8 (jessie),Oct 24 23:24:56 fileserver smbd_audit: sambacry|10.10.10.3|data|stat|fail (No such file or directory)|./company_metrics.txt,data,fail (No such file or directory),Oct 24 23:24:56,sambacry
"Oct 24, 2022 @ 23:25:03.568",get_real_filename,fileserver,10.10.10.3,"Oct 24, 2022 @ 23:25:04.583",-,./company_metrics.txt->(null),-,fileserver,40beb5eb909e171860ceee669da56e1d,10.10.10.30,02:42:0a:0a:0a:1e,jessie,debian,5.15.0-52-generic,Debian GNU/Linux,linux,8 (jessie),Oct 24 23:24:56 fileserver smbd_audit: sambacry|10.10.10.3|data|get_real_filename|fail (Operation not supported)|./company_metrics.txt->(null),data,fail (Operation not supported),Oct 24 23:24:56,sambacry
"Oct 24, 2022 @ 23:25:03.568",translate_name,fileserver,10.10.10.3,"Oct 24, 2022 @ 23:25:04.583",-,(empty),-,fileserver,40beb5eb909e171860ceee669da56e1d,10.10.10.30,02:42:0a:0a:0a:1e,jessie,debian,5.15.0-52-generic,Debian GNU/Linux,linux,8 (jessie),Oct 24 23:24:56 fileserver smbd_audit: sambacry|10.10.10.3|data|translate_name|fail (Operation not supported)|,data,fail (Operation not supported),Oct 24 23:24:56,sambacry
"Oct 24, 2022 @ 23:25:03.568",translate_name,fileserver,10.10.10.3,"Oct 24, 2022 @ 23:25:04.583",-,(empty),-,fileserver,40beb5eb909e171860ceee669da56e1d,10.10.10.30,02:42:0a:0a:0a:1e,jessie,debian,5.15.0-52-generic,Debian GNU/Linux,linux,8 (jessie),Oct 24 23:24:56 fileserver smbd_audit: sambacry|10.10.10.3|data|translate_name|fail (Operation not supported)|,data,fail (Operation not supported),Oct 24 23:24:56,sambacry
"Oct 24, 2022 @ 23:25:03.568",translate_name,fileserver,10.10.10.3,"Oct 24, 2022 @ 23:25:04.583",-,(empty),-,fileserver,40beb5eb909e171860ceee669da56e1d,10.10.10.30,02:42:0a:0a:0a:1e,jessie,debian,5.15.0-52-generic,Debian GNU/Linux,linux,8 (jessie),Oct 24 23:24:56 fileserver smbd_audit: sambacry|10.10.10.3|data|translate_name|fail (Operation not supported)|,data,fail (Operation not supported),Oct 24 23:24:56,sambacry
"Oct 24, 2022 @ 23:25:03.568",closedir,fileserver,10.10.10.3,"Oct 24, 2022 @ 23:25:04.583",-,(empty),-,fileserver,40beb5eb909e171860ceee669da56e1d,10.10.10.30,02:42:0a:0a:0a:1e,jessie,debian,5.15.0-52-generic,Debian GNU/Linux,linux,8 (jessie),Oct 24 23:24:56 fileserver smbd_audit: sambacry|10.10.10.3|data|closedir|ok|,data,ok,Oct 24 23:24:56,sambacry
"Oct 24, 2022 @ 23:25:03.568",chdir,fileserver,10.10.10.3,"Oct 24, 2022 @ 23:25:04.583",/,-,chdir,fileserver,40beb5eb909e171860ceee669da56e1d,10.10.10.30,02:42:0a:0a:0a:1e,jessie,debian,5.15.0-52-generic,Debian GNU/Linux,linux,8 (jessie),Oct 24 23:24:56 fileserver smbd_audit: sambacry|10.10.10.3|data|chdir|ok|chdir|/,data,ok,Oct 24 23:24:56,sambacry
"Oct 24, 2022 @ 23:25:03.568",disconnect,fileserver,10.10.10.3,"Oct 24, 2022 @ 23:25:04.583",-,data,-,fileserver,40beb5eb909e171860ceee669da56e1d,10.10.10.30,02:42:0a:0a:0a:1e,jessie,debian,5.15.0-52-generic,Debian GNU/Linux,linux,8 (jessie),Oct 24 23:24:56 fileserver smbd_audit: sambacry|10.10.10.3|data|disconnect|ok|data,data,ok,Oct 24 23:24:56,sambacry
"Oct 24, 2022 @ 23:25:03.567",connect,fileserver,10.10.10.2,"Oct 24, 2022 @ 23:25:04.570",-,IPC$,-,fileserver,40beb5eb909e171860ceee669da56e1d,10.10.10.30,02:42:0a:0a:0a:1e,jessie,debian,5.15.0-52-generic,Debian GNU/Linux,linux,8 (jessie),Oct 24 23:24:56 fileserver smbd_audit: sambacry|10.10.10.2|IPC_|connect|ok|IPC$,IPC_,ok,Oct 24 23:24:56,sambacry
"Oct 24, 2022 @ 23:25:03.567",realpath,fileserver,10.10.10.2,"Oct 24, 2022 @ 23:25:04.570",-,/tmp,-,fileserver,40beb5eb909e171860ceee669da56e1d,10.10.10.30,02:42:0a:0a:0a:1e,jessie,debian,5.15.0-52-generic,Debian GNU/Linux,linux,8 (jessie),Oct 24 23:24:56 fileserver smbd_audit: sambacry|10.10.10.2|IPC_|realpath|ok|/tmp,IPC_,ok,Oct 24 23:24:56,sambacry
"Oct 24, 2022 @ 23:25:03.567",realpath,fileserver,10.10.10.2,"Oct 24, 2022 @ 23:25:04.570",-,/tmp,-,fileserver,40beb5eb909e171860ceee669da56e1d,10.10.10.30,02:42:0a:0a:0a:1e,jessie,debian,5.15.0-52-generic,Debian GNU/Linux,linux,8 (jessie),Oct 24 23:24:56 fileserver smbd_audit: sambacry|10.10.10.2|IPC_|realpath|ok|/tmp,IPC_,ok,Oct 24 23:24:56,sambacry
"Oct 24, 2022 @ 23:25:03.567",chdir,fileserver,10.10.10.2,"Oct 24, 2022 @ 23:25:04.570",/tmp,-,chdir,fileserver,40beb5eb909e171860ceee669da56e1d,10.10.10.30,02:42:0a:0a:0a:1e,jessie,debian,5.15.0-52-generic,Debian GNU/Linux,linux,8 (jessie),Oct 24 23:24:56 fileserver smbd_audit: sambacry|10.10.10.2|IPC_|chdir|ok|chdir|/tmp,IPC_,ok,Oct 24 23:24:56,sambacry
"Oct 24, 2022 @ 23:25:03.567",get_dfs_referrals,fileserver,10.10.10.2,"Oct 24, 2022 @ 23:25:04.570",-,(empty),-,fileserver,40beb5eb909e171860ceee669da56e1d,10.10.10.30,02:42:0a:0a:0a:1e,jessie,debian,5.15.0-52-generic,Debian GNU/Linux,linux,8 (jessie),Oct 24 23:24:56 fileserver smbd_audit: sambacry|10.10.10.2|IPC_|get_dfs_referrals|fail (Success)|,IPC_,fail (Success),Oct 24 23:24:56,sambacry
"Oct 24, 2022 @ 23:25:03.567",chdir,fileserver,10.10.10.2,"Oct 24, 2022 @ 23:25:04.570",/,-,chdir,fileserver,40beb5eb909e171860ceee669da56e1d,10.10.10.30,02:42:0a:0a:0a:1e,jessie,debian,5.15.0-52-generic,Debian GNU/Linux,linux,8 (jessie),Oct 24 23:24:56 fileserver smbd_audit: sambacry|10.10.10.2|IPC_|chdir|ok|chdir|/,IPC_,ok,Oct 24 23:24:56,sambacry
"Oct 24, 2022 @ 23:25:03.567",disconnect,fileserver,10.10.10.2,"Oct 24, 2022 @ 23:25:04.570",-,IPC$,-,fileserver,40beb5eb909e171860ceee669da56e1d,10.10.10.30,02:42:0a:0a:0a:1e,jessie,debian,5.15.0-52-generic,Debian GNU/Linux,linux,8 (jessie),Oct 24 23:24:56 fileserver smbd_audit: sambacry|10.10.10.2|IPC_|disconnect|ok|IPC$,IPC_,ok,Oct 24 23:24:56,sambacry
"Oct 24, 2022 @ 23:25:03.567",connect,fileserver,10.10.10.2,"Oct 24, 2022 @ 23:25:04.570",-,data,-,fileserver,40beb5eb909e171860ceee669da56e1d,10.10.10.30,02:42:0a:0a:0a:1e,jessie,debian,5.15.0-52-generic,Debian GNU/Linux,linux,8 (jessie),Oct 24 23:24:56 fileserver smbd_audit: sambacry|10.10.10.2|data|connect|ok|data,data,ok,Oct 24 23:24:56,sambacry
"Oct 24, 2022 @ 23:25:03.567",realpath,fileserver,10.10.10.2,"Oct 24, 2022 @ 23:25:04.570",-,/data,-,fileserver,40beb5eb909e171860ceee669da56e1d,10.10.10.30,02:42:0a:0a:0a:1e,jessie,debian,5.15.0-52-generic,Debian GNU/Linux,linux,8 (jessie),Oct 24 23:24:56 fileserver smbd_audit: sambacry|10.10.10.2|data|realpath|ok|/data,data,ok,Oct 24 23:24:56,sambacry
"Oct 24, 2022 @ 23:25:03.567",realpath,fileserver,10.10.10.2,"Oct 24, 2022 @ 23:25:04.570",-,/data,-,fileserver,40beb5eb909e171860ceee669da56e1d,10.10.10.30,02:42:0a:0a:0a:1e,jessie,debian,5.15.0-52-generic,Debian GNU/Linux,linux,8 (jessie),Oct 24 23:24:56 fileserver smbd_audit: sambacry|10.10.10.2|data|realpath|ok|/data,data,ok,Oct 24 23:24:56,sambacry
"Oct 24, 2022 @ 23:25:03.567",chdir,fileserver,10.10.10.2,"Oct 24, 2022 @ 23:25:04.570",/data,-,chdir,fileserver,40beb5eb909e171860ceee669da56e1d,10.10.10.30,02:42:0a:0a:0a:1e,jessie,debian,5.15.0-52-generic,Debian GNU/Linux,linux,8 (jessie),Oct 24 23:24:56 fileserver smbd_audit: sambacry|10.10.10.2|data|chdir|ok|chdir|/data,data,ok,Oct 24 23:24:56,sambacry
"Oct 24, 2022 @ 23:25:03.567",realpath,fileserver,10.10.10.2,"Oct 24, 2022 @ 23:25:04.570",-,.,-,fileserver,40beb5eb909e171860ceee669da56e1d,10.10.10.30,02:42:0a:0a:0a:1e,jessie,debian,5.15.0-52-generic,Debian GNU/Linux,linux,8 (jessie),Oct 24 23:24:56 fileserver smbd_audit: sambacry|10.10.10.2|data|realpath|ok|.,data,ok,Oct 24 23:24:56,sambacry
"Oct 24, 2022 @ 23:25:03.567",realpath,fileserver,10.10.10.2,"Oct 24, 2022 @ 23:25:04.570",-,.,-,fileserver,40beb5eb909e171860ceee669da56e1d,10.10.10.30,02:42:0a:0a:0a:1e,jessie,debian,5.15.0-52-generic,Debian GNU/Linux,linux,8 (jessie),Oct 24 23:24:56 fileserver smbd_audit: sambacry|10.10.10.2|data|realpath|ok|.,data,ok,Oct 24 23:24:56,sambacry
"Oct 24, 2022 @ 23:25:03.567",open,fileserver,10.10.10.2,"Oct 24, 2022 @ 23:25:04.570",.,-,r,fileserver,40beb5eb909e171860ceee669da56e1d,10.10.10.30,02:42:0a:0a:0a:1e,jessie,debian,5.15.0-52-generic,Debian GNU/Linux,linux,8 (jessie),Oct 24 23:24:56 fileserver smbd_audit: sambacry|10.10.10.2|data|open|ok|r|.,data,ok,Oct 24 23:24:56,sambacry
"Oct 24, 2022 @ 23:25:03.567",get_dos_attributes,fileserver,10.10.10.2,"Oct 24, 2022 @ 23:25:04.570",-,.,-,fileserver,40beb5eb909e171860ceee669da56e1d,10.10.10.30,02:42:0a:0a:0a:1e,jessie,debian,5.15.0-52-generic,Debian GNU/Linux,linux,8 (jessie),Oct 24 23:24:56 fileserver smbd_audit: sambacry|10.10.10.2|data|get_dos_attributes|fail (Success)|.,data,fail (Success),Oct 24 23:24:56,sambacry
"Oct 24, 2022 @ 23:25:03.567",is_offline,fileserver,10.10.10.2,"Oct 24, 2022 @ 23:25:04.570",-,.,-,fileserver,40beb5eb909e171860ceee669da56e1d,10.10.10.30,02:42:0a:0a:0a:1e,jessie,debian,5.15.0-52-generic,Debian GNU/Linux,linux,8 (jessie),Oct 24 23:24:56 fileserver smbd_audit: sambacry|10.10.10.2|data|is_offline|fail (Success)|.,data,fail (Success),Oct 24 23:24:56,sambacry
"Oct 24, 2022 @ 23:25:03.567",realpath,fileserver,10.10.10.2,"Oct 24, 2022 @ 23:25:04.570",-,company_metrics.txt,-,fileserver,40beb5eb909e171860ceee669da56e1d,10.10.10.30,02:42:0a:0a:0a:1e,jessie,debian,5.15.0-52-generic,Debian GNU/Linux,linux,8 (jessie),Oct 24 23:24:56 fileserver smbd_audit: sambacry|10.10.10.2|data|realpath|ok|company_metrics.txt,data,ok,Oct 24 23:24:56,sambacry
"Oct 24, 2022 @ 23:25:03.567",get_dos_attributes,fileserver,10.10.10.2,"Oct 24, 2022 @ 23:25:04.570",-,company_metrics.txt,-,fileserver,40beb5eb909e171860ceee669da56e1d,10.10.10.30,02:42:0a:0a:0a:1e,jessie,debian,5.15.0-52-generic,Debian GNU/Linux,linux,8 (jessie),Oct 24 23:24:56 fileserver smbd_audit: sambacry|10.10.10.2|data|get_dos_attributes|fail (Success)|company_metrics.txt,data,fail (Success),Oct 24 23:24:56,sambacry
"Oct 24, 2022 @ 23:25:03.567",is_offline,fileserver,10.10.10.2,"Oct 24, 2022 @ 23:25:04.570",-,company_metrics.txt,-,fileserver,40beb5eb909e171860ceee669da56e1d,10.10.10.30,02:42:0a:0a:0a:1e,jessie,debian,5.15.0-52-generic,Debian GNU/Linux,linux,8 (jessie),Oct 24 23:24:56 fileserver smbd_audit: sambacry|10.10.10.2|data|is_offline|fail (Operation not supported)|company_metrics.txt,data,fail (Operation not supported),Oct 24 23:24:56,sambacry
"Oct 24, 2022 @ 23:25:03.567",readdir_attr,fileserver,10.10.10.2,"Oct 24, 2022 @ 23:25:04.570",-,company_metrics.txt,-,fileserver,40beb5eb909e171860ceee669da56e1d,10.10.10.30,02:42:0a:0a:0a:1e,jessie,debian,5.15.0-52-generic,Debian GNU/Linux,linux,8 (jessie),Oct 24 23:24:56 fileserver smbd_audit: sambacry|10.10.10.2|data|readdir_attr|fail (Operation not supported)|company_metrics.txt,data,fail (Operation not supported),Oct 24 23:24:56,sambacry
"Oct 24, 2022 @ 23:25:03.567",realpath,fileserver,10.10.10.2,"Oct 24, 2022 @ 23:25:04.570",-,company_metrics.txt,-,fileserver,40beb5eb909e171860ceee669da56e1d,10.10.10.30,02:42:0a:0a:0a:1e,jessie,debian,5.15.0-52-generic,Debian GNU/Linux,linux,8 (jessie),Oct 24 23:24:56 fileserver smbd_audit: sambacry|10.10.10.2|data|realpath|ok|company_metrics.txt,data,ok,Oct 24 23:24:56,sambacry
"Oct 24, 2022 @ 23:25:03.567",get_dos_attributes,fileserver,10.10.10.2,"Oct 24, 2022 @ 23:25:04.570",-,company_metrics.txt,-,fileserver,40beb5eb909e171860ceee669da56e1d,10.10.10.30,02:42:0a:0a:0a:1e,jessie,debian,5.15.0-52-generic,Debian GNU/Linux,linux,8 (jessie),Oct 24 23:24:56 fileserver smbd_audit: sambacry|10.10.10.2|data|get_dos_attributes|fail (Success)|company_metrics.txt,data,fail (Success),Oct 24 23:24:56,sambacry
"Oct 24, 2022 @ 23:25:03.567",get_dos_attributes,fileserver,10.10.10.2,"Oct 24, 2022 @ 23:25:04.570",-,company_metrics.txt,-,fileserver,40beb5eb909e171860ceee669da56e1d,10.10.10.30,02:42:0a:0a:0a:1e,jessie,debian,5.15.0-52-generic,Debian GNU/Linux,linux,8 (jessie),Oct 24 23:24:56 fileserver smbd_audit: sambacry|10.10.10.2|data|get_dos_attributes|fail (Success)|company_metrics.txt,data,fail (Success),Oct 24 23:24:56,sambacry
"Oct 24, 2022 @ 23:25:03.567",is_offline,fileserver,10.10.10.2,"Oct 24, 2022 @ 23:25:04.570",-,company_metrics.txt,-,fileserver,40beb5eb909e171860ceee669da56e1d,10.10.10.30,02:42:0a:0a:0a:1e,jessie,debian,5.15.0-52-generic,Debian GNU/Linux,linux,8 (jessie),Oct 24 23:24:56 fileserver smbd_audit: sambacry|10.10.10.2|data|is_offline|fail (Operation not supported)|company_metrics.txt,data,fail (Operation not supported),Oct 24 23:24:56,sambacry
"Oct 24, 2022 @ 23:25:03.567",unlink,fileserver,10.10.10.2,"Oct 24, 2022 @ 23:25:04.570",-,company_metrics.txt,-,fileserver,40beb5eb909e171860ceee669da56e1d,10.10.10.30,02:42:0a:0a:0a:1e,jessie,debian,5.15.0-52-generic,Debian GNU/Linux,linux,8 (jessie),Oct 24 23:24:56 fileserver smbd_audit: sambacry|10.10.10.2|data|unlink|ok|company_metrics.txt,data,ok,Oct 24 23:24:56,sambacry
"Oct 24, 2022 @ 23:25:03.567",closedir,fileserver,10.10.10.2,"Oct 24, 2022 @ 23:25:04.570",-,(empty),-,fileserver,40beb5eb909e171860ceee669da56e1d,10.10.10.30,02:42:0a:0a:0a:1e,jessie,debian,5.15.0-52-generic,Debian GNU/Linux,linux,8 (jessie),Oct 24 23:24:56 fileserver smbd_audit: sambacry|10.10.10.2|data|closedir|ok|,data,ok,Oct 24 23:24:56,sambacry
"Oct 24, 2022 @ 23:25:03.567",chdir,fileserver,10.10.10.2,"Oct 24, 2022 @ 23:25:04.570",/,-,chdir,fileserver,40beb5eb909e171860ceee669da56e1d,10.10.10.30,02:42:0a:0a:0a:1e,jessie,debian,5.15.0-52-generic,Debian GNU/Linux,linux,8 (jessie),Oct 24 23:24:56 fileserver smbd_audit: sambacry|10.10.10.2|data|chdir|ok|chdir|/,data,ok,Oct 24 23:24:56,sambacry
"Oct 24, 2022 @ 23:25:03.567",disconnect,fileserver,10.10.10.2,"Oct 24, 2022 @ 23:25:04.570",-,data,-,fileserver,40beb5eb909e171860ceee669da56e1d,10.10.10.30,02:42:0a:0a:0a:1e,jessie,debian,5.15.0-52-generic,Debian GNU/Linux,linux,8 (jessie),Oct 24 23:24:56 fileserver smbd_audit: sambacry|10.10.10.2|data|disconnect|ok|data,data,ok,Oct 24 23:24:56,sambacry
"Oct 24, 2022 @ 23:25:03.567",connect,fileserver,10.10.10.3,"Oct 24, 2022 @ 23:25:04.570",-,IPC$,-,fileserver,40beb5eb909e171860ceee669da56e1d,10.10.10.30,02:42:0a:0a:0a:1e,jessie,debian,5.15.0-52-generic,Debian GNU/Linux,linux,8 (jessie),Oct 24 23:24:56 fileserver smbd_audit: sambacry|10.10.10.3|IPC_|connect|ok|IPC$,IPC_,ok,Oct 24 23:24:56,sambacry
"Oct 24, 2022 @ 23:25:03.567",realpath,fileserver,10.10.10.3,"Oct 24, 2022 @ 23:25:04.570",-,/tmp,-,fileserver,40beb5eb909e171860ceee669da56e1d,10.10.10.30,02:42:0a:0a:0a:1e,jessie,debian,5.15.0-52-generic,Debian GNU/Linux,linux,8 (jessie),Oct 24 23:24:56 fileserver smbd_audit: sambacry|10.10.10.3|IPC_|realpath|ok|/tmp,IPC_,ok,Oct 24 23:24:56,sambacry
"Oct 24, 2022 @ 23:25:03.567",realpath,fileserver,10.10.10.3,"Oct 24, 2022 @ 23:25:04.570",-,/tmp,-,fileserver,40beb5eb909e171860ceee669da56e1d,10.10.10.30,02:42:0a:0a:0a:1e,jessie,debian,5.15.0-52-generic,Debian GNU/Linux,linux,8 (jessie),Oct 24 23:24:56 fileserver smbd_audit: sambacry|10.10.10.3|IPC_|realpath|ok|/tmp,IPC_,ok,Oct 24 23:24:56,sambacry
"Oct 24, 2022 @ 23:25:03.567",chdir,fileserver,10.10.10.3,"Oct 24, 2022 @ 23:25:04.570",/tmp,-,chdir,fileserver,40beb5eb909e171860ceee669da56e1d,10.10.10.30,02:42:0a:0a:0a:1e,jessie,debian,5.15.0-52-generic,Debian GNU/Linux,linux,8 (jessie),Oct 24 23:24:56 fileserver smbd_audit: sambacry|10.10.10.3|IPC_|chdir|ok|chdir|/tmp,IPC_,ok,Oct 24 23:24:56,sambacry
"Oct 24, 2022 @ 23:25:03.567",get_dfs_referrals,fileserver,10.10.10.3,"Oct 24, 2022 @ 23:25:04.570",-,(empty),-,fileserver,40beb5eb909e171860ceee669da56e1d,10.10.10.30,02:42:0a:0a:0a:1e,jessie,debian,5.15.0-52-generic,Debian GNU/Linux,linux,8 (jessie),Oct 24 23:24:56 fileserver smbd_audit: sambacry|10.10.10.3|IPC_|get_dfs_referrals|fail (Success)|,IPC_,fail (Success),Oct 24 23:24:56,sambacry
"Oct 24, 2022 @ 23:25:03.567",chdir,fileserver,10.10.10.3,"Oct 24, 2022 @ 23:25:04.570",/,-,chdir,fileserver,40beb5eb909e171860ceee669da56e1d,10.10.10.30,02:42:0a:0a:0a:1e,jessie,debian,5.15.0-52-generic,Debian GNU/Linux,linux,8 (jessie),Oct 24 23:24:56 fileserver smbd_audit: sambacry|10.10.10.3|IPC_|chdir|ok|chdir|/,IPC_,ok,Oct 24 23:24:56,sambacry
"Oct 24, 2022 @ 23:24:29.562",realpath,fileserver,10.10.10.3,"Oct 24, 2022 @ 23:24:30.568",-,company_metrics.txt,-,fileserver,40beb5eb909e171860ceee669da56e1d,10.10.10.30,02:42:0a:0a:0a:1e,jessie,debian,5.15.0-52-generic,Debian GNU/Linux,linux,8 (jessie),Oct 24 23:24:26 fileserver smbd_audit: sambacry|10.10.10.3|data|realpath|fail (No such file or directory)|company_metrics.txt,data,fail (No such file or directory),Oct 24 23:24:26,sambacry
"Oct 24, 2022 @ 23:24:29.562",realpath,fileserver,10.10.10.3,"Oct 24, 2022 @ 23:24:30.568",-,.,-,fileserver,40beb5eb909e171860ceee669da56e1d,10.10.10.30,02:42:0a:0a:0a:1e,jessie,debian,5.15.0-52-generic,Debian GNU/Linux,linux,8 (jessie),Oct 24 23:24:26 fileserver smbd_audit: sambacry|10.10.10.3|data|realpath|ok|.,data,ok,Oct 24 23:24:26,sambacry
"Oct 24, 2022 @ 23:24:29.562",file_id_create,fileserver,10.10.10.3,"Oct 24, 2022 @ 23:24:30.568",-,0:0:0,-,fileserver,40beb5eb909e171860ceee669da56e1d,10.10.10.30,02:42:0a:0a:0a:1e,jessie,debian,5.15.0-52-generic,Debian GNU/Linux,linux,8 (jessie),Oct 24 23:24:26 fileserver smbd_audit: sambacry|10.10.10.3|data|file_id_create|fail (No such file or directory)|0:0:0,data,fail (No such file or directory),Oct 24 23:24:26,sambacry
"Oct 24, 2022 @ 23:24:29.562",realpath,fileserver,10.10.10.3,"Oct 24, 2022 @ 23:24:30.568",-,company_metrics.txt,-,fileserver,40beb5eb909e171860ceee669da56e1d,10.10.10.30,02:42:0a:0a:0a:1e,jessie,debian,5.15.0-52-generic,Debian GNU/Linux,linux,8 (jessie),Oct 24 23:24:26 fileserver smbd_audit: sambacry|10.10.10.3|data|realpath|fail (No such file or directory)|company_metrics.txt,data,fail (No such file or directory),Oct 24 23:24:26,sambacry
"Oct 24, 2022 @ 23:24:29.562",realpath,fileserver,10.10.10.3,"Oct 24, 2022 @ 23:24:30.568",-,.,-,fileserver,40beb5eb909e171860ceee669da56e1d,10.10.10.30,02:42:0a:0a:0a:1e,jessie,debian,5.15.0-52-generic,Debian GNU/Linux,linux,8 (jessie),Oct 24 23:24:26 fileserver smbd_audit: sambacry|10.10.10.3|data|realpath|ok|.,data,ok,Oct 24 23:24:26,sambacry
"Oct 24, 2022 @ 23:24:29.562",open,fileserver,10.10.10.3,"Oct 24, 2022 @ 23:24:30.568",company_metrics.txt,-,w,fileserver,40beb5eb909e171860ceee669da56e1d,10.10.10.30,02:42:0a:0a:0a:1e,jessie,debian,5.15.0-52-generic,Debian GNU/Linux,linux,8 (jessie),Oct 24 23:24:26 fileserver smbd_audit: sambacry|10.10.10.3|data|open|ok|w|company_metrics.txt,data,ok,Oct 24 23:24:26,sambacry
"Oct 24, 2022 @ 23:24:29.562",fchmod_acl,fileserver,10.10.10.3,"Oct 24, 2022 @ 23:24:30.568",744,-,company_metrics.txt,fileserver,40beb5eb909e171860ceee669da56e1d,10.10.10.30,02:42:0a:0a:0a:1e,jessie,debian,5.15.0-52-generic,Debian GNU/Linux,linux,8 (jessie),Oct 24 23:24:26 fileserver smbd_audit: sambacry|10.10.10.3|data|fchmod_acl|fail (No data available)|company_metrics.txt|744,data,fail (No data available),Oct 24 23:24:26,sambacry
"Oct 24, 2022 @ 23:24:29.562",get_dos_attributes,fileserver,10.10.10.3,"Oct 24, 2022 @ 23:24:30.568",-,company_metrics.txt,-,fileserver,40beb5eb909e171860ceee669da56e1d,10.10.10.30,02:42:0a:0a:0a:1e,jessie,debian,5.15.0-52-generic,Debian GNU/Linux,linux,8 (jessie),Oct 24 23:24:26 fileserver smbd_audit: sambacry|10.10.10.3|data|get_dos_attributes|fail (No data available)|company_metrics.txt,data,fail (No data available),Oct 24 23:24:26,sambacry
"Oct 24, 2022 @ 23:24:29.562",is_offline,fileserver,10.10.10.3,"Oct 24, 2022 @ 23:24:30.568",-,company_metrics.txt,-,fileserver,40beb5eb909e171860ceee669da56e1d,10.10.10.30,02:42:0a:0a:0a:1e,jessie,debian,5.15.0-52-generic,Debian GNU/Linux,linux,8 (jessie),Oct 24 23:24:26 fileserver smbd_audit: sambacry|10.10.10.3|data|is_offline|fail (Operation not supported)|company_metrics.txt,data,fail (Operation not supported),Oct 24 23:24:26,sambacry
"Oct 24, 2022 @ 23:24:29.562",aio_force,fileserver,10.10.10.3,"Oct 24, 2022 @ 23:24:30.568",-,company_metrics.txt,-,fileserver,40beb5eb909e171860ceee669da56e1d,10.10.10.30,02:42:0a:0a:0a:1e,jessie,debian,5.15.0-52-generic,Debian GNU/Linux,linux,8 (jessie),Oct 24 23:24:26 fileserver smbd_audit: sambacry|10.10.10.3|data|aio_force|fail (Success)|company_metrics.txt,data,fail (Success),Oct 24 23:24:26,sambacry
"Oct 24, 2022 @ 23:24:29.562",get_dos_attributes,fileserver,10.10.10.3,"Oct 24, 2022 @ 23:24:30.568",-,company_metrics.txt,-,fileserver,40beb5eb909e171860ceee669da56e1d,10.10.10.30,02:42:0a:0a:0a:1e,jessie,debian,5.15.0-52-generic,Debian GNU/Linux,linux,8 (jessie),Oct 24 23:24:26 fileserver smbd_audit: sambacry|10.10.10.3|data|get_dos_attributes|fail (Success)|company_metrics.txt,data,fail (Success),Oct 24 23:24:26,sambacry
"Oct 24, 2022 @ 23:24:29.562",is_offline,fileserver,10.10.10.3,"Oct 24, 2022 @ 23:24:30.568",-,company_metrics.txt,-,fileserver,40beb5eb909e171860ceee669da56e1d,10.10.10.30,02:42:0a:0a:0a:1e,jessie,debian,5.15.0-52-generic,Debian GNU/Linux,linux,8 (jessie),Oct 24 23:24:26 fileserver smbd_audit: sambacry|10.10.10.3|data|is_offline|fail (Operation not supported)|company_metrics.txt,data,fail (Operation not supported),Oct 24 23:24:26,sambacry
"Oct 24, 2022 @ 23:24:29.562",pwrite,fileserver,10.10.10.3,"Oct 24, 2022 @ 23:24:30.568",-,company_metrics.txt,-,fileserver,40beb5eb909e171860ceee669da56e1d,10.10.10.30,02:42:0a:0a:0a:1e,jessie,debian,5.15.0-52-generic,Debian GNU/Linux,linux,8 (jessie),Oct 24 23:24:26 fileserver smbd_audit: sambacry|10.10.10.3|data|pwrite|ok|company_metrics.txt,data,ok,Oct 24 23:24:26,sambacry
"Oct 24, 2022 @ 23:24:29.562",close,fileserver,10.10.10.3,"Oct 24, 2022 @ 23:24:30.568",-,company_metrics.txt,-,fileserver,40beb5eb909e171860ceee669da56e1d,10.10.10.30,02:42:0a:0a:0a:1e,jessie,debian,5.15.0-52-generic,Debian GNU/Linux,linux,8 (jessie),Oct 24 23:24:26 fileserver smbd_audit: sambacry|10.10.10.3|data|close|ok|company_metrics.txt,data,ok,Oct 24 23:24:26,sambacry
"Oct 24, 2022 @ 23:24:29.562",chdir,fileserver,10.10.10.3,"Oct 24, 2022 @ 23:24:30.568",/,-,chdir,fileserver,40beb5eb909e171860ceee669da56e1d,10.10.10.30,02:42:0a:0a:0a:1e,jessie,debian,5.15.0-52-generic,Debian GNU/Linux,linux,8 (jessie),Oct 24 23:24:26 fileserver smbd_audit: sambacry|10.10.10.3|data|chdir|ok|chdir|/,data,ok,Oct 24 23:24:26,sambacry
"Oct 24, 2022 @ 23:24:29.562",disconnect,fileserver,10.10.10.3,"Oct 24, 2022 @ 23:24:30.568",-,data,-,fileserver,40beb5eb909e171860ceee669da56e1d,10.10.10.30,02:42:0a:0a:0a:1e,jessie,debian,5.15.0-52-generic,Debian GNU/Linux,linux,8 (jessie),Oct 24 23:24:26 fileserver smbd_audit: sambacry|10.10.10.3|data|disconnect|ok|data,data,ok,Oct 24 23:24:26,sambacry
"Oct 24, 2022 @ 23:24:29.561",connect,fileserver,10.10.10.2,"Oct 24, 2022 @ 23:24:30.563",-,IPC$,-,fileserver,40beb5eb909e171860ceee669da56e1d,10.10.10.30,02:42:0a:0a:0a:1e,jessie,debian,5.15.0-52-generic,Debian GNU/Linux,linux,8 (jessie),Oct 24 23:24:25 fileserver smbd_audit: sambacry|10.10.10.2|IPC_|connect|ok|IPC$,IPC_,ok,Oct 24 23:24:25,sambacry
"Oct 24, 2022 @ 23:24:29.561",realpath,fileserver,10.10.10.2,"Oct 24, 2022 @ 23:24:30.563",-,/tmp,-,fileserver,40beb5eb909e171860ceee669da56e1d,10.10.10.30,02:42:0a:0a:0a:1e,jessie,debian,5.15.0-52-generic,Debian GNU/Linux,linux,8 (jessie),Oct 24 23:24:25 fileserver smbd_audit: sambacry|10.10.10.2|IPC_|realpath|ok|/tmp,IPC_,ok,Oct 24 23:24:25,sambacry
"Oct 24, 2022 @ 23:24:29.561",realpath,fileserver,10.10.10.2,"Oct 24, 2022 @ 23:24:30.563",-,/tmp,-,fileserver,40beb5eb909e171860ceee669da56e1d,10.10.10.30,02:42:0a:0a:0a:1e,jessie,debian,5.15.0-52-generic,Debian GNU/Linux,linux,8 (jessie),Oct 24 23:24:25 fileserver smbd_audit: sambacry|10.10.10.2|IPC_|realpath|ok|/tmp,IPC_,ok,Oct 24 23:24:25,sambacry
"Oct 24, 2022 @ 23:24:29.561",chdir,fileserver,10.10.10.2,"Oct 24, 2022 @ 23:24:30.563",/tmp,-,chdir,fileserver,40beb5eb909e171860ceee669da56e1d,10.10.10.30,02:42:0a:0a:0a:1e,jessie,debian,5.15.0-52-generic,Debian GNU/Linux,linux,8 (jessie),Oct 24 23:24:25 fileserver smbd_audit: sambacry|10.10.10.2|IPC_|chdir|ok|chdir|/tmp,IPC_,ok,Oct 24 23:24:25,sambacry
"Oct 24, 2022 @ 23:24:29.561",get_dfs_referrals,fileserver,10.10.10.2,"Oct 24, 2022 @ 23:24:30.563",-,(empty),-,fileserver,40beb5eb909e171860ceee669da56e1d,10.10.10.30,02:42:0a:0a:0a:1e,jessie,debian,5.15.0-52-generic,Debian GNU/Linux,linux,8 (jessie),Oct 24 23:24:25 fileserver smbd_audit: sambacry|10.10.10.2|IPC_|get_dfs_referrals|fail (Success)|,IPC_,fail (Success),Oct 24 23:24:25,sambacry
"Oct 24, 2022 @ 23:24:29.561",chdir,fileserver,10.10.10.2,"Oct 24, 2022 @ 23:24:30.563",/,-,chdir,fileserver,40beb5eb909e171860ceee669da56e1d,10.10.10.30,02:42:0a:0a:0a:1e,jessie,debian,5.15.0-52-generic,Debian GNU/Linux,linux,8 (jessie),Oct 24 23:24:25 fileserver smbd_audit: sambacry|10.10.10.2|IPC_|chdir|ok|chdir|/,IPC_,ok,Oct 24 23:24:25,sambacry
"Oct 24, 2022 @ 23:24:29.561",disconnect,fileserver,10.10.10.2,"Oct 24, 2022 @ 23:24:30.563",-,IPC$,-,fileserver,40beb5eb909e171860ceee669da56e1d,10.10.10.30,02:42:0a:0a:0a:1e,jessie,debian,5.15.0-52-generic,Debian GNU/Linux,linux,8 (jessie),Oct 24 23:24:25 fileserver smbd_audit: sambacry|10.10.10.2|IPC_|disconnect|ok|IPC$,IPC_,ok,Oct 24 23:24:25,sambacry
"Oct 24, 2022 @ 23:24:29.561",connect,fileserver,10.10.10.2,"Oct 24, 2022 @ 23:24:30.563",-,data,-,fileserver,40beb5eb909e171860ceee669da56e1d,10.10.10.30,02:42:0a:0a:0a:1e,jessie,debian,5.15.0-52-generic,Debian GNU/Linux,linux,8 (jessie),Oct 24 23:24:25 fileserver smbd_audit: sambacry|10.10.10.2|data|connect|ok|data,data,ok,Oct 24 23:24:25,sambacry
"Oct 24, 2022 @ 23:24:29.561",realpath,fileserver,10.10.10.2,"Oct 24, 2022 @ 23:24:30.563",-,/data,-,fileserver,40beb5eb909e171860ceee669da56e1d,10.10.10.30,02:42:0a:0a:0a:1e,jessie,debian,5.15.0-52-generic,Debian GNU/Linux,linux,8 (jessie),Oct 24 23:24:25 fileserver smbd_audit: sambacry|10.10.10.2|data|realpath|ok|/data,data,ok,Oct 24 23:24:25,sambacry
"Oct 24, 2022 @ 23:24:29.561",realpath,fileserver,10.10.10.2,"Oct 24, 2022 @ 23:24:30.563",-,/data,-,fileserver,40beb5eb909e171860ceee669da56e1d,10.10.10.30,02:42:0a:0a:0a:1e,jessie,debian,5.15.0-52-generic,Debian GNU/Linux,linux,8 (jessie),Oct 24 23:24:25 fileserver smbd_audit: sambacry|10.10.10.2|data|realpath|ok|/data,data,ok,Oct 24 23:24:25,sambacry
"Oct 24, 2022 @ 23:24:29.561",chdir,fileserver,10.10.10.2,"Oct 24, 2022 @ 23:24:30.563",/data,-,chdir,fileserver,40beb5eb909e171860ceee669da56e1d,10.10.10.30,02:42:0a:0a:0a:1e,jessie,debian,5.15.0-52-generic,Debian GNU/Linux,linux,8 (jessie),Oct 24 23:24:25 fileserver smbd_audit: sambacry|10.10.10.2|data|chdir|ok|chdir|/data,data,ok,Oct 24 23:24:25,sambacry
"Oct 24, 2022 @ 23:24:29.561",realpath,fileserver,10.10.10.2,"Oct 24, 2022 @ 23:24:30.563",-,interesting_file.txt,-,fileserver,40beb5eb909e171860ceee669da56e1d,10.10.10.30,02:42:0a:0a:0a:1e,jessie,debian,5.15.0-52-generic,Debian GNU/Linux,linux,8 (jessie),Oct 24 23:24:25 fileserver smbd_audit: sambacry|10.10.10.2|data|realpath|ok|interesting_file.txt,data,ok,Oct 24 23:24:25,sambacry
"Oct 24, 2022 @ 23:24:29.561",get_dos_attributes,fileserver,10.10.10.2,"Oct 24, 2022 @ 23:24:30.563",-,interesting_file.txt,-,fileserver,40beb5eb909e171860ceee669da56e1d,10.10.10.30,02:42:0a:0a:0a:1e,jessie,debian,5.15.0-52-generic,Debian GNU/Linux,linux,8 (jessie),Oct 24 23:24:25 fileserver smbd_audit: sambacry|10.10.10.2|data|get_dos_attributes|fail (Success)|interesting_file.txt,data,fail (Success),Oct 24 23:24:25,sambacry
"Oct 24, 2022 @ 23:24:29.561",realpath,fileserver,10.10.10.2,"Oct 24, 2022 @ 23:24:30.563",-,interesting_file.txt,-,fileserver,40beb5eb909e171860ceee669da56e1d,10.10.10.30,02:42:0a:0a:0a:1e,jessie,debian,5.15.0-52-generic,Debian GNU/Linux,linux,8 (jessie),Oct 24 23:24:25 fileserver smbd_audit: sambacry|10.10.10.2|data|realpath|ok|interesting_file.txt,data,ok,Oct 24 23:24:25,sambacry
"Oct 24, 2022 @ 23:24:29.561",open,fileserver,10.10.10.2,"Oct 24, 2022 @ 23:24:30.563",interesting_file.txt,-,w,fileserver,40beb5eb909e171860ceee669da56e1d,10.10.10.30,02:42:0a:0a:0a:1e,jessie,debian,5.15.0-52-generic,Debian GNU/Linux,linux,8 (jessie),Oct 24 23:24:25 fileserver smbd_audit: sambacry|10.10.10.2|data|open|ok|w|interesting_file.txt,data,ok,Oct 24 23:24:25,sambacry
"Oct 24, 2022 @ 23:24:29.561",ftruncate,fileserver,10.10.10.2,"Oct 24, 2022 @ 23:24:30.563",-,interesting_file.txt,-,fileserver,40beb5eb909e171860ceee669da56e1d,10.10.10.30,02:42:0a:0a:0a:1e,jessie,debian,5.15.0-52-generic,Debian GNU/Linux,linux,8 (jessie),Oct 24 23:24:25 fileserver smbd_audit: sambacry|10.10.10.2|data|ftruncate|ok|interesting_file.txt,data,ok,Oct 24 23:24:25,sambacry
"Oct 24, 2022 @ 23:24:29.561",get_dos_attributes,fileserver,10.10.10.2,"Oct 24, 2022 @ 23:24:30.563",-,interesting_file.txt,-,fileserver,40beb5eb909e171860ceee669da56e1d,10.10.10.30,02:42:0a:0a:0a:1e,jessie,debian,5.15.0-52-generic,Debian GNU/Linux,linux,8 (jessie),Oct 24 23:24:25 fileserver smbd_audit: sambacry|10.10.10.2|data|get_dos_attributes|fail (No data available)|interesting_file.txt,data,fail (No data available),Oct 24 23:24:25,sambacry
"Oct 24, 2022 @ 23:24:29.561",is_offline,fileserver,10.10.10.2,"Oct 24, 2022 @ 23:24:30.563",-,interesting_file.txt,-,fileserver,40beb5eb909e171860ceee669da56e1d,10.10.10.30,02:42:0a:0a:0a:1e,jessie,debian,5.15.0-52-generic,Debian GNU/Linux,linux,8 (jessie),Oct 24 23:24:25 fileserver smbd_audit: sambacry|10.10.10.2|data|is_offline|fail (Operation not supported)|interesting_file.txt,data,fail (Operation not supported),Oct 24 23:24:25,sambacry
"Oct 24, 2022 @ 23:24:29.561",set_dos_attributes,fileserver,10.10.10.2,"Oct 24, 2022 @ 23:24:30.563",-,interesting_file.txt,-,fileserver,40beb5eb909e171860ceee669da56e1d,10.10.10.30,02:42:0a:0a:0a:1e,jessie,debian,5.15.0-52-generic,Debian GNU/Linux,linux,8 (jessie),Oct 24 23:24:25 fileserver smbd_audit: sambacry|10.10.10.2|data|set_dos_attributes|fail (Operation not supported)|interesting_file.txt,data,fail (Operation not supported),Oct 24 23:24:25,sambacry
"Oct 24, 2022 @ 23:24:29.561",chmod_acl,fileserver,10.10.10.2,"Oct 24, 2022 @ 23:24:30.563",100744,-,interesting_file.txt,fileserver,40beb5eb909e171860ceee669da56e1d,10.10.10.30,02:42:0a:0a:0a:1e,jessie,debian,5.15.0-52-generic,Debian GNU/Linux,linux,8 (jessie),Oct 24 23:24:25 fileserver smbd_audit: sambacry|10.10.10.2|data|chmod_acl|fail (No data available)|interesting_file.txt|100744,data,fail (No data available),Oct 24 23:24:25,sambacry
"Oct 24, 2022 @ 23:24:29.561",chmod,fileserver,10.10.10.2,"Oct 24, 2022 @ 23:24:30.563",100744,-,interesting_file.txt,fileserver,40beb5eb909e171860ceee669da56e1d,10.10.10.30,02:42:0a:0a:0a:1e,jessie,debian,5.15.0-52-generic,Debian GNU/Linux,linux,8 (jessie),Oct 24 23:24:25 fileserver smbd_audit: sambacry|10.10.10.2|data|chmod|ok|interesting_file.txt|100744,data,ok,Oct 24 23:24:25,sambacry
"Oct 24, 2022 @ 23:24:29.561",get_dos_attributes,fileserver,10.10.10.2,"Oct 24, 2022 @ 23:24:30.563",-,interesting_file.txt,-,fileserver,40beb5eb909e171860ceee669da56e1d,10.10.10.30,02:42:0a:0a:0a:1e,jessie,debian,5.15.0-52-generic,Debian GNU/Linux,linux,8 (jessie),Oct 24 23:24:25 fileserver smbd_audit: sambacry|10.10.10.2|data|get_dos_attributes|fail (Operation not supported)|interesting_file.txt,data,fail (Operation not supported),Oct 24 23:24:25,sambacry
"Oct 24, 2022 @ 23:24:29.561",is_offline,fileserver,10.10.10.2,"Oct 24, 2022 @ 23:24:30.563",-,interesting_file.txt,-,fileserver,40beb5eb909e171860ceee669da56e1d,10.10.10.30,02:42:0a:0a:0a:1e,jessie,debian,5.15.0-52-generic,Debian GNU/Linux,linux,8 (jessie),Oct 24 23:24:25 fileserver smbd_audit: sambacry|10.10.10.2|data|is_offline|fail (Operation not supported)|interesting_file.txt,data,fail (Operation not supported),Oct 24 23:24:25,sambacry
"Oct 24, 2022 @ 23:24:29.561",aio_force,fileserver,10.10.10.2,"Oct 24, 2022 @ 23:24:30.563",-,interesting_file.txt,-,fileserver,40beb5eb909e171860ceee669da56e1d,10.10.10.30,02:42:0a:0a:0a:1e,jessie,debian,5.15.0-52-generic,Debian GNU/Linux,linux,8 (jessie),Oct 24 23:24:25 fileserver smbd_audit: sambacry|10.10.10.2|data|aio_force|fail (Success)|interesting_file.txt,data,fail (Success),Oct 24 23:24:25,sambacry
"Oct 24, 2022 @ 23:24:29.561",get_dos_attributes,fileserver,10.10.10.2,"Oct 24, 2022 @ 23:24:30.563",-,interesting_file.txt,-,fileserver,40beb5eb909e171860ceee669da56e1d,10.10.10.30,02:42:0a:0a:0a:1e,jessie,debian,5.15.0-52-generic,Debian GNU/Linux,linux,8 (jessie),Oct 24 23:24:25 fileserver smbd_audit: sambacry|10.10.10.2|data|get_dos_attributes|fail (Success)|interesting_file.txt,data,fail (Success),Oct 24 23:24:25,sambacry
"Oct 24, 2022 @ 23:24:29.561",is_offline,fileserver,10.10.10.2,"Oct 24, 2022 @ 23:24:30.563",-,interesting_file.txt,-,fileserver,40beb5eb909e171860ceee669da56e1d,10.10.10.30,02:42:0a:0a:0a:1e,jessie,debian,5.15.0-52-generic,Debian GNU/Linux,linux,8 (jessie),Oct 24 23:24:25 fileserver smbd_audit: sambacry|10.10.10.2|data|is_offline|fail (Operation not supported)|interesting_file.txt,data,fail (Operation not supported),Oct 24 23:24:25,sambacry
"Oct 24, 2022 @ 23:24:29.561",pwrite,fileserver,10.10.10.2,"Oct 24, 2022 @ 23:24:30.563",-,interesting_file.txt,-,fileserver,40beb5eb909e171860ceee669da56e1d,10.10.10.30,02:42:0a:0a:0a:1e,jessie,debian,5.15.0-52-generic,Debian GNU/Linux,linux,8 (jessie),Oct 24 23:24:25 fileserver smbd_audit: sambacry|10.10.10.2|data|pwrite|ok|interesting_file.txt,data,ok,Oct 24 23:24:25,sambacry
"Oct 24, 2022 @ 23:24:29.561",close,fileserver,10.10.10.2,"Oct 24, 2022 @ 23:24:30.563",-,interesting_file.txt,-,fileserver,40beb5eb909e171860ceee669da56e1d,10.10.10.30,02:42:0a:0a:0a:1e,jessie,debian,5.15.0-52-generic,Debian GNU/Linux,linux,8 (jessie),Oct 24 23:24:25 fileserver smbd_audit: sambacry|10.10.10.2|data|close|ok|interesting_file.txt,data,ok,Oct 24 23:24:25,sambacry
"Oct 24, 2022 @ 23:24:29.561",chdir,fileserver,10.10.10.2,"Oct 24, 2022 @ 23:24:30.563",/,-,chdir,fileserver,40beb5eb909e171860ceee669da56e1d,10.10.10.30,02:42:0a:0a:0a:1e,jessie,debian,5.15.0-52-generic,Debian GNU/Linux,linux,8 (jessie),Oct 24 23:24:25 fileserver smbd_audit: sambacry|10.10.10.2|data|chdir|ok|chdir|/,data,ok,Oct 24 23:24:25,sambacry
"Oct 24, 2022 @ 23:24:29.561",disconnect,fileserver,10.10.10.2,"Oct 24, 2022 @ 23:24:30.563",-,data,-,fileserver,40beb5eb909e171860ceee669da56e1d,10.10.10.30,02:42:0a:0a:0a:1e,jessie,debian,5.15.0-52-generic,Debian GNU/Linux,linux,8 (jessie),Oct 24 23:24:25 fileserver smbd_audit: sambacry|10.10.10.2|data|disconnect|ok|data,data,ok,Oct 24 23:24:25,sambacry
"Oct 24, 2022 @ 23:24:29.561",connect,fileserver,10.10.10.3,"Oct 24, 2022 @ 23:24:30.563",-,IPC$,-,fileserver,40beb5eb909e171860ceee669da56e1d,10.10.10.30,02:42:0a:0a:0a:1e,jessie,debian,5.15.0-52-generic,Debian GNU/Linux,linux,8 (jessie),Oct 24 23:24:26 fileserver smbd_audit: sambacry|10.10.10.3|IPC_|connect|ok|IPC$,IPC_,ok,Oct 24 23:24:26,sambacry
"Oct 24, 2022 @ 23:24:29.561",realpath,fileserver,10.10.10.3,"Oct 24, 2022 @ 23:24:30.563",-,/tmp,-,fileserver,40beb5eb909e171860ceee669da56e1d,10.10.10.30,02:42:0a:0a:0a:1e,jessie,debian,5.15.0-52-generic,Debian GNU/Linux,linux,8 (jessie),Oct 24 23:24:26 fileserver smbd_audit: sambacry|10.10.10.3|IPC_|realpath|ok|/tmp,IPC_,ok,Oct 24 23:24:26,sambacry
"Oct 24, 2022 @ 23:24:29.561",realpath,fileserver,10.10.10.3,"Oct 24, 2022 @ 23:24:30.563",-,/tmp,-,fileserver,40beb5eb909e171860ceee669da56e1d,10.10.10.30,02:42:0a:0a:0a:1e,jessie,debian,5.15.0-52-generic,Debian GNU/Linux,linux,8 (jessie),Oct 24 23:24:26 fileserver smbd_audit: sambacry|10.10.10.3|IPC_|realpath|ok|/tmp,IPC_,ok,Oct 24 23:24:26,sambacry
"Oct 24, 2022 @ 23:24:29.561",chdir,fileserver,10.10.10.3,"Oct 24, 2022 @ 23:24:30.563",/tmp,-,chdir,fileserver,40beb5eb909e171860ceee669da56e1d,10.10.10.30,02:42:0a:0a:0a:1e,jessie,debian,5.15.0-52-generic,Debian GNU/Linux,linux,8 (jessie),Oct 24 23:24:26 fileserver smbd_audit: sambacry|10.10.10.3|IPC_|chdir|ok|chdir|/tmp,IPC_,ok,Oct 24 23:24:26,sambacry
"Oct 24, 2022 @ 23:24:29.561",get_dfs_referrals,fileserver,10.10.10.3,"Oct 24, 2022 @ 23:24:30.563",-,(empty),-,fileserver,40beb5eb909e171860ceee669da56e1d,10.10.10.30,02:42:0a:0a:0a:1e,jessie,debian,5.15.0-52-generic,Debian GNU/Linux,linux,8 (jessie),Oct 24 23:24:26 fileserver smbd_audit: sambacry|10.10.10.3|IPC_|get_dfs_referrals|fail (Success)|,IPC_,fail (Success),Oct 24 23:24:26,sambacry
"Oct 24, 2022 @ 23:24:29.561",chdir,fileserver,10.10.10.3,"Oct 24, 2022 @ 23:24:30.563",/,-,chdir,fileserver,40beb5eb909e171860ceee669da56e1d,10.10.10.30,02:42:0a:0a:0a:1e,jessie,debian,5.15.0-52-generic,Debian GNU/Linux,linux,8 (jessie),Oct 24 23:24:26 fileserver smbd_audit: sambacry|10.10.10.3|IPC_|chdir|ok|chdir|/,IPC_,ok,Oct 24 23:24:26,sambacry
"Oct 24, 2022 @ 23:24:29.561",disconnect,fileserver,10.10.10.3,"Oct 24, 2022 @ 23:24:30.563",-,IPC$,-,fileserver,40beb5eb909e171860ceee669da56e1d,10.10.10.30,02:42:0a:0a:0a:1e,jessie,debian,5.15.0-52-generic,Debian GNU/Linux,linux,8 (jessie),Oct 24 23:24:26 fileserver smbd_audit: sambacry|10.10.10.3|IPC_|disconnect|ok|IPC$,IPC_,ok,Oct 24 23:24:26,sambacry
"Oct 24, 2022 @ 23:24:29.561",connect,fileserver,10.10.10.3,"Oct 24, 2022 @ 23:24:30.564",-,data,-,fileserver,40beb5eb909e171860ceee669da56e1d,10.10.10.30,02:42:0a:0a:0a:1e,jessie,debian,5.15.0-52-generic,Debian GNU/Linux,linux,8 (jessie),Oct 24 23:24:26 fileserver smbd_audit: sambacry|10.10.10.3|data|connect|ok|data,data,ok,Oct 24 23:24:26,sambacry
"Oct 24, 2022 @ 23:24:29.561",realpath,fileserver,10.10.10.3,"Oct 24, 2022 @ 23:24:30.564",-,/data,-,fileserver,40beb5eb909e171860ceee669da56e1d,10.10.10.30,02:42:0a:0a:0a:1e,jessie,debian,5.15.0-52-generic,Debian GNU/Linux,linux,8 (jessie),Oct 24 23:24:26 fileserver smbd_audit: sambacry|10.10.10.3|data|realpath|ok|/data,data,ok,Oct 24 23:24:26,sambacry
"Oct 24, 2022 @ 23:24:29.561",realpath,fileserver,10.10.10.3,"Oct 24, 2022 @ 23:24:30.564",-,/data,-,fileserver,40beb5eb909e171860ceee669da56e1d,10.10.10.30,02:42:0a:0a:0a:1e,jessie,debian,5.15.0-52-generic,Debian GNU/Linux,linux,8 (jessie),Oct 24 23:24:26 fileserver smbd_audit: sambacry|10.10.10.3|data|realpath|ok|/data,data,ok,Oct 24 23:24:26,sambacry
"Oct 24, 2022 @ 23:24:29.561",chdir,fileserver,10.10.10.3,"Oct 24, 2022 @ 23:24:30.564",/data,-,chdir,fileserver,40beb5eb909e171860ceee669da56e1d,10.10.10.30,02:42:0a:0a:0a:1e,jessie,debian,5.15.0-52-generic,Debian GNU/Linux,linux,8 (jessie),Oct 24 23:24:26 fileserver smbd_audit: sambacry|10.10.10.3|data|chdir|ok|chdir|/data,data,ok,Oct 24 23:24:26,sambacry
"Oct 24, 2022 @ 23:24:29.561",stat,fileserver,10.10.10.3,"Oct 24, 2022 @ 23:24:30.564",-,company_metrics.txt,-,fileserver,40beb5eb909e171860ceee669da56e1d,10.10.10.30,02:42:0a:0a:0a:1e,jessie,debian,5.15.0-52-generic,Debian GNU/Linux,linux,8 (jessie),Oct 24 23:24:26 fileserver smbd_audit: sambacry|10.10.10.3|data|stat|fail (No such file or directory)|company_metrics.txt,data,fail (No such file or directory),Oct 24 23:24:26,sambacry
"Oct 24, 2022 @ 23:24:29.561",stat,fileserver,10.10.10.3,"Oct 24, 2022 @ 23:24:30.564",-,company_metrics.txt,-,fileserver,40beb5eb909e171860ceee669da56e1d,10.10.10.30,02:42:0a:0a:0a:1e,jessie,debian,5.15.0-52-generic,Debian GNU/Linux,linux,8 (jessie),Oct 24 23:24:26 fileserver smbd_audit: sambacry|10.10.10.3|data|stat|fail (No such file or directory)|company_metrics.txt,data,fail (No such file or directory),Oct 24 23:24:26,sambacry
"Oct 24, 2022 @ 23:24:29.561",get_real_filename,fileserver,10.10.10.3,"Oct 24, 2022 @ 23:24:30.564",-,/company_metrics.txt->(null),-,fileserver,40beb5eb909e171860ceee669da56e1d,10.10.10.30,02:42:0a:0a:0a:1e,jessie,debian,5.15.0-52-generic,Debian GNU/Linux,linux,8 (jessie),Oct 24 23:24:26 fileserver smbd_audit: sambacry|10.10.10.3|data|get_real_filename|fail (Operation not supported)|/company_metrics.txt->(null),data,fail (Operation not supported),Oct 24 23:24:26,sambacry
"Oct 24, 2022 @ 23:24:29.561",realpath,fileserver,10.10.10.3,"Oct 24, 2022 @ 23:24:30.564",-,.,-,fileserver,40beb5eb909e171860ceee669da56e1d,10.10.10.30,02:42:0a:0a:0a:1e,jessie,debian,5.15.0-52-generic,Debian GNU/Linux,linux,8 (jessie),Oct 24 23:24:26 fileserver smbd_audit: sambacry|10.10.10.3|data|realpath|ok|.,data,ok,Oct 24 23:24:26,sambacry
"Oct 24, 2022 @ 23:24:29.561",opendir,fileserver,10.10.10.3,"Oct 24, 2022 @ 23:24:30.564",-,.,-,fileserver,40beb5eb909e171860ceee669da56e1d,10.10.10.30,02:42:0a:0a:0a:1e,jessie,debian,5.15.0-52-generic,Debian GNU/Linux,linux,8 (jessie),Oct 24 23:24:26 fileserver smbd_audit: sambacry|10.10.10.3|data|opendir|ok|.,data,ok,Oct 24 23:24:26,sambacry
"Oct 24, 2022 @ 23:24:29.561",translate_name,fileserver,10.10.10.3,"Oct 24, 2022 @ 23:24:30.564",-,(empty),-,fileserver,40beb5eb909e171860ceee669da56e1d,10.10.10.30,02:42:0a:0a:0a:1e,jessie,debian,5.15.0-52-generic,Debian GNU/Linux,linux,8 (jessie),Oct 24 23:24:26 fileserver smbd_audit: sambacry|10.10.10.3|data|translate_name|fail (Operation not supported)|,data,fail (Operation not supported),Oct 24 23:24:26,sambacry
"Oct 24, 2022 @ 23:24:29.561",translate_name,fileserver,10.10.10.3,"Oct 24, 2022 @ 23:24:30.564",-,(empty),-,fileserver,40beb5eb909e171860ceee669da56e1d,10.10.10.30,02:42:0a:0a:0a:1e,jessie,debian,5.15.0-52-generic,Debian GNU/Linux,linux,8 (jessie),Oct 24 23:24:26 fileserver smbd_audit: sambacry|10.10.10.3|data|translate_name|fail (Operation not supported)|,data,fail (Operation not supported),Oct 24 23:24:26,sambacry
"Oct 24, 2022 @ 23:24:29.561",translate_name,fileserver,10.10.10.3,"Oct 24, 2022 @ 23:24:30.564",-,(empty),-,fileserver,40beb5eb909e171860ceee669da56e1d,10.10.10.30,02:42:0a:0a:0a:1e,jessie,debian,5.15.0-52-generic,Debian GNU/Linux,linux,8 (jessie),Oct 24 23:24:26 fileserver smbd_audit: sambacry|10.10.10.3|data|translate_name|fail (Operation not supported)|,data,fail (Operation not supported),Oct 24 23:24:26,sambacry
"Oct 24, 2022 @ 23:24:29.561",closedir,fileserver,10.10.10.3,"Oct 24, 2022 @ 23:24:30.564",-,(empty),-,fileserver,40beb5eb909e171860ceee669da56e1d,10.10.10.30,02:42:0a:0a:0a:1e,jessie,debian,5.15.0-52-generic,Debian GNU/Linux,linux,8 (jessie),Oct 24 23:24:26 fileserver smbd_audit: sambacry|10.10.10.3|data|closedir|ok|,data,ok,Oct 24 23:24:26,sambacry
"Oct 24, 2022 @ 23:24:05.559",unlink,fileserver,10.10.10.2,"Oct 24, 2022 @ 23:24:06.561",-,company_metrics.txt,-,fileserver,40beb5eb909e171860ceee669da56e1d,10.10.10.30,02:42:0a:0a:0a:1e,jessie,debian,5.15.0-52-generic,Debian GNU/Linux,linux,8 (jessie),Oct 24 23:23:55 fileserver smbd_audit: sambacry|10.10.10.2|data|unlink|ok|company_metrics.txt,data,ok,Oct 24 23:23:55,sambacry
"Oct 24, 2022 @ 23:24:05.559",closedir,fileserver,10.10.10.2,"Oct 24, 2022 @ 23:24:06.561",-,(empty),-,fileserver,40beb5eb909e171860ceee669da56e1d,10.10.10.30,02:42:0a:0a:0a:1e,jessie,debian,5.15.0-52-generic,Debian GNU/Linux,linux,8 (jessie),Oct 24 23:23:55 fileserver smbd_audit: sambacry|10.10.10.2|data|closedir|ok|,data,ok,Oct 24 23:23:55,sambacry
"Oct 24, 2022 @ 23:24:05.559",chdir,fileserver,10.10.10.2,"Oct 24, 2022 @ 23:24:06.561",/,-,chdir,fileserver,40beb5eb909e171860ceee669da56e1d,10.10.10.30,02:42:0a:0a:0a:1e,jessie,debian,5.15.0-52-generic,Debian GNU/Linux,linux,8 (jessie),Oct 24 23:23:55 fileserver smbd_audit: sambacry|10.10.10.2|data|chdir|ok|chdir|/,data,ok,Oct 24 23:23:55,sambacry
"Oct 24, 2022 @ 23:24:05.559",disconnect,fileserver,10.10.10.2,"Oct 24, 2022 @ 23:24:06.561",-,data,-,fileserver,40beb5eb909e171860ceee669da56e1d,10.10.10.30,02:42:0a:0a:0a:1e,jessie,debian,5.15.0-52-generic,Debian GNU/Linux,linux,8 (jessie),Oct 24 23:23:55 fileserver smbd_audit: sambacry|10.10.10.2|data|disconnect|ok|data,data,ok,Oct 24 23:23:55,sambacry
"Oct 24, 2022 @ 23:24:05.558",realpath,fileserver,10.10.10.2,"Oct 24, 2022 @ 23:24:06.560",-,/tmp,-,fileserver,40beb5eb909e171860ceee669da56e1d,10.10.10.30,02:42:0a:0a:0a:1e,jessie,debian,5.15.0-52-generic,Debian GNU/Linux,linux,8 (jessie),Oct 24 23:23:55 fileserver smbd_audit: sambacry|10.10.10.2|IPC_|realpath|ok|/tmp,IPC_,ok,Oct 24 23:23:55,sambacry
"Oct 24, 2022 @ 23:24:05.558",realpath,fileserver,10.10.10.2,"Oct 24, 2022 @ 23:24:06.560",-,/tmp,-,fileserver,40beb5eb909e171860ceee669da56e1d,10.10.10.30,02:42:0a:0a:0a:1e,jessie,debian,5.15.0-52-generic,Debian GNU/Linux,linux,8 (jessie),Oct 24 23:23:55 fileserver smbd_audit: sambacry|10.10.10.2|IPC_|realpath|ok|/tmp,IPC_,ok,Oct 24 23:23:55,sambacry
"Oct 24, 2022 @ 23:24:05.558",chdir,fileserver,10.10.10.2,"Oct 24, 2022 @ 23:24:06.560",/tmp,-,chdir,fileserver,40beb5eb909e171860ceee669da56e1d,10.10.10.30,02:42:0a:0a:0a:1e,jessie,debian,5.15.0-52-generic,Debian GNU/Linux,linux,8 (jessie),Oct 24 23:23:55 fileserver smbd_audit: sambacry|10.10.10.2|IPC_|chdir|ok|chdir|/tmp,IPC_,ok,Oct 24 23:23:55,sambacry
"Oct 24, 2022 @ 23:24:05.558",get_dfs_referrals,fileserver,10.10.10.2,"Oct 24, 2022 @ 23:24:06.560",-,(empty),-,fileserver,40beb5eb909e171860ceee669da56e1d,10.10.10.30,02:42:0a:0a:0a:1e,jessie,debian,5.15.0-52-generic,Debian GNU/Linux,linux,8 (jessie),Oct 24 23:23:55 fileserver smbd_audit: sambacry|10.10.10.2|IPC_|get_dfs_referrals|fail (Success)|,IPC_,fail (Success),Oct 24 23:23:55,sambacry
"Oct 24, 2022 @ 23:24:05.558",chdir,fileserver,10.10.10.2,"Oct 24, 2022 @ 23:24:06.560",/,-,chdir,fileserver,40beb5eb909e171860ceee669da56e1d,10.10.10.30,02:42:0a:0a:0a:1e,jessie,debian,5.15.0-52-generic,Debian GNU/Linux,linux,8 (jessie),Oct 24 23:23:55 fileserver smbd_audit: sambacry|10.10.10.2|IPC_|chdir|ok|chdir|/,IPC_,ok,Oct 24 23:23:55,sambacry
"Oct 24, 2022 @ 23:24:05.558",disconnect,fileserver,10.10.10.2,"Oct 24, 2022 @ 23:24:06.560",-,IPC$,-,fileserver,40beb5eb909e171860ceee669da56e1d,10.10.10.30,02:42:0a:0a:0a:1e,jessie,debian,5.15.0-52-generic,Debian GNU/Linux,linux,8 (jessie),Oct 24 23:23:55 fileserver smbd_audit: sambacry|10.10.10.2|IPC_|disconnect|ok|IPC$,IPC_,ok,Oct 24 23:23:55,sambacry
"Oct 24, 2022 @ 23:24:05.558",connect,fileserver,10.10.10.2,"Oct 24, 2022 @ 23:24:06.560",-,data,-,fileserver,40beb5eb909e171860ceee669da56e1d,10.10.10.30,02:42:0a:0a:0a:1e,jessie,debian,5.15.0-52-generic,Debian GNU/Linux,linux,8 (jessie),Oct 24 23:23:55 fileserver smbd_audit: sambacry|10.10.10.2|data|connect|ok|data,data,ok,Oct 24 23:23:55,sambacry
"Oct 24, 2022 @ 23:24:05.558",realpath,fileserver,10.10.10.2,"Oct 24, 2022 @ 23:24:06.560",-,/data,-,fileserver,40beb5eb909e171860ceee669da56e1d,10.10.10.30,02:42:0a:0a:0a:1e,jessie,debian,5.15.0-52-generic,Debian GNU/Linux,linux,8 (jessie),Oct 24 23:23:55 fileserver smbd_audit: sambacry|10.10.10.2|data|realpath|ok|/data,data,ok,Oct 24 23:23:55,sambacry
"Oct 24, 2022 @ 23:24:05.558",realpath,fileserver,10.10.10.2,"Oct 24, 2022 @ 23:24:06.561",-,/data,-,fileserver,40beb5eb909e171860ceee669da56e1d,10.10.10.30,02:42:0a:0a:0a:1e,jessie,debian,5.15.0-52-generic,Debian GNU/Linux,linux,8 (jessie),Oct 24 23:23:55 fileserver smbd_audit: sambacry|10.10.10.2|data|realpath|ok|/data,data,ok,Oct 24 23:23:55,sambacry
"Oct 24, 2022 @ 23:24:05.558",chdir,fileserver,10.10.10.2,"Oct 24, 2022 @ 23:24:06.561",/data,-,chdir,fileserver,40beb5eb909e171860ceee669da56e1d,10.10.10.30,02:42:0a:0a:0a:1e,jessie,debian,5.15.0-52-generic,Debian GNU/Linux,linux,8 (jessie),Oct 24 23:23:55 fileserver smbd_audit: sambacry|10.10.10.2|data|chdir|ok|chdir|/data,data,ok,Oct 24 23:23:55,sambacry
"Oct 24, 2022 @ 23:24:05.558",realpath,fileserver,10.10.10.2,"Oct 24, 2022 @ 23:24:06.561",-,.,-,fileserver,40beb5eb909e171860ceee669da56e1d,10.10.10.30,02:42:0a:0a:0a:1e,jessie,debian,5.15.0-52-generic,Debian GNU/Linux,linux,8 (jessie),Oct 24 23:23:55 fileserver smbd_audit: sambacry|10.10.10.2|data|realpath|ok|.,data,ok,Oct 24 23:23:55,sambacry
"Oct 24, 2022 @ 23:24:05.558",realpath,fileserver,10.10.10.2,"Oct 24, 2022 @ 23:24:06.561",-,.,-,fileserver,40beb5eb909e171860ceee669da56e1d,10.10.10.30,02:42:0a:0a:0a:1e,jessie,debian,5.15.0-52-generic,Debian GNU/Linux,linux,8 (jessie),Oct 24 23:23:55 fileserver smbd_audit: sambacry|10.10.10.2|data|realpath|ok|.,data,ok,Oct 24 23:23:55,sambacry
"Oct 24, 2022 @ 23:24:05.558",open,fileserver,10.10.10.2,"Oct 24, 2022 @ 23:24:06.561",.,-,r,fileserver,40beb5eb909e171860ceee669da56e1d,10.10.10.30,02:42:0a:0a:0a:1e,jessie,debian,5.15.0-52-generic,Debian GNU/Linux,linux,8 (jessie),Oct 24 23:23:55 fileserver smbd_audit: sambacry|10.10.10.2|data|open|ok|r|.,data,ok,Oct 24 23:23:55,sambacry
"Oct 24, 2022 @ 23:24:05.558",get_dos_attributes,fileserver,10.10.10.2,"Oct 24, 2022 @ 23:24:06.561",-,.,-,fileserver,40beb5eb909e171860ceee669da56e1d,10.10.10.30,02:42:0a:0a:0a:1e,jessie,debian,5.15.0-52-generic,Debian GNU/Linux,linux,8 (jessie),Oct 24 23:23:55 fileserver smbd_audit: sambacry|10.10.10.2|data|get_dos_attributes|fail (Success)|.,data,fail (Success),Oct 24 23:23:55,sambacry
"Oct 24, 2022 @ 23:24:05.558",is_offline,fileserver,10.10.10.2,"Oct 24, 2022 @ 23:24:06.561",-,.,-,fileserver,40beb5eb909e171860ceee669da56e1d,10.10.10.30,02:42:0a:0a:0a:1e,jessie,debian,5.15.0-52-generic,Debian GNU/Linux,linux,8 (jessie),Oct 24 23:23:55 fileserver smbd_audit: sambacry|10.10.10.2|data|is_offline|fail (Success)|.,data,fail (Success),Oct 24 23:23:55,sambacry
"Oct 24, 2022 @ 23:24:05.558",realpath,fileserver,10.10.10.2,"Oct 24, 2022 @ 23:24:06.561",-,company_metrics.txt,-,fileserver,40beb5eb909e171860ceee669da56e1d,10.10.10.30,02:42:0a:0a:0a:1e,jessie,debian,5.15.0-52-generic,Debian GNU/Linux,linux,8 (jessie),Oct 24 23:23:55 fileserver smbd_audit: sambacry|10.10.10.2|data|realpath|ok|company_metrics.txt,data,ok,Oct 24 23:23:55,sambacry
"Oct 24, 2022 @ 23:24:05.558",get_dos_attributes,fileserver,10.10.10.2,"Oct 24, 2022 @ 23:24:06.561",-,company_metrics.txt,-,fileserver,40beb5eb909e171860ceee669da56e1d,10.10.10.30,02:42:0a:0a:0a:1e,jessie,debian,5.15.0-52-generic,Debian GNU/Linux,linux,8 (jessie),Oct 24 23:23:55 fileserver smbd_audit: sambacry|10.10.10.2|data|get_dos_attributes|fail (Success)|company_metrics.txt,data,fail (Success),Oct 24 23:23:55,sambacry
"Oct 24, 2022 @ 23:24:05.558",is_offline,fileserver,10.10.10.2,"Oct 24, 2022 @ 23:24:06.561",-,company_metrics.txt,-,fileserver,40beb5eb909e171860ceee669da56e1d,10.10.10.30,02:42:0a:0a:0a:1e,jessie,debian,5.15.0-52-generic,Debian GNU/Linux,linux,8 (jessie),Oct 24 23:23:55 fileserver smbd_audit: sambacry|10.10.10.2|data|is_offline|fail (Operation not supported)|company_metrics.txt,data,fail (Operation not supported),Oct 24 23:23:55,sambacry
"Oct 24, 2022 @ 23:24:05.558",readdir_attr,fileserver,10.10.10.2,"Oct 24, 2022 @ 23:24:06.561",-,company_metrics.txt,-,fileserver,40beb5eb909e171860ceee669da56e1d,10.10.10.30,02:42:0a:0a:0a:1e,jessie,debian,5.15.0-52-generic,Debian GNU/Linux,linux,8 (jessie),Oct 24 23:23:55 fileserver smbd_audit: sambacry|10.10.10.2|data|readdir_attr|fail (Operation not supported)|company_metrics.txt,data,fail (Operation not supported),Oct 24 23:23:55,sambacry
"Oct 24, 2022 @ 23:24:05.558",realpath,fileserver,10.10.10.2,"Oct 24, 2022 @ 23:24:06.561",-,company_metrics.txt,-,fileserver,40beb5eb909e171860ceee669da56e1d,10.10.10.30,02:42:0a:0a:0a:1e,jessie,debian,5.15.0-52-generic,Debian GNU/Linux,linux,8 (jessie),Oct 24 23:23:55 fileserver smbd_audit: sambacry|10.10.10.2|data|realpath|ok|company_metrics.txt,data,ok,Oct 24 23:23:55,sambacry
"Oct 24, 2022 @ 23:24:05.558",get_dos_attributes,fileserver,10.10.10.2,"Oct 24, 2022 @ 23:24:06.561",-,company_metrics.txt,-,fileserver,40beb5eb909e171860ceee669da56e1d,10.10.10.30,02:42:0a:0a:0a:1e,jessie,debian,5.15.0-52-generic,Debian GNU/Linux,linux,8 (jessie),Oct 24 23:23:55 fileserver smbd_audit: sambacry|10.10.10.2|data|get_dos_attributes|fail (Success)|company_metrics.txt,data,fail (Success),Oct 24 23:23:55,sambacry
"Oct 24, 2022 @ 23:24:05.558",get_dos_attributes,fileserver,10.10.10.2,"Oct 24, 2022 @ 23:24:06.561",-,company_metrics.txt,-,fileserver,40beb5eb909e171860ceee669da56e1d,10.10.10.30,02:42:0a:0a:0a:1e,jessie,debian,5.15.0-52-generic,Debian GNU/Linux,linux,8 (jessie),Oct 24 23:23:55 fileserver smbd_audit: sambacry|10.10.10.2|data|get_dos_attributes|fail (Success)|company_metrics.txt,data,fail (Success),Oct 24 23:23:55,sambacry
"Oct 24, 2022 @ 23:24:05.558",is_offline,fileserver,10.10.10.2,"Oct 24, 2022 @ 23:24:06.561",-,company_metrics.txt,-,fileserver,40beb5eb909e171860ceee669da56e1d,10.10.10.30,02:42:0a:0a:0a:1e,jessie,debian,5.15.0-52-generic,Debian GNU/Linux,linux,8 (jessie),Oct 24 23:23:55 fileserver smbd_audit: sambacry|10.10.10.2|data|is_offline|fail (Operation not supported)|company_metrics.txt,data,fail (Operation not supported),Oct 24 23:23:55,sambacry
"Oct 24, 2022 @ 23:24:05.557",connect,fileserver,10.10.10.2,"Oct 24, 2022 @ 23:24:06.560",-,IPC$,-,fileserver,40beb5eb909e171860ceee669da56e1d,10.10.10.30,02:42:0a:0a:0a:1e,jessie,debian,5.15.0-52-generic,Debian GNU/Linux,linux,8 (jessie),Oct 24 23:23:55 fileserver smbd_audit: sambacry|10.10.10.2|IPC_|connect|ok|IPC$,IPC_,ok,Oct 24 23:23:55,sambacry
"Oct 24, 2022 @ 23:23:31.548",realpath,fileserver,10.10.10.3,"Oct 24, 2022 @ 23:23:32.553",-,/tmp,-,fileserver,40beb5eb909e171860ceee669da56e1d,10.10.10.30,02:42:0a:0a:0a:1e,jessie,debian,5.15.0-52-generic,Debian GNU/Linux,linux,8 (jessie),Oct 24 23:23:25 fileserver smbd_audit: sambacry|10.10.10.3|IPC_|realpath|ok|/tmp,IPC_,ok,Oct 24 23:23:25,sambacry
"Oct 24, 2022 @ 23:23:31.548",chdir,fileserver,10.10.10.3,"Oct 24, 2022 @ 23:23:32.553",/tmp,-,chdir,fileserver,40beb5eb909e171860ceee669da56e1d,10.10.10.30,02:42:0a:0a:0a:1e,jessie,debian,5.15.0-52-generic,Debian GNU/Linux,linux,8 (jessie),Oct 24 23:23:26 fileserver smbd_audit: sambacry|10.10.10.3|IPC_|chdir|ok|chdir|/tmp,IPC_,ok,Oct 24 23:23:26,sambacry
"Oct 24, 2022 @ 23:23:31.548",get_dfs_referrals,fileserver,10.10.10.3,"Oct 24, 2022 @ 23:23:32.553",-,(empty),-,fileserver,40beb5eb909e171860ceee669da56e1d,10.10.10.30,02:42:0a:0a:0a:1e,jessie,debian,5.15.0-52-generic,Debian GNU/Linux,linux,8 (jessie),Oct 24 23:23:26 fileserver smbd_audit: sambacry|10.10.10.3|IPC_|get_dfs_referrals|fail (Success)|,IPC_,fail (Success),Oct 24 23:23:26,sambacry
"Oct 24, 2022 @ 23:23:31.548",chdir,fileserver,10.10.10.3,"Oct 24, 2022 @ 23:23:32.553",/,-,chdir,fileserver,40beb5eb909e171860ceee669da56e1d,10.10.10.30,02:42:0a:0a:0a:1e,jessie,debian,5.15.0-52-generic,Debian GNU/Linux,linux,8 (jessie),Oct 24 23:23:26 fileserver smbd_audit: sambacry|10.10.10.3|IPC_|chdir|ok|chdir|/,IPC_,ok,Oct 24 23:23:26,sambacry
"Oct 24, 2022 @ 23:23:31.548",disconnect,fileserver,10.10.10.3,"Oct 24, 2022 @ 23:23:32.553",-,IPC$,-,fileserver,40beb5eb909e171860ceee669da56e1d,10.10.10.30,02:42:0a:0a:0a:1e,jessie,debian,5.15.0-52-generic,Debian GNU/Linux,linux,8 (jessie),Oct 24 23:23:26 fileserver smbd_audit: sambacry|10.10.10.3|IPC_|disconnect|ok|IPC$,IPC_,ok,Oct 24 23:23:26,sambacry
"Oct 24, 2022 @ 23:23:31.548",connect,fileserver,10.10.10.3,"Oct 24, 2022 @ 23:23:32.553",-,data,-,fileserver,40beb5eb909e171860ceee669da56e1d,10.10.10.30,02:42:0a:0a:0a:1e,jessie,debian,5.15.0-52-generic,Debian GNU/Linux,linux,8 (jessie),Oct 24 23:23:26 fileserver smbd_audit: sambacry|10.10.10.3|data|connect|ok|data,data,ok,Oct 24 23:23:26,sambacry
"Oct 24, 2022 @ 23:23:31.548",realpath,fileserver,10.10.10.3,"Oct 24, 2022 @ 23:23:32.553",-,/data,-,fileserver,40beb5eb909e171860ceee669da56e1d,10.10.10.30,02:42:0a:0a:0a:1e,jessie,debian,5.15.0-52-generic,Debian GNU/Linux,linux,8 (jessie),Oct 24 23:23:26 fileserver smbd_audit: sambacry|10.10.10.3|data|realpath|ok|/data,data,ok,Oct 24 23:23:26,sambacry
"Oct 24, 2022 @ 23:23:31.548",realpath,fileserver,10.10.10.3,"Oct 24, 2022 @ 23:23:32.553",-,/data,-,fileserver,40beb5eb909e171860ceee669da56e1d,10.10.10.30,02:42:0a:0a:0a:1e,jessie,debian,5.15.0-52-generic,Debian GNU/Linux,linux,8 (jessie),Oct 24 23:23:26 fileserver smbd_audit: sambacry|10.10.10.3|data|realpath|ok|/data,data,ok,Oct 24 23:23:26,sambacry
"Oct 24, 2022 @ 23:23:31.548",chdir,fileserver,10.10.10.3,"Oct 24, 2022 @ 23:23:32.553",/data,-,chdir,fileserver,40beb5eb909e171860ceee669da56e1d,10.10.10.30,02:42:0a:0a:0a:1e,jessie,debian,5.15.0-52-generic,Debian GNU/Linux,linux,8 (jessie),Oct 24 23:23:26 fileserver smbd_audit: sambacry|10.10.10.3|data|chdir|ok|chdir|/data,data,ok,Oct 24 23:23:26,sambacry
"Oct 24, 2022 @ 23:23:31.548",stat,fileserver,10.10.10.3,"Oct 24, 2022 @ 23:23:32.553",-,interesting_file.txt,-,fileserver,40beb5eb909e171860ceee669da56e1d,10.10.10.30,02:42:0a:0a:0a:1e,jessie,debian,5.15.0-52-generic,Debian GNU/Linux,linux,8 (jessie),Oct 24 23:23:26 fileserver smbd_audit: sambacry|10.10.10.3|data|stat|fail (No such file or directory)|interesting_file.txt,data,fail (No such file or directory),Oct 24 23:23:26,sambacry
"Oct 24, 2022 @ 23:23:31.548",stat,fileserver,10.10.10.3,"Oct 24, 2022 @ 23:23:32.553",-,interesting_file.txt,-,fileserver,40beb5eb909e171860ceee669da56e1d,10.10.10.30,02:42:0a:0a:0a:1e,jessie,debian,5.15.0-52-generic,Debian GNU/Linux,linux,8 (jessie),Oct 24 23:23:26 fileserver smbd_audit: sambacry|10.10.10.3|data|stat|fail (No such file or directory)|interesting_file.txt,data,fail (No such file or directory),Oct 24 23:23:26,sambacry
"Oct 24, 2022 @ 23:23:31.548",get_real_filename,fileserver,10.10.10.3,"Oct 24, 2022 @ 23:23:32.553",-,/interesting_file.txt->(null),-,fileserver,40beb5eb909e171860ceee669da56e1d,10.10.10.30,02:42:0a:0a:0a:1e,jessie,debian,5.15.0-52-generic,Debian GNU/Linux,linux,8 (jessie),Oct 24 23:23:26 fileserver smbd_audit: sambacry|10.10.10.3|data|get_real_filename|fail (Operation not supported)|/interesting_file.txt->(null),data,fail (Operation not supported),Oct 24 23:23:26,sambacry
"Oct 24, 2022 @ 23:23:31.548",realpath,fileserver,10.10.10.3,"Oct 24, 2022 @ 23:23:32.553",-,.,-,fileserver,40beb5eb909e171860ceee669da56e1d,10.10.10.30,02:42:0a:0a:0a:1e,jessie,debian,5.15.0-52-generic,Debian GNU/Linux,linux,8 (jessie),Oct 24 23:23:26 fileserver smbd_audit: sambacry|10.10.10.3|data|realpath|ok|.,data,ok,Oct 24 23:23:26,sambacry
"Oct 24, 2022 @ 23:23:31.548",opendir,fileserver,10.10.10.3,"Oct 24, 2022 @ 23:23:32.558",-,.,-,fileserver,40beb5eb909e171860ceee669da56e1d,10.10.10.30,02:42:0a:0a:0a:1e,jessie,debian,5.15.0-52-generic,Debian GNU/Linux,linux,8 (jessie),Oct 24 23:23:26 fileserver smbd_audit: sambacry|10.10.10.3|data|opendir|ok|.,data,ok,Oct 24 23:23:26,sambacry
"Oct 24, 2022 @ 23:23:31.548",translate_name,fileserver,10.10.10.3,"Oct 24, 2022 @ 23:23:32.558",-,(empty),-,fileserver,40beb5eb909e171860ceee669da56e1d,10.10.10.30,02:42:0a:0a:0a:1e,jessie,debian,5.15.0-52-generic,Debian GNU/Linux,linux,8 (jessie),Oct 24 23:23:26 fileserver smbd_audit: sambacry|10.10.10.3|data|translate_name|fail (Operation not supported)|,data,fail (Operation not supported),Oct 24 23:23:26,sambacry
"Oct 24, 2022 @ 23:23:31.548",translate_name,fileserver,10.10.10.3,"Oct 24, 2022 @ 23:23:32.558",-,(empty),-,fileserver,40beb5eb909e171860ceee669da56e1d,10.10.10.30,02:42:0a:0a:0a:1e,jessie,debian,5.15.0-52-generic,Debian GNU/Linux,linux,8 (jessie),Oct 24 23:23:26 fileserver smbd_audit: sambacry|10.10.10.3|data|translate_name|fail (Operation not supported)|,data,fail (Operation not supported),Oct 24 23:23:26,sambacry
"Oct 24, 2022 @ 23:23:31.548",translate_name,fileserver,10.10.10.3,"Oct 24, 2022 @ 23:23:32.558",-,(empty),-,fileserver,40beb5eb909e171860ceee669da56e1d,10.10.10.30,02:42:0a:0a:0a:1e,jessie,debian,5.15.0-52-generic,Debian GNU/Linux,linux,8 (jessie),Oct 24 23:23:26 fileserver smbd_audit: sambacry|10.10.10.3|data|translate_name|fail (Operation not supported)|,data,fail (Operation not supported),Oct 24 23:23:26,sambacry
"Oct 24, 2022 @ 23:23:31.548",closedir,fileserver,10.10.10.3,"Oct 24, 2022 @ 23:23:32.558",-,(empty),-,fileserver,40beb5eb909e171860ceee669da56e1d,10.10.10.30,02:42:0a:0a:0a:1e,jessie,debian,5.15.0-52-generic,Debian GNU/Linux,linux,8 (jessie),Oct 24 23:23:26 fileserver smbd_audit: sambacry|10.10.10.3|data|closedir|ok|,data,ok,Oct 24 23:23:26,sambacry
"Oct 24, 2022 @ 23:23:31.548",realpath,fileserver,10.10.10.3,"Oct 24, 2022 @ 23:23:32.558",-,interesting_file.txt,-,fileserver,40beb5eb909e171860ceee669da56e1d,10.10.10.30,02:42:0a:0a:0a:1e,jessie,debian,5.15.0-52-generic,Debian GNU/Linux,linux,8 (jessie),Oct 24 23:23:26 fileserver smbd_audit: sambacry|10.10.10.3|data|realpath|fail (No such file or directory)|interesting_file.txt,data,fail (No such file or directory),Oct 24 23:23:26,sambacry
"Oct 24, 2022 @ 23:23:31.548",realpath,fileserver,10.10.10.3,"Oct 24, 2022 @ 23:23:32.558",-,.,-,fileserver,40beb5eb909e171860ceee669da56e1d,10.10.10.30,02:42:0a:0a:0a:1e,jessie,debian,5.15.0-52-generic,Debian GNU/Linux,linux,8 (jessie),Oct 24 23:23:26 fileserver smbd_audit: sambacry|10.10.10.3|data|realpath|ok|.,data,ok,Oct 24 23:23:26,sambacry
"Oct 24, 2022 @ 23:23:31.548",file_id_create,fileserver,10.10.10.3,"Oct 24, 2022 @ 23:23:32.558",-,0:0:0,-,fileserver,40beb5eb909e171860ceee669da56e1d,10.10.10.30,02:42:0a:0a:0a:1e,jessie,debian,5.15.0-52-generic,Debian GNU/Linux,linux,8 (jessie),Oct 24 23:23:26 fileserver smbd_audit: sambacry|10.10.10.3|data|file_id_create|fail (No such file or directory)|0:0:0,data,fail (No such file or directory),Oct 24 23:23:26,sambacry
"Oct 24, 2022 @ 23:23:31.548",realpath,fileserver,10.10.10.3,"Oct 24, 2022 @ 23:23:32.559",-,interesting_file.txt,-,fileserver,40beb5eb909e171860ceee669da56e1d,10.10.10.30,02:42:0a:0a:0a:1e,jessie,debian,5.15.0-52-generic,Debian GNU/Linux,linux,8 (jessie),Oct 24 23:23:26 fileserver smbd_audit: sambacry|10.10.10.3|data|realpath|fail (No such file or directory)|interesting_file.txt,data,fail (No such file or directory),Oct 24 23:23:26,sambacry
"Oct 24, 2022 @ 23:23:31.548",realpath,fileserver,10.10.10.3,"Oct 24, 2022 @ 23:23:32.559",-,.,-,fileserver,40beb5eb909e171860ceee669da56e1d,10.10.10.30,02:42:0a:0a:0a:1e,jessie,debian,5.15.0-52-generic,Debian GNU/Linux,linux,8 (jessie),Oct 24 23:23:26 fileserver smbd_audit: sambacry|10.10.10.3|data|realpath|ok|.,data,ok,Oct 24 23:23:26,sambacry
"Oct 24, 2022 @ 23:23:31.548",open,fileserver,10.10.10.3,"Oct 24, 2022 @ 23:23:32.559",interesting_file.txt,-,w,fileserver,40beb5eb909e171860ceee669da56e1d,10.10.10.30,02:42:0a:0a:0a:1e,jessie,debian,5.15.0-52-generic,Debian GNU/Linux,linux,8 (jessie),Oct 24 23:23:26 fileserver smbd_audit: sambacry|10.10.10.3|data|open|ok|w|interesting_file.txt,data,ok,Oct 24 23:23:26,sambacry
"Oct 24, 2022 @ 23:23:31.548",fchmod_acl,fileserver,10.10.10.3,"Oct 24, 2022 @ 23:23:32.559",744,-,interesting_file.txt,fileserver,40beb5eb909e171860ceee669da56e1d,10.10.10.30,02:42:0a:0a:0a:1e,jessie,debian,5.15.0-52-generic,Debian GNU/Linux,linux,8 (jessie),Oct 24 23:23:26 fileserver smbd_audit: sambacry|10.10.10.3|data|fchmod_acl|fail (No data available)|interesting_file.txt|744,data,fail (No data available),Oct 24 23:23:26,sambacry
"Oct 24, 2022 @ 23:23:31.548",get_dos_attributes,fileserver,10.10.10.3,"Oct 24, 2022 @ 23:23:32.559",-,interesting_file.txt,-,fileserver,40beb5eb909e171860ceee669da56e1d,10.10.10.30,02:42:0a:0a:0a:1e,jessie,debian,5.15.0-52-generic,Debian GNU/Linux,linux,8 (jessie),Oct 24 23:23:26 fileserver smbd_audit: sambacry|10.10.10.3|data|get_dos_attributes|fail (No data available)|interesting_file.txt,data,fail (No data available),Oct 24 23:23:26,sambacry
"Oct 24, 2022 @ 23:23:31.548",is_offline,fileserver,10.10.10.3,"Oct 24, 2022 @ 23:23:32.559",-,interesting_file.txt,-,fileserver,40beb5eb909e171860ceee669da56e1d,10.10.10.30,02:42:0a:0a:0a:1e,jessie,debian,5.15.0-52-generic,Debian GNU/Linux,linux,8 (jessie),Oct 24 23:23:26 fileserver smbd_audit: sambacry|10.10.10.3|data|is_offline|fail (Operation not supported)|interesting_file.txt,data,fail (Operation not supported),Oct 24 23:23:26,sambacry
"Oct 24, 2022 @ 23:23:31.548",aio_force,fileserver,10.10.10.3,"Oct 24, 2022 @ 23:23:32.559",-,interesting_file.txt,-,fileserver,40beb5eb909e171860ceee669da56e1d,10.10.10.30,02:42:0a:0a:0a:1e,jessie,debian,5.15.0-52-generic,Debian GNU/Linux,linux,8 (jessie),Oct 24 23:23:26 fileserver smbd_audit: sambacry|10.10.10.3|data|aio_force|fail (Success)|interesting_file.txt,data,fail (Success),Oct 24 23:23:26,sambacry
"Oct 24, 2022 @ 23:23:31.548",get_dos_attributes,fileserver,10.10.10.3,"Oct 24, 2022 @ 23:23:32.559",-,interesting_file.txt,-,fileserver,40beb5eb909e171860ceee669da56e1d,10.10.10.30,02:42:0a:0a:0a:1e,jessie,debian,5.15.0-52-generic,Debian GNU/Linux,linux,8 (jessie),Oct 24 23:23:26 fileserver smbd_audit: sambacry|10.10.10.3|data|get_dos_attributes|fail (Success)|interesting_file.txt,data,fail (Success),Oct 24 23:23:26,sambacry
"Oct 24, 2022 @ 23:23:31.548",is_offline,fileserver,10.10.10.3,"Oct 24, 2022 @ 23:23:32.559",-,interesting_file.txt,-,fileserver,40beb5eb909e171860ceee669da56e1d,10.10.10.30,02:42:0a:0a:0a:1e,jessie,debian,5.15.0-52-generic,Debian GNU/Linux,linux,8 (jessie),Oct 24 23:23:26 fileserver smbd_audit: sambacry|10.10.10.3|data|is_offline|fail (Operation not supported)|interesting_file.txt,data,fail (Operation not supported),Oct 24 23:23:26,sambacry
"Oct 24, 2022 @ 23:23:31.548",pwrite,fileserver,10.10.10.3,"Oct 24, 2022 @ 23:23:32.559",-,interesting_file.txt,-,fileserver,40beb5eb909e171860ceee669da56e1d,10.10.10.30,02:42:0a:0a:0a:1e,jessie,debian,5.15.0-52-generic,Debian GNU/Linux,linux,8 (jessie),Oct 24 23:23:26 fileserver smbd_audit: sambacry|10.10.10.3|data|pwrite|ok|interesting_file.txt,data,ok,Oct 24 23:23:26,sambacry
"Oct 24, 2022 @ 23:23:31.548",close,fileserver,10.10.10.3,"Oct 24, 2022 @ 23:23:32.559",-,interesting_file.txt,-,fileserver,40beb5eb909e171860ceee669da56e1d,10.10.10.30,02:42:0a:0a:0a:1e,jessie,debian,5.15.0-52-generic,Debian GNU/Linux,linux,8 (jessie),Oct 24 23:23:26 fileserver smbd_audit: sambacry|10.10.10.3|data|close|ok|interesting_file.txt,data,ok,Oct 24 23:23:26,sambacry
"Oct 24, 2022 @ 23:23:31.548",chdir,fileserver,10.10.10.3,"Oct 24, 2022 @ 23:23:32.559",/,-,chdir,fileserver,40beb5eb909e171860ceee669da56e1d,10.10.10.30,02:42:0a:0a:0a:1e,jessie,debian,5.15.0-52-generic,Debian GNU/Linux,linux,8 (jessie),Oct 24 23:23:26 fileserver smbd_audit: sambacry|10.10.10.3|data|chdir|ok|chdir|/,data,ok,Oct 24 23:23:26,sambacry
"Oct 24, 2022 @ 23:23:31.548",disconnect,fileserver,10.10.10.3,"Oct 24, 2022 @ 23:23:32.559",-,data,-,fileserver,40beb5eb909e171860ceee669da56e1d,10.10.10.30,02:42:0a:0a:0a:1e,jessie,debian,5.15.0-52-generic,Debian GNU/Linux,linux,8 (jessie),Oct 24 23:23:26 fileserver smbd_audit: sambacry|10.10.10.3|data|disconnect|ok|data,data,ok,Oct 24 23:23:26,sambacry
"Oct 24, 2022 @ 23:23:31.547",connect,fileserver,10.10.10.2,"Oct 24, 2022 @ 23:23:32.552",-,IPC$,-,fileserver,40beb5eb909e171860ceee669da56e1d,10.10.10.30,02:42:0a:0a:0a:1e,jessie,debian,5.15.0-52-generic,Debian GNU/Linux,linux,8 (jessie),Oct 24 23:23:25 fileserver smbd_audit: sambacry|10.10.10.2|IPC_|connect|ok|IPC$,IPC_,ok,Oct 24 23:23:25,sambacry
"Oct 24, 2022 @ 23:23:31.547",realpath,fileserver,10.10.10.2,"Oct 24, 2022 @ 23:23:32.552",-,/tmp,-,fileserver,40beb5eb909e171860ceee669da56e1d,10.10.10.30,02:42:0a:0a:0a:1e,jessie,debian,5.15.0-52-generic,Debian GNU/Linux,linux,8 (jessie),Oct 24 23:23:25 fileserver smbd_audit: sambacry|10.10.10.2|IPC_|realpath|ok|/tmp,IPC_,ok,Oct 24 23:23:25,sambacry
"Oct 24, 2022 @ 23:23:31.547",realpath,fileserver,10.10.10.2,"Oct 24, 2022 @ 23:23:32.552",-,/tmp,-,fileserver,40beb5eb909e171860ceee669da56e1d,10.10.10.30,02:42:0a:0a:0a:1e,jessie,debian,5.15.0-52-generic,Debian GNU/Linux,linux,8 (jessie),Oct 24 23:23:25 fileserver smbd_audit: sambacry|10.10.10.2|IPC_|realpath|ok|/tmp,IPC_,ok,Oct 24 23:23:25,sambacry
"Oct 24, 2022 @ 23:23:31.547",chdir,fileserver,10.10.10.2,"Oct 24, 2022 @ 23:23:32.552",/tmp,-,chdir,fileserver,40beb5eb909e171860ceee669da56e1d,10.10.10.30,02:42:0a:0a:0a:1e,jessie,debian,5.15.0-52-generic,Debian GNU/Linux,linux,8 (jessie),Oct 24 23:23:25 fileserver smbd_audit: sambacry|10.10.10.2|IPC_|chdir|ok|chdir|/tmp,IPC_,ok,Oct 24 23:23:25,sambacry
"Oct 24, 2022 @ 23:23:31.547",get_dfs_referrals,fileserver,10.10.10.2,"Oct 24, 2022 @ 23:23:32.552",-,(empty),-,fileserver,40beb5eb909e171860ceee669da56e1d,10.10.10.30,02:42:0a:0a:0a:1e,jessie,debian,5.15.0-52-generic,Debian GNU/Linux,linux,8 (jessie),Oct 24 23:23:25 fileserver smbd_audit: sambacry|10.10.10.2|IPC_|get_dfs_referrals|fail (Success)|,IPC_,fail (Success),Oct 24 23:23:25,sambacry
"Oct 24, 2022 @ 23:23:31.547",chdir,fileserver,10.10.10.2,"Oct 24, 2022 @ 23:23:32.552",/,-,chdir,fileserver,40beb5eb909e171860ceee669da56e1d,10.10.10.30,02:42:0a:0a:0a:1e,jessie,debian,5.15.0-52-generic,Debian GNU/Linux,linux,8 (jessie),Oct 24 23:23:25 fileserver smbd_audit: sambacry|10.10.10.2|IPC_|chdir|ok|chdir|/,IPC_,ok,Oct 24 23:23:25,sambacry
"Oct 24, 2022 @ 23:23:31.547",disconnect,fileserver,10.10.10.2,"Oct 24, 2022 @ 23:23:32.552",-,IPC$,-,fileserver,40beb5eb909e171860ceee669da56e1d,10.10.10.30,02:42:0a:0a:0a:1e,jessie,debian,5.15.0-52-generic,Debian GNU/Linux,linux,8 (jessie),Oct 24 23:23:25 fileserver smbd_audit: sambacry|10.10.10.2|IPC_|disconnect|ok|IPC$,IPC_,ok,Oct 24 23:23:25,sambacry
"Oct 24, 2022 @ 23:23:31.547",connect,fileserver,10.10.10.2,"Oct 24, 2022 @ 23:23:32.552",-,data,-,fileserver,40beb5eb909e171860ceee669da56e1d,10.10.10.30,02:42:0a:0a:0a:1e,jessie,debian,5.15.0-52-generic,Debian GNU/Linux,linux,8 (jessie),Oct 24 23:23:25 fileserver smbd_audit: sambacry|10.10.10.2|data|connect|ok|data,data,ok,Oct 24 23:23:25,sambacry
"Oct 24, 2022 @ 23:23:31.547",realpath,fileserver,10.10.10.2,"Oct 24, 2022 @ 23:23:32.553",-,/data,-,fileserver,40beb5eb909e171860ceee669da56e1d,10.10.10.30,02:42:0a:0a:0a:1e,jessie,debian,5.15.0-52-generic,Debian GNU/Linux,linux,8 (jessie),Oct 24 23:23:25 fileserver smbd_audit: sambacry|10.10.10.2|data|realpath|ok|/data,data,ok,Oct 24 23:23:25,sambacry
"Oct 24, 2022 @ 23:23:31.547",realpath,fileserver,10.10.10.2,"Oct 24, 2022 @ 23:23:32.553",-,/data,-,fileserver,40beb5eb909e171860ceee669da56e1d,10.10.10.30,02:42:0a:0a:0a:1e,jessie,debian,5.15.0-52-generic,Debian GNU/Linux,linux,8 (jessie),Oct 24 23:23:25 fileserver smbd_audit: sambacry|10.10.10.2|data|realpath|ok|/data,data,ok,Oct 24 23:23:25,sambacry
"Oct 24, 2022 @ 23:23:31.547",chdir,fileserver,10.10.10.2,"Oct 24, 2022 @ 23:23:32.553",/data,-,chdir,fileserver,40beb5eb909e171860ceee669da56e1d,10.10.10.30,02:42:0a:0a:0a:1e,jessie,debian,5.15.0-52-generic,Debian GNU/Linux,linux,8 (jessie),Oct 24 23:23:25 fileserver smbd_audit: sambacry|10.10.10.2|data|chdir|ok|chdir|/data,data,ok,Oct 24 23:23:25,sambacry
"Oct 24, 2022 @ 23:23:31.547",stat,fileserver,10.10.10.2,"Oct 24, 2022 @ 23:23:32.553",-,company_metrics.txt,-,fileserver,40beb5eb909e171860ceee669da56e1d,10.10.10.30,02:42:0a:0a:0a:1e,jessie,debian,5.15.0-52-generic,Debian GNU/Linux,linux,8 (jessie),Oct 24 23:23:25 fileserver smbd_audit: sambacry|10.10.10.2|data|stat|fail (No such file or directory)|company_metrics.txt,data,fail (No such file or directory),Oct 24 23:23:25,sambacry
"Oct 24, 2022 @ 23:23:31.547",stat,fileserver,10.10.10.2,"Oct 24, 2022 @ 23:23:32.553",-,company_metrics.txt,-,fileserver,40beb5eb909e171860ceee669da56e1d,10.10.10.30,02:42:0a:0a:0a:1e,jessie,debian,5.15.0-52-generic,Debian GNU/Linux,linux,8 (jessie),Oct 24 23:23:25 fileserver smbd_audit: sambacry|10.10.10.2|data|stat|fail (No such file or directory)|company_metrics.txt,data,fail (No such file or directory),Oct 24 23:23:25,sambacry
"Oct 24, 2022 @ 23:23:31.547",get_real_filename,fileserver,10.10.10.2,"Oct 24, 2022 @ 23:23:32.553",-,/company_metrics.txt->(null),-,fileserver,40beb5eb909e171860ceee669da56e1d,10.10.10.30,02:42:0a:0a:0a:1e,jessie,debian,5.15.0-52-generic,Debian GNU/Linux,linux,8 (jessie),Oct 24 23:23:25 fileserver smbd_audit: sambacry|10.10.10.2|data|get_real_filename|fail (Operation not supported)|/company_metrics.txt->(null),data,fail (Operation not supported),Oct 24 23:23:25,sambacry
"Oct 24, 2022 @ 23:23:31.547",realpath,fileserver,10.10.10.2,"Oct 24, 2022 @ 23:23:32.553",-,.,-,fileserver,40beb5eb909e171860ceee669da56e1d,10.10.10.30,02:42:0a:0a:0a:1e,jessie,debian,5.15.0-52-generic,Debian GNU/Linux,linux,8 (jessie),Oct 24 23:23:25 fileserver smbd_audit: sambacry|10.10.10.2|data|realpath|ok|.,data,ok,Oct 24 23:23:25,sambacry
"Oct 24, 2022 @ 23:23:31.547",opendir,fileserver,10.10.10.2,"Oct 24, 2022 @ 23:23:32.553",-,.,-,fileserver,40beb5eb909e171860ceee669da56e1d,10.10.10.30,02:42:0a:0a:0a:1e,jessie,debian,5.15.0-52-generic,Debian GNU/Linux,linux,8 (jessie),Oct 24 23:23:25 fileserver smbd_audit: sambacry|10.10.10.2|data|opendir|ok|.,data,ok,Oct 24 23:23:25,sambacry
"Oct 24, 2022 @ 23:23:31.547",translate_name,fileserver,10.10.10.2,"Oct 24, 2022 @ 23:23:32.553",-,(empty),-,fileserver,40beb5eb909e171860ceee669da56e1d,10.10.10.30,02:42:0a:0a:0a:1e,jessie,debian,5.15.0-52-generic,Debian GNU/Linux,linux,8 (jessie),Oct 24 23:23:25 fileserver smbd_audit: sambacry|10.10.10.2|data|translate_name|fail (Operation not supported)|,data,fail (Operation not supported),Oct 24 23:23:25,sambacry
"Oct 24, 2022 @ 23:23:31.547",translate_name,fileserver,10.10.10.2,"Oct 24, 2022 @ 23:23:32.553",-,(empty),-,fileserver,40beb5eb909e171860ceee669da56e1d,10.10.10.30,02:42:0a:0a:0a:1e,jessie,debian,5.15.0-52-generic,Debian GNU/Linux,linux,8 (jessie),Oct 24 23:23:25 fileserver smbd_audit: sambacry|10.10.10.2|data|translate_name|fail (Operation not supported)|,data,fail (Operation not supported),Oct 24 23:23:25,sambacry
"Oct 24, 2022 @ 23:23:31.547",closedir,fileserver,10.10.10.2,"Oct 24, 2022 @ 23:23:32.553",-,(empty),-,fileserver,40beb5eb909e171860ceee669da56e1d,10.10.10.30,02:42:0a:0a:0a:1e,jessie,debian,5.15.0-52-generic,Debian GNU/Linux,linux,8 (jessie),Oct 24 23:23:25 fileserver smbd_audit: sambacry|10.10.10.2|data|closedir|ok|,data,ok,Oct 24 23:23:25,sambacry
"Oct 24, 2022 @ 23:23:31.547",realpath,fileserver,10.10.10.2,"Oct 24, 2022 @ 23:23:32.553",-,company_metrics.txt,-,fileserver,40beb5eb909e171860ceee669da56e1d,10.10.10.30,02:42:0a:0a:0a:1e,jessie,debian,5.15.0-52-generic,Debian GNU/Linux,linux,8 (jessie),Oct 24 23:23:25 fileserver smbd_audit: sambacry|10.10.10.2|data|realpath|fail (No such file or directory)|company_metrics.txt,data,fail (No such file or directory),Oct 24 23:23:25,sambacry
"Oct 24, 2022 @ 23:23:31.547",realpath,fileserver,10.10.10.2,"Oct 24, 2022 @ 23:23:32.553",-,.,-,fileserver,40beb5eb909e171860ceee669da56e1d,10.10.10.30,02:42:0a:0a:0a:1e,jessie,debian,5.15.0-52-generic,Debian GNU/Linux,linux,8 (jessie),Oct 24 23:23:25 fileserver smbd_audit: sambacry|10.10.10.2|data|realpath|ok|.,data,ok,Oct 24 23:23:25,sambacry
"Oct 24, 2022 @ 23:23:31.547",file_id_create,fileserver,10.10.10.2,"Oct 24, 2022 @ 23:23:32.553",-,0:0:0,-,fileserver,40beb5eb909e171860ceee669da56e1d,10.10.10.30,02:42:0a:0a:0a:1e,jessie,debian,5.15.0-52-generic,Debian GNU/Linux,linux,8 (jessie),Oct 24 23:23:25 fileserver smbd_audit: sambacry|10.10.10.2|data|file_id_create|fail (No such file or directory)|0:0:0,data,fail (No such file or directory),Oct 24 23:23:25,sambacry
"Oct 24, 2022 @ 23:23:31.547",realpath,fileserver,10.10.10.2,"Oct 24, 2022 @ 23:23:32.553",-,company_metrics.txt,-,fileserver,40beb5eb909e171860ceee669da56e1d,10.10.10.30,02:42:0a:0a:0a:1e,jessie,debian,5.15.0-52-generic,Debian GNU/Linux,linux,8 (jessie),Oct 24 23:23:25 fileserver smbd_audit: sambacry|10.10.10.2|data|realpath|fail (No such file or directory)|company_metrics.txt,data,fail (No such file or directory),Oct 24 23:23:25,sambacry
"Oct 24, 2022 @ 23:23:31.547",realpath,fileserver,10.10.10.2,"Oct 24, 2022 @ 23:23:32.553",-,.,-,fileserver,40beb5eb909e171860ceee669da56e1d,10.10.10.30,02:42:0a:0a:0a:1e,jessie,debian,5.15.0-52-generic,Debian GNU/Linux,linux,8 (jessie),Oct 24 23:23:25 fileserver smbd_audit: sambacry|10.10.10.2|data|realpath|ok|.,data,ok,Oct 24 23:23:25,sambacry
"Oct 24, 2022 @ 23:23:31.547",open,fileserver,10.10.10.2,"Oct 24, 2022 @ 23:23:32.553",company_metrics.txt,-,w,fileserver,40beb5eb909e171860ceee669da56e1d,10.10.10.30,02:42:0a:0a:0a:1e,jessie,debian,5.15.0-52-generic,Debian GNU/Linux,linux,8 (jessie),Oct 24 23:23:25 fileserver smbd_audit: sambacry|10.10.10.2|data|open|ok|w|company_metrics.txt,data,ok,Oct 24 23:23:25,sambacry
"Oct 24, 2022 @ 23:23:31.547",fchmod_acl,fileserver,10.10.10.2,"Oct 24, 2022 @ 23:23:32.553",744,-,company_metrics.txt,fileserver,40beb5eb909e171860ceee669da56e1d,10.10.10.30,02:42:0a:0a:0a:1e,jessie,debian,5.15.0-52-generic,Debian GNU/Linux,linux,8 (jessie),Oct 24 23:23:25 fileserver smbd_audit: sambacry|10.10.10.2|data|fchmod_acl|fail (No data available)|company_metrics.txt|744,data,fail (No data available),Oct 24 23:23:25,sambacry
"Oct 24, 2022 @ 23:23:31.547",get_dos_attributes,fileserver,10.10.10.2,"Oct 24, 2022 @ 23:23:32.553",-,company_metrics.txt,-,fileserver,40beb5eb909e171860ceee669da56e1d,10.10.10.30,02:42:0a:0a:0a:1e,jessie,debian,5.15.0-52-generic,Debian GNU/Linux,linux,8 (jessie),Oct 24 23:23:25 fileserver smbd_audit: sambacry|10.10.10.2|data|get_dos_attributes|fail (No data available)|company_metrics.txt,data,fail (No data available),Oct 24 23:23:25,sambacry
"Oct 24, 2022 @ 23:23:31.547",is_offline,fileserver,10.10.10.2,"Oct 24, 2022 @ 23:23:32.553",-,company_metrics.txt,-,fileserver,40beb5eb909e171860ceee669da56e1d,10.10.10.30,02:42:0a:0a:0a:1e,jessie,debian,5.15.0-52-generic,Debian GNU/Linux,linux,8 (jessie),Oct 24 23:23:25 fileserver smbd_audit: sambacry|10.10.10.2|data|is_offline|fail (Operation not supported)|company_metrics.txt,data,fail (Operation not supported),Oct 24 23:23:25,sambacry
"Oct 24, 2022 @ 23:23:31.547",aio_force,fileserver,10.10.10.2,"Oct 24, 2022 @ 23:23:32.553",-,company_metrics.txt,-,fileserver,40beb5eb909e171860ceee669da56e1d,10.10.10.30,02:42:0a:0a:0a:1e,jessie,debian,5.15.0-52-generic,Debian GNU/Linux,linux,8 (jessie),Oct 24 23:23:25 fileserver smbd_audit: sambacry|10.10.10.2|data|aio_force|fail (Success)|company_metrics.txt,data,fail (Success),Oct 24 23:23:25,sambacry
"Oct 24, 2022 @ 23:23:31.547",get_dos_attributes,fileserver,10.10.10.2,"Oct 24, 2022 @ 23:23:32.553",-,company_metrics.txt,-,fileserver,40beb5eb909e171860ceee669da56e1d,10.10.10.30,02:42:0a:0a:0a:1e,jessie,debian,5.15.0-52-generic,Debian GNU/Linux,linux,8 (jessie),Oct 24 23:23:25 fileserver smbd_audit: sambacry|10.10.10.2|data|get_dos_attributes|fail (Success)|company_metrics.txt,data,fail (Success),Oct 24 23:23:25,sambacry
"Oct 24, 2022 @ 23:23:31.547",is_offline,fileserver,10.10.10.2,"Oct 24, 2022 @ 23:23:32.553",-,company_metrics.txt,-,fileserver,40beb5eb909e171860ceee669da56e1d,10.10.10.30,02:42:0a:0a:0a:1e,jessie,debian,5.15.0-52-generic,Debian GNU/Linux,linux,8 (jessie),Oct 24 23:23:25 fileserver smbd_audit: sambacry|10.10.10.2|data|is_offline|fail (Operation not supported)|company_metrics.txt,data,fail (Operation not supported),Oct 24 23:23:25,sambacry
"Oct 24, 2022 @ 23:23:31.547",pwrite,fileserver,10.10.10.2,"Oct 24, 2022 @ 23:23:32.553",-,company_metrics.txt,-,fileserver,40beb5eb909e171860ceee669da56e1d,10.10.10.30,02:42:0a:0a:0a:1e,jessie,debian,5.15.0-52-generic,Debian GNU/Linux,linux,8 (jessie),Oct 24 23:23:25 fileserver smbd_audit: sambacry|10.10.10.2|data|pwrite|ok|company_metrics.txt,data,ok,Oct 24 23:23:25,sambacry
"Oct 24, 2022 @ 23:23:31.547",close,fileserver,10.10.10.2,"Oct 24, 2022 @ 23:23:32.553",-,company_metrics.txt,-,fileserver,40beb5eb909e171860ceee669da56e1d,10.10.10.30,02:42:0a:0a:0a:1e,jessie,debian,5.15.0-52-generic,Debian GNU/Linux,linux,8 (jessie),Oct 24 23:23:25 fileserver smbd_audit: sambacry|10.10.10.2|data|close|ok|company_metrics.txt,data,ok,Oct 24 23:23:25,sambacry
"Oct 24, 2022 @ 23:23:31.547",chdir,fileserver,10.10.10.2,"Oct 24, 2022 @ 23:23:32.553",/,-,chdir,fileserver,40beb5eb909e171860ceee669da56e1d,10.10.10.30,02:42:0a:0a:0a:1e,jessie,debian,5.15.0-52-generic,Debian GNU/Linux,linux,8 (jessie),Oct 24 23:23:25 fileserver smbd_audit: sambacry|10.10.10.2|data|chdir|ok|chdir|/,data,ok,Oct 24 23:23:25,sambacry
"Oct 24, 2022 @ 23:23:31.547",disconnect,fileserver,10.10.10.2,"Oct 24, 2022 @ 23:23:32.553",-,data,-,fileserver,40beb5eb909e171860ceee669da56e1d,10.10.10.30,02:42:0a:0a:0a:1e,jessie,debian,5.15.0-52-generic,Debian GNU/Linux,linux,8 (jessie),Oct 24 23:23:25 fileserver smbd_audit: sambacry|10.10.10.2|data|disconnect|ok|data,data,ok,Oct 24 23:23:25,sambacry
"Oct 24, 2022 @ 23:23:31.547",connect,fileserver,10.10.10.3,"Oct 24, 2022 @ 23:23:32.553",-,IPC$,-,fileserver,40beb5eb909e171860ceee669da56e1d,10.10.10.30,02:42:0a:0a:0a:1e,jessie,debian,5.15.0-52-generic,Debian GNU/Linux,linux,8 (jessie),Oct 24 23:23:25 fileserver smbd_audit: sambacry|10.10.10.3|IPC_|connect|ok|IPC$,IPC_,ok,Oct 24 23:23:25,sambacry
"Oct 24, 2022 @ 23:23:31.547",realpath,fileserver,10.10.10.3,"Oct 24, 2022 @ 23:23:32.553",-,/tmp,-,fileserver,40beb5eb909e171860ceee669da56e1d,10.10.10.30,02:42:0a:0a:0a:1e,jessie,debian,5.15.0-52-generic,Debian GNU/Linux,linux,8 (jessie),Oct 24 23:23:25 fileserver smbd_audit: sambacry|10.10.10.3|IPC_|realpath|ok|/tmp,IPC_,ok,Oct 24 23:23:25,sambacry
